<?xml version="1.0"?>
<gpx xmlns="http://www.topografix.com/GPX/1/1" xmlns:xsi="http://www.w3.org/2001/XMLSchema-instance" version="1.1" creator="AllTrails.com" xsi:schemaLocation="http://www.topografix.com/GPX/1/1 http://www.topografix.com/GPX/1/1/gpx.xsd">
  <metadata>
    <name><![CDATA[Mount Mack, Mount Klem and Mount Rand Loop]]></name>
    <desc><![CDATA[]]></desc>
    <link href="http://www.alltrails.com">
      <text>AllTrails, LLC</text>
    </link>
    <bounds minlat="43.49035" minlon="-71.33449" maxlat="43.51415" maxlon="-71.29909"/>
  </metadata>
  <trk>
    <name><![CDATA[Mount Mack, Mount Klem and Mount Rand Loop]]></name>
    <src>AllTrails</src>
    <trkseg>
      <trkpt lat="43.49056" lon="-71.29938">
        <ele>294.0</ele>
      </trkpt>
      <trkpt lat="43.49041" lon="-71.29921">
        <ele>294.0</ele>
      </trkpt>
      <trkpt lat="43.49043" lon="-71.29928">
        <ele>294.0</ele>
      </trkpt>
      <trkpt lat="43.49039" lon="-71.29914">
        <ele>294.06</ele>
      </trkpt>
      <trkpt lat="43.49035" lon="-71.29909">
        <ele>294.0</ele>
      </trkpt>
      <trkpt lat="43.49037" lon="-71.29911">
        <ele>294.0</ele>
      </trkpt>
      <trkpt lat="43.49038" lon="-71.29913">
        <ele>294.04</ele>
      </trkpt>
      <trkpt lat="43.49042" lon="-71.29917">
        <ele>294.0</ele>
      </trkpt>
      <trkpt lat="43.49045" lon="-71.29921">
        <ele>294.0</ele>
      </trkpt>
      <trkpt lat="43.49046" lon="-71.29922">
        <ele>294.0</ele>
      </trkpt>
      <trkpt lat="43.4905" lon="-71.29927">
        <ele>294.0</ele>
      </trkpt>
      <trkpt lat="43.49053" lon="-71.2993">
        <ele>294.0</ele>
      </trkpt>
      <trkpt lat="43.49054" lon="-71.29928">
        <ele>294.0</ele>
      </trkpt>
      <trkpt lat="43.49057" lon="-71.29931">
        <ele>294.0</ele>
      </trkpt>
      <trkpt lat="43.49053" lon="-71.29935">
        <ele>294.0</ele>
      </trkpt>
      <trkpt lat="43.49052" lon="-71.29941">
        <ele>294.0</ele>
      </trkpt>
      <trkpt lat="43.49052" lon="-71.29948">
        <ele>294.0</ele>
      </trkpt>
      <trkpt lat="43.49051" lon="-71.29954">
        <ele>294.0</ele>
      </trkpt>
      <trkpt lat="43.49051" lon="-71.2996">
        <ele>294.0</ele>
      </trkpt>
      <trkpt lat="43.4905" lon="-71.29968">
        <ele>294.0</ele>
      </trkpt>
      <trkpt lat="43.49049" lon="-71.29975">
        <ele>293.7</ele>
      </trkpt>
      <trkpt lat="43.49051" lon="-71.29982">
        <ele>293.0</ele>
      </trkpt>
      <trkpt lat="43.49053" lon="-71.29989">
        <ele>293.0</ele>
      </trkpt>
      <trkpt lat="43.49056" lon="-71.29995">
        <ele>293.0</ele>
      </trkpt>
      <trkpt lat="43.49059" lon="-71.30001">
        <ele>293.0</ele>
      </trkpt>
      <trkpt lat="43.49063" lon="-71.30005">
        <ele>293.0</ele>
      </trkpt>
      <trkpt lat="43.49066" lon="-71.30012">
        <ele>292.7</ele>
      </trkpt>
      <trkpt lat="43.49067" lon="-71.30019">
        <ele>292.0</ele>
      </trkpt>
      <trkpt lat="43.49068" lon="-71.30026">
        <ele>292.0</ele>
      </trkpt>
      <trkpt lat="43.4907" lon="-71.30032">
        <ele>291.74</ele>
      </trkpt>
      <trkpt lat="43.49071" lon="-71.30038">
        <ele>291.3</ele>
      </trkpt>
      <trkpt lat="43.49073" lon="-71.30044">
        <ele>291.03</ele>
      </trkpt>
      <trkpt lat="43.49075" lon="-71.3005">
        <ele>291.0</ele>
      </trkpt>
      <trkpt lat="43.49075" lon="-71.30058">
        <ele>290.74</ele>
      </trkpt>
      <trkpt lat="43.49075" lon="-71.30065">
        <ele>290.0</ele>
      </trkpt>
      <trkpt lat="43.49077" lon="-71.30072">
        <ele>290.0</ele>
      </trkpt>
      <trkpt lat="43.49079" lon="-71.30077">
        <ele>289.68</ele>
      </trkpt>
      <trkpt lat="43.49081" lon="-71.30083">
        <ele>289.04</ele>
      </trkpt>
      <trkpt lat="43.4908" lon="-71.3009">
        <ele>289.0</ele>
      </trkpt>
      <trkpt lat="43.49081" lon="-71.30097">
        <ele>288.52</ele>
      </trkpt>
      <trkpt lat="43.49084" lon="-71.30103">
        <ele>288.0</ele>
      </trkpt>
      <trkpt lat="43.49087" lon="-71.30107">
        <ele>288.0</ele>
      </trkpt>
      <trkpt lat="43.4909" lon="-71.30113">
        <ele>288.0</ele>
      </trkpt>
      <trkpt lat="43.49092" lon="-71.30119">
        <ele>288.0</ele>
      </trkpt>
      <trkpt lat="43.49095" lon="-71.30125">
        <ele>287.5</ele>
      </trkpt>
      <trkpt lat="43.49098" lon="-71.30129">
        <ele>287.07</ele>
      </trkpt>
      <trkpt lat="43.49101" lon="-71.30136">
        <ele>287.0</ele>
      </trkpt>
      <trkpt lat="43.49106" lon="-71.30141">
        <ele>286.77</ele>
      </trkpt>
      <trkpt lat="43.49109" lon="-71.30147">
        <ele>286.12</ele>
      </trkpt>
      <trkpt lat="43.49113" lon="-71.30152">
        <ele>285.58</ele>
      </trkpt>
      <trkpt lat="43.49117" lon="-71.30158">
        <ele>284.94</ele>
      </trkpt>
      <trkpt lat="43.4912" lon="-71.30163">
        <ele>284.4</ele>
      </trkpt>
      <trkpt lat="43.49123" lon="-71.30169">
        <ele>283.93</ele>
      </trkpt>
      <trkpt lat="43.49127" lon="-71.30173">
        <ele>283.51</ele>
      </trkpt>
      <trkpt lat="43.4913" lon="-71.30177">
        <ele>283.0</ele>
      </trkpt>
      <trkpt lat="43.49134" lon="-71.30181">
        <ele>282.74</ele>
      </trkpt>
      <trkpt lat="43.49136" lon="-71.30187">
        <ele>282.25</ele>
      </trkpt>
      <trkpt lat="43.49139" lon="-71.30193">
        <ele>281.99</ele>
      </trkpt>
      <trkpt lat="43.49141" lon="-71.302">
        <ele>281.31</ele>
      </trkpt>
      <trkpt lat="43.49144" lon="-71.30207">
        <ele>280.64</ele>
      </trkpt>
      <trkpt lat="43.49146" lon="-71.30215">
        <ele>279.78</ele>
      </trkpt>
      <trkpt lat="43.49148" lon="-71.30222">
        <ele>279.02</ele>
      </trkpt>
      <trkpt lat="43.49152" lon="-71.30228">
        <ele>277.6</ele>
      </trkpt>
      <trkpt lat="43.49155" lon="-71.30233">
        <ele>276.84</ele>
      </trkpt>
      <trkpt lat="43.49156" lon="-71.3024">
        <ele>276.08</ele>
      </trkpt>
      <trkpt lat="43.49158" lon="-71.30246">
        <ele>274.84</ele>
      </trkpt>
      <trkpt lat="43.49157" lon="-71.30253">
        <ele>273.71</ele>
      </trkpt>
      <trkpt lat="43.49158" lon="-71.3026">
        <ele>272.78</ele>
      </trkpt>
      <trkpt lat="43.49161" lon="-71.30265">
        <ele>271.37</ele>
      </trkpt>
      <trkpt lat="43.49163" lon="-71.30272">
        <ele>269.87</ele>
      </trkpt>
      <trkpt lat="43.49166" lon="-71.30278">
        <ele>268.95</ele>
      </trkpt>
      <trkpt lat="43.4917" lon="-71.30284">
        <ele>267.54</ele>
      </trkpt>
      <trkpt lat="43.49173" lon="-71.3029">
        <ele>266.68</ele>
      </trkpt>
      <trkpt lat="43.49176" lon="-71.30297">
        <ele>265.84</ele>
      </trkpt>
      <trkpt lat="43.49178" lon="-71.30303">
        <ele>264.49</ele>
      </trkpt>
      <trkpt lat="43.49179" lon="-71.30309">
        <ele>263.63</ele>
      </trkpt>
      <trkpt lat="43.49181" lon="-71.30315">
        <ele>262.98</ele>
      </trkpt>
      <trkpt lat="43.4918" lon="-71.30322">
        <ele>262.22</ele>
      </trkpt>
      <trkpt lat="43.49181" lon="-71.30329">
        <ele>261.47</ele>
      </trkpt>
      <trkpt lat="43.49183" lon="-71.30336">
        <ele>261.0</ele>
      </trkpt>
      <trkpt lat="43.49184" lon="-71.30342">
        <ele>261.0</ele>
      </trkpt>
      <trkpt lat="43.49185" lon="-71.3035">
        <ele>260.2</ele>
      </trkpt>
      <trkpt lat="43.49187" lon="-71.30356">
        <ele>259.55</ele>
      </trkpt>
      <trkpt lat="43.49188" lon="-71.30362">
        <ele>258.97</ele>
      </trkpt>
      <trkpt lat="43.49189" lon="-71.30369">
        <ele>258.65</ele>
      </trkpt>
      <trkpt lat="43.49187" lon="-71.30375">
        <ele>258.4</ele>
      </trkpt>
      <trkpt lat="43.49185" lon="-71.30382">
        <ele>258.0</ele>
      </trkpt>
      <trkpt lat="43.49184" lon="-71.30388">
        <ele>258.0</ele>
      </trkpt>
      <trkpt lat="43.49183" lon="-71.30395">
        <ele>257.34</ele>
      </trkpt>
      <trkpt lat="43.49181" lon="-71.30401">
        <ele>257.0</ele>
      </trkpt>
      <trkpt lat="43.4918" lon="-71.30407">
        <ele>257.0</ele>
      </trkpt>
      <trkpt lat="43.49178" lon="-71.30413">
        <ele>256.4</ele>
      </trkpt>
      <trkpt lat="43.49175" lon="-71.30419">
        <ele>256.0</ele>
      </trkpt>
      <trkpt lat="43.49172" lon="-71.30425">
        <ele>256.0</ele>
      </trkpt>
      <trkpt lat="43.49173" lon="-71.30432">
        <ele>255.34</ele>
      </trkpt>
      <trkpt lat="43.49172" lon="-71.3044">
        <ele>255.0</ele>
      </trkpt>
      <trkpt lat="43.49171" lon="-71.30446">
        <ele>254.83</ele>
      </trkpt>
      <trkpt lat="43.49173" lon="-71.30453">
        <ele>254.08</ele>
      </trkpt>
      <trkpt lat="43.49174" lon="-71.30461">
        <ele>253.21</ele>
      </trkpt>
      <trkpt lat="43.49173" lon="-71.30468">
        <ele>253.0</ele>
      </trkpt>
      <trkpt lat="43.49172" lon="-71.30475">
        <ele>252.7</ele>
      </trkpt>
      <trkpt lat="43.49171" lon="-71.30481">
        <ele>252.05</ele>
      </trkpt>
      <trkpt lat="43.49169" lon="-71.30488">
        <ele>251.47</ele>
      </trkpt>
      <trkpt lat="43.49168" lon="-71.30496">
        <ele>251.06</ele>
      </trkpt>
      <trkpt lat="43.49169" lon="-71.30503">
        <ele>251.0</ele>
      </trkpt>
      <trkpt lat="43.49169" lon="-71.30511">
        <ele>251.0</ele>
      </trkpt>
      <trkpt lat="43.49168" lon="-71.30518">
        <ele>251.0</ele>
      </trkpt>
      <trkpt lat="43.49167" lon="-71.30524">
        <ele>251.0</ele>
      </trkpt>
      <trkpt lat="43.49167" lon="-71.30531">
        <ele>251.35</ele>
      </trkpt>
      <trkpt lat="43.49169" lon="-71.30537">
        <ele>252.0</ele>
      </trkpt>
      <trkpt lat="43.4917" lon="-71.30543">
        <ele>252.0</ele>
      </trkpt>
      <trkpt lat="43.49171" lon="-71.30549">
        <ele>252.0</ele>
      </trkpt>
      <trkpt lat="43.49171" lon="-71.30556">
        <ele>252.05</ele>
      </trkpt>
      <trkpt lat="43.49171" lon="-71.30563">
        <ele>252.8</ele>
      </trkpt>
      <trkpt lat="43.49169" lon="-71.30569">
        <ele>253.0</ele>
      </trkpt>
      <trkpt lat="43.49167" lon="-71.30574">
        <ele>253.0</ele>
      </trkpt>
      <trkpt lat="43.49167" lon="-71.30581">
        <ele>253.72</ele>
      </trkpt>
      <trkpt lat="43.4917" lon="-71.30587">
        <ele>253.78</ele>
      </trkpt>
      <trkpt lat="43.49172" lon="-71.30594">
        <ele>254.0</ele>
      </trkpt>
      <trkpt lat="43.49173" lon="-71.30602">
        <ele>254.02</ele>
      </trkpt>
      <trkpt lat="43.49173" lon="-71.30609">
        <ele>254.77</ele>
      </trkpt>
      <trkpt lat="43.49174" lon="-71.30615">
        <ele>255.0</ele>
      </trkpt>
      <trkpt lat="43.49178" lon="-71.30621">
        <ele>255.0</ele>
      </trkpt>
      <trkpt lat="43.49181" lon="-71.30625">
        <ele>255.0</ele>
      </trkpt>
      <trkpt lat="43.49185" lon="-71.30629">
        <ele>255.0</ele>
      </trkpt>
      <trkpt lat="43.49189" lon="-71.30633">
        <ele>255.78</ele>
      </trkpt>
      <trkpt lat="43.49193" lon="-71.30637">
        <ele>256.64</ele>
      </trkpt>
      <trkpt lat="43.49197" lon="-71.3064">
        <ele>257.15</ele>
      </trkpt>
      <trkpt lat="43.49198" lon="-71.30642">
        <ele>257.47</ele>
      </trkpt>
      <trkpt lat="43.49201" lon="-71.30644">
        <ele>257.94</ele>
      </trkpt>
      <trkpt lat="43.49206" lon="-71.30646">
        <ele>258.59</ele>
      </trkpt>
      <trkpt lat="43.49211" lon="-71.30647">
        <ele>258.85</ele>
      </trkpt>
      <trkpt lat="43.49216" lon="-71.30649">
        <ele>259.18</ele>
      </trkpt>
      <trkpt lat="43.49221" lon="-71.30651">
        <ele>259.62</ele>
      </trkpt>
      <trkpt lat="43.49226" lon="-71.30653">
        <ele>259.83</ele>
      </trkpt>
      <trkpt lat="43.49232" lon="-71.30656">
        <ele>259.85</ele>
      </trkpt>
      <trkpt lat="43.49236" lon="-71.30658">
        <ele>260.06</ele>
      </trkpt>
      <trkpt lat="43.4924" lon="-71.3066">
        <ele>260.28</ele>
      </trkpt>
      <trkpt lat="43.49244" lon="-71.30664">
        <ele>260.36</ele>
      </trkpt>
      <trkpt lat="43.49246" lon="-71.30671">
        <ele>260.9</ele>
      </trkpt>
      <trkpt lat="43.49249" lon="-71.30676">
        <ele>261.12</ele>
      </trkpt>
      <trkpt lat="43.49252" lon="-71.3068">
        <ele>261.13</ele>
      </trkpt>
      <trkpt lat="43.49255" lon="-71.30687">
        <ele>261.03</ele>
      </trkpt>
      <trkpt lat="43.49256" lon="-71.30694">
        <ele>261.32</ele>
      </trkpt>
      <trkpt lat="43.49256" lon="-71.30701">
        <ele>262.06</ele>
      </trkpt>
      <trkpt lat="43.49256" lon="-71.30708">
        <ele>262.35</ele>
      </trkpt>
      <trkpt lat="43.49257" lon="-71.30714">
        <ele>262.24</ele>
      </trkpt>
      <trkpt lat="43.49258" lon="-71.30721">
        <ele>262.14</ele>
      </trkpt>
      <trkpt lat="43.49259" lon="-71.30727">
        <ele>262.54</ele>
      </trkpt>
      <trkpt lat="43.49261" lon="-71.30734">
        <ele>262.68</ele>
      </trkpt>
      <trkpt lat="43.49262" lon="-71.30741">
        <ele>262.7</ele>
      </trkpt>
      <trkpt lat="43.49264" lon="-71.30747">
        <ele>262.49</ele>
      </trkpt>
      <trkpt lat="43.49268" lon="-71.30754">
        <ele>262.06</ele>
      </trkpt>
      <trkpt lat="43.49272" lon="-71.30757">
        <ele>261.53</ele>
      </trkpt>
      <trkpt lat="43.49277" lon="-71.30761">
        <ele>261.08</ele>
      </trkpt>
      <trkpt lat="43.49281" lon="-71.30765">
        <ele>260.3</ele>
      </trkpt>
      <trkpt lat="43.49283" lon="-71.30772">
        <ele>259.87</ele>
      </trkpt>
      <trkpt lat="43.49286" lon="-71.30779">
        <ele>259.34</ele>
      </trkpt>
      <trkpt lat="43.49286" lon="-71.30787">
        <ele>260.11</ele>
      </trkpt>
      <trkpt lat="43.49286" lon="-71.30793">
        <ele>260.11</ele>
      </trkpt>
      <trkpt lat="43.49286" lon="-71.30799">
        <ele>260.11</ele>
      </trkpt>
      <trkpt lat="43.49288" lon="-71.30807">
        <ele>259.9</ele>
      </trkpt>
      <trkpt lat="43.49291" lon="-71.30813">
        <ele>259.57</ele>
      </trkpt>
      <trkpt lat="43.49294" lon="-71.30819">
        <ele>259.36</ele>
      </trkpt>
      <trkpt lat="43.49298" lon="-71.30825">
        <ele>258.9</ele>
      </trkpt>
      <trkpt lat="43.49301" lon="-71.30831">
        <ele>258.86</ele>
      </trkpt>
      <trkpt lat="43.49303" lon="-71.30837">
        <ele>258.84</ele>
      </trkpt>
      <trkpt lat="43.49305" lon="-71.30843">
        <ele>259.06</ele>
      </trkpt>
      <trkpt lat="43.49306" lon="-71.30851">
        <ele>258.95</ele>
      </trkpt>
      <trkpt lat="43.49308" lon="-71.30857">
        <ele>259.15</ele>
      </trkpt>
      <trkpt lat="43.4931" lon="-71.30863">
        <ele>259.04</ele>
      </trkpt>
      <trkpt lat="43.49313" lon="-71.3087">
        <ele>258.39</ele>
      </trkpt>
      <trkpt lat="43.49316" lon="-71.30876">
        <ele>257.87</ele>
      </trkpt>
      <trkpt lat="43.49318" lon="-71.30881">
        <ele>257.66</ele>
      </trkpt>
      <trkpt lat="43.4932" lon="-71.30889">
        <ele>257.44</ele>
      </trkpt>
      <trkpt lat="43.49323" lon="-71.30894">
        <ele>257.12</ele>
      </trkpt>
      <trkpt lat="43.49326" lon="-71.309">
        <ele>257.21</ele>
      </trkpt>
      <trkpt lat="43.4933" lon="-71.30905">
        <ele>257.64</ele>
      </trkpt>
      <trkpt lat="43.49334" lon="-71.3091">
        <ele>258.35</ele>
      </trkpt>
      <trkpt lat="43.49338" lon="-71.30915">
        <ele>259.32</ele>
      </trkpt>
      <trkpt lat="43.49342" lon="-71.30919">
        <ele>259.94</ele>
      </trkpt>
      <trkpt lat="43.49346" lon="-71.3092">
        <ele>260.37</ele>
      </trkpt>
      <trkpt lat="43.4935" lon="-71.30922">
        <ele>260.8</ele>
      </trkpt>
      <trkpt lat="43.49355" lon="-71.30922">
        <ele>261.2</ele>
      </trkpt>
      <trkpt lat="43.4936" lon="-71.30919">
        <ele>261.22</ele>
      </trkpt>
      <trkpt lat="43.49366" lon="-71.30919">
        <ele>261.78</ele>
      </trkpt>
      <trkpt lat="43.49371" lon="-71.30921">
        <ele>262.54</ele>
      </trkpt>
      <trkpt lat="43.49375" lon="-71.30923">
        <ele>263.18</ele>
      </trkpt>
      <trkpt lat="43.4938" lon="-71.30921">
        <ele>263.51</ele>
      </trkpt>
      <trkpt lat="43.49381" lon="-71.30921">
        <ele>263.62</ele>
      </trkpt>
      <trkpt lat="43.49382" lon="-71.3092">
        <ele>263.62</ele>
      </trkpt>
      <trkpt lat="43.49385" lon="-71.30917">
        <ele>263.62</ele>
      </trkpt>
      <trkpt lat="43.49385" lon="-71.30917">
        <ele>263.62</ele>
      </trkpt>
      <trkpt lat="43.49385" lon="-71.30917">
        <ele>263.62</ele>
      </trkpt>
      <trkpt lat="43.49389" lon="-71.3092">
        <ele>264.37</ele>
      </trkpt>
      <trkpt lat="43.49391" lon="-71.30922">
        <ele>264.8</ele>
      </trkpt>
      <trkpt lat="43.49391" lon="-71.30922">
        <ele>264.8</ele>
      </trkpt>
      <trkpt lat="43.49391" lon="-71.30922">
        <ele>264.8</ele>
      </trkpt>
      <trkpt lat="43.49391" lon="-71.30922">
        <ele>264.8</ele>
      </trkpt>
      <trkpt lat="43.49388" lon="-71.30923">
        <ele>264.59</ele>
      </trkpt>
      <trkpt lat="43.49387" lon="-71.30921">
        <ele>264.26</ele>
      </trkpt>
      <trkpt lat="43.49391" lon="-71.30915">
        <ele>264.01</ele>
      </trkpt>
      <trkpt lat="43.49395" lon="-71.30911">
        <ele>263.64</ele>
      </trkpt>
      <trkpt lat="43.49399" lon="-71.30907">
        <ele>263.14</ele>
      </trkpt>
      <trkpt lat="43.49401" lon="-71.30901">
        <ele>262.71</ele>
      </trkpt>
      <trkpt lat="43.49403" lon="-71.30894">
        <ele>262.08</ele>
      </trkpt>
      <trkpt lat="43.49405" lon="-71.30887">
        <ele>261.59</ele>
      </trkpt>
      <trkpt lat="43.49408" lon="-71.3088">
        <ele>261.17</ele>
      </trkpt>
      <trkpt lat="43.49408" lon="-71.30873">
        <ele>261.84</ele>
      </trkpt>
      <trkpt lat="43.49406" lon="-71.30868">
        <ele>262.1</ele>
      </trkpt>
      <trkpt lat="43.49407" lon="-71.30861">
        <ele>262.98</ele>
      </trkpt>
      <trkpt lat="43.49411" lon="-71.30857">
        <ele>264.88</ele>
      </trkpt>
      <trkpt lat="43.49416" lon="-71.30855">
        <ele>266.49</ele>
      </trkpt>
      <trkpt lat="43.4942" lon="-71.30853">
        <ele>267.55</ele>
      </trkpt>
      <trkpt lat="43.49426" lon="-71.30852">
        <ele>268.98</ele>
      </trkpt>
      <trkpt lat="43.49431" lon="-71.30851">
        <ele>269.73</ele>
      </trkpt>
      <trkpt lat="43.49435" lon="-71.30849">
        <ele>270.6</ele>
      </trkpt>
      <trkpt lat="43.49439" lon="-71.30846">
        <ele>272.09</ele>
      </trkpt>
      <trkpt lat="43.49444" lon="-71.30842">
        <ele>274.03</ele>
      </trkpt>
      <trkpt lat="43.49448" lon="-71.30838">
        <ele>275.38</ele>
      </trkpt>
      <trkpt lat="43.49453" lon="-71.30835">
        <ele>276.56</ele>
      </trkpt>
      <trkpt lat="43.49457" lon="-71.30832">
        <ele>277.64</ele>
      </trkpt>
      <trkpt lat="43.49462" lon="-71.3083">
        <ele>278.62</ele>
      </trkpt>
      <trkpt lat="43.49466" lon="-71.30827">
        <ele>279.37</ele>
      </trkpt>
      <trkpt lat="43.49471" lon="-71.30824">
        <ele>280.02</ele>
      </trkpt>
      <trkpt lat="43.49475" lon="-71.30823">
        <ele>280.23</ele>
      </trkpt>
      <trkpt lat="43.4948" lon="-71.30821">
        <ele>280.66</ele>
      </trkpt>
      <trkpt lat="43.49485" lon="-71.30819">
        <ele>281.1</ele>
      </trkpt>
      <trkpt lat="43.49489" lon="-71.30815">
        <ele>281.96</ele>
      </trkpt>
      <trkpt lat="43.4949" lon="-71.30808">
        <ele>283.47</ele>
      </trkpt>
      <trkpt lat="43.49492" lon="-71.30801">
        <ele>284.56</ele>
      </trkpt>
      <trkpt lat="43.49492" lon="-71.30794">
        <ele>285.6</ele>
      </trkpt>
      <trkpt lat="43.49489" lon="-71.30789">
        <ele>286.58</ele>
      </trkpt>
      <trkpt lat="43.49485" lon="-71.30785">
        <ele>287.22</ele>
      </trkpt>
      <trkpt lat="43.49481" lon="-71.30781">
        <ele>287.6</ele>
      </trkpt>
      <trkpt lat="43.49476" lon="-71.30779">
        <ele>287.28</ele>
      </trkpt>
      <trkpt lat="43.49472" lon="-71.30775">
        <ele>287.29</ele>
      </trkpt>
      <trkpt lat="43.49469" lon="-71.3077">
        <ele>287.55</ele>
      </trkpt>
      <trkpt lat="43.49467" lon="-71.30767">
        <ele>287.6</ele>
      </trkpt>
      <trkpt lat="43.49467" lon="-71.30767">
        <ele>287.6</ele>
      </trkpt>
      <trkpt lat="43.49463" lon="-71.30763">
        <ele>287.6</ele>
      </trkpt>
      <trkpt lat="43.49458" lon="-71.3076">
        <ele>287.43</ele>
      </trkpt>
      <trkpt lat="43.49452" lon="-71.30757">
        <ele>287.06</ele>
      </trkpt>
      <trkpt lat="43.49448" lon="-71.30753">
        <ele>287.06</ele>
      </trkpt>
      <trkpt lat="43.49446" lon="-71.30747">
        <ele>287.17</ele>
      </trkpt>
      <trkpt lat="43.49444" lon="-71.30742">
        <ele>286.9</ele>
      </trkpt>
      <trkpt lat="43.49444" lon="-71.30734">
        <ele>286.9</ele>
      </trkpt>
      <trkpt lat="43.49443" lon="-71.30728">
        <ele>286.69</ele>
      </trkpt>
      <trkpt lat="43.49441" lon="-71.30722">
        <ele>286.26</ele>
      </trkpt>
      <trkpt lat="43.49439" lon="-71.30716">
        <ele>285.82</ele>
      </trkpt>
      <trkpt lat="43.49438" lon="-71.3071">
        <ele>285.29</ele>
      </trkpt>
      <trkpt lat="43.49437" lon="-71.30703">
        <ele>284.38</ele>
      </trkpt>
      <trkpt lat="43.49435" lon="-71.30696">
        <ele>283.96</ele>
      </trkpt>
      <trkpt lat="43.49434" lon="-71.3069">
        <ele>283.26</ele>
      </trkpt>
      <trkpt lat="43.49432" lon="-71.30684">
        <ele>282.1</ele>
      </trkpt>
      <trkpt lat="43.4943" lon="-71.30678">
        <ele>280.76</ele>
      </trkpt>
      <trkpt lat="43.49427" lon="-71.30672">
        <ele>279.69</ele>
      </trkpt>
      <trkpt lat="43.49423" lon="-71.30668">
        <ele>278.83</ele>
      </trkpt>
      <trkpt lat="43.4942" lon="-71.30662">
        <ele>277.86</ele>
      </trkpt>
      <trkpt lat="43.49417" lon="-71.30657">
        <ele>277.03</ele>
      </trkpt>
      <trkpt lat="43.49414" lon="-71.30652">
        <ele>276.54</ele>
      </trkpt>
      <trkpt lat="43.49412" lon="-71.30646">
        <ele>275.88</ele>
      </trkpt>
      <trkpt lat="43.49411" lon="-71.30638">
        <ele>275.29</ele>
      </trkpt>
      <trkpt lat="43.49409" lon="-71.30632">
        <ele>274.43</ele>
      </trkpt>
      <trkpt lat="43.49411" lon="-71.30625">
        <ele>273.39</ele>
      </trkpt>
      <trkpt lat="43.49411" lon="-71.30619">
        <ele>272.03</ele>
      </trkpt>
      <trkpt lat="43.49409" lon="-71.30613">
        <ele>270.44</ele>
      </trkpt>
      <trkpt lat="43.49409" lon="-71.30604">
        <ele>267.7</ele>
      </trkpt>
      <trkpt lat="43.49409" lon="-71.30597">
        <ele>265.95</ele>
      </trkpt>
      <trkpt lat="43.4941" lon="-71.30591">
        <ele>264.66</ele>
      </trkpt>
      <trkpt lat="43.49411" lon="-71.30584">
        <ele>263.14</ele>
      </trkpt>
      <trkpt lat="43.49412" lon="-71.30576">
        <ele>261.42</ele>
      </trkpt>
      <trkpt lat="43.49414" lon="-71.30571">
        <ele>260.67</ele>
      </trkpt>
      <trkpt lat="43.49415" lon="-71.30564">
        <ele>259.91</ele>
      </trkpt>
      <trkpt lat="43.49416" lon="-71.30557">
        <ele>259.16</ele>
      </trkpt>
      <trkpt lat="43.49417" lon="-71.30552">
        <ele>258.62</ele>
      </trkpt>
      <trkpt lat="43.4942" lon="-71.30547">
        <ele>258.08</ele>
      </trkpt>
      <trkpt lat="43.49424" lon="-71.30544">
        <ele>257.75</ele>
      </trkpt>
      <trkpt lat="43.49428" lon="-71.30541">
        <ele>257.65</ele>
      </trkpt>
      <trkpt lat="43.49432" lon="-71.30537">
        <ele>257.65</ele>
      </trkpt>
      <trkpt lat="43.49434" lon="-71.30532">
        <ele>257.33</ele>
      </trkpt>
      <trkpt lat="43.49439" lon="-71.30527">
        <ele>257.36</ele>
      </trkpt>
      <trkpt lat="43.49441" lon="-71.30522">
        <ele>257.4</ele>
      </trkpt>
      <trkpt lat="43.49445" lon="-71.30516">
        <ele>258.1</ele>
      </trkpt>
      <trkpt lat="43.49448" lon="-71.3051">
        <ele>258.41</ele>
      </trkpt>
      <trkpt lat="43.49451" lon="-71.30506">
        <ele>258.61</ele>
      </trkpt>
      <trkpt lat="43.49456" lon="-71.30502">
        <ele>259.5</ele>
      </trkpt>
      <trkpt lat="43.49459" lon="-71.30498">
        <ele>260.02</ele>
      </trkpt>
      <trkpt lat="43.49464" lon="-71.30495">
        <ele>260.63</ele>
      </trkpt>
      <trkpt lat="43.49467" lon="-71.3049">
        <ele>260.84</ele>
      </trkpt>
      <trkpt lat="43.4947" lon="-71.30484">
        <ele>260.97</ele>
      </trkpt>
      <trkpt lat="43.49473" lon="-71.30479">
        <ele>261.15</ele>
      </trkpt>
      <trkpt lat="43.49475" lon="-71.30473">
        <ele>261.33</ele>
      </trkpt>
      <trkpt lat="43.49479" lon="-71.30469">
        <ele>261.73</ele>
      </trkpt>
      <trkpt lat="43.49484" lon="-71.3047">
        <ele>262.48</ele>
      </trkpt>
      <trkpt lat="43.49489" lon="-71.30468">
        <ele>263.25</ele>
      </trkpt>
      <trkpt lat="43.49489" lon="-71.30462">
        <ele>262.71</ele>
      </trkpt>
      <trkpt lat="43.49489" lon="-71.30461">
        <ele>262.6</ele>
      </trkpt>
      <trkpt lat="43.4949" lon="-71.30462">
        <ele>262.82</ele>
      </trkpt>
      <trkpt lat="43.49493" lon="-71.30456">
        <ele>262.74</ele>
      </trkpt>
      <trkpt lat="43.49494" lon="-71.30449">
        <ele>262.53</ele>
      </trkpt>
      <trkpt lat="43.49498" lon="-71.30443">
        <ele>262.63</ele>
      </trkpt>
      <trkpt lat="43.495" lon="-71.30437">
        <ele>262.2</ele>
      </trkpt>
      <trkpt lat="43.49502" lon="-71.30431">
        <ele>261.76</ele>
      </trkpt>
      <trkpt lat="43.49505" lon="-71.30425">
        <ele>261.49</ele>
      </trkpt>
      <trkpt lat="43.49508" lon="-71.30421">
        <ele>261.4</ele>
      </trkpt>
      <trkpt lat="43.49511" lon="-71.30415">
        <ele>261.15</ele>
      </trkpt>
      <trkpt lat="43.49515" lon="-71.30411">
        <ele>261.24</ele>
      </trkpt>
      <trkpt lat="43.49519" lon="-71.30408">
        <ele>261.12</ele>
      </trkpt>
      <trkpt lat="43.49523" lon="-71.30404">
        <ele>261.31</ele>
      </trkpt>
      <trkpt lat="43.49528" lon="-71.30401">
        <ele>261.33</ele>
      </trkpt>
      <trkpt lat="43.49532" lon="-71.30399">
        <ele>261.55</ele>
      </trkpt>
      <trkpt lat="43.49537" lon="-71.30398">
        <ele>262.0</ele>
      </trkpt>
      <trkpt lat="43.49542" lon="-71.30394">
        <ele>262.83</ele>
      </trkpt>
      <trkpt lat="43.49545" lon="-71.3039">
        <ele>262.96</ele>
      </trkpt>
      <trkpt lat="43.49549" lon="-71.30387">
        <ele>263.58</ele>
      </trkpt>
      <trkpt lat="43.49553" lon="-71.30383">
        <ele>264.45</ele>
      </trkpt>
      <trkpt lat="43.49559" lon="-71.3038">
        <ele>265.37</ele>
      </trkpt>
      <trkpt lat="43.49563" lon="-71.30376">
        <ele>265.8</ele>
      </trkpt>
      <trkpt lat="43.49567" lon="-71.30372">
        <ele>266.47</ele>
      </trkpt>
      <trkpt lat="43.49572" lon="-71.30371">
        <ele>267.55</ele>
      </trkpt>
      <trkpt lat="43.49577" lon="-71.30372">
        <ele>268.58</ele>
      </trkpt>
      <trkpt lat="43.49582" lon="-71.30374">
        <ele>269.38</ele>
      </trkpt>
      <trkpt lat="43.49586" lon="-71.30376">
        <ele>270.14</ele>
      </trkpt>
      <trkpt lat="43.49591" lon="-71.30374">
        <ele>271.59</ele>
      </trkpt>
      <trkpt lat="43.49595" lon="-71.30371">
        <ele>272.78</ele>
      </trkpt>
      <trkpt lat="43.49599" lon="-71.30369">
        <ele>274.08</ele>
      </trkpt>
      <trkpt lat="43.496" lon="-71.30369">
        <ele>274.4</ele>
      </trkpt>
      <trkpt lat="43.496" lon="-71.30368">
        <ele>274.4</ele>
      </trkpt>
      <trkpt lat="43.49605" lon="-71.3037">
        <ele>276.01</ele>
      </trkpt>
      <trkpt lat="43.49609" lon="-71.30372">
        <ele>277.45</ele>
      </trkpt>
      <trkpt lat="43.49614" lon="-71.30371">
        <ele>279.0</ele>
      </trkpt>
      <trkpt lat="43.49618" lon="-71.30371">
        <ele>280.3</ele>
      </trkpt>
      <trkpt lat="43.49623" lon="-71.30372">
        <ele>282.03</ele>
      </trkpt>
      <trkpt lat="43.49627" lon="-71.30376">
        <ele>283.76</ele>
      </trkpt>
      <trkpt lat="43.49631" lon="-71.30376">
        <ele>284.99</ele>
      </trkpt>
      <trkpt lat="43.49634" lon="-71.30372">
        <ele>285.2</ele>
      </trkpt>
      <trkpt lat="43.49636" lon="-71.30374">
        <ele>286.04</ele>
      </trkpt>
      <trkpt lat="43.49637" lon="-71.30373">
        <ele>286.1</ele>
      </trkpt>
      <trkpt lat="43.4964" lon="-71.30378">
        <ele>287.99</ele>
      </trkpt>
      <trkpt lat="43.49644" lon="-71.30381">
        <ele>289.95</ele>
      </trkpt>
      <trkpt lat="43.49648" lon="-71.30386">
        <ele>292.33</ele>
      </trkpt>
      <trkpt lat="43.49652" lon="-71.30389">
        <ele>293.43</ele>
      </trkpt>
      <trkpt lat="43.49656" lon="-71.30392">
        <ele>294.47</ele>
      </trkpt>
      <trkpt lat="43.4966" lon="-71.30396">
        <ele>296.1</ele>
      </trkpt>
      <trkpt lat="43.49663" lon="-71.304">
        <ele>297.53</ele>
      </trkpt>
      <trkpt lat="43.49668" lon="-71.30398">
        <ele>298.26</ele>
      </trkpt>
      <trkpt lat="43.49673" lon="-71.30397">
        <ele>299.12</ele>
      </trkpt>
      <trkpt lat="43.49677" lon="-71.30395">
        <ele>299.74</ele>
      </trkpt>
      <trkpt lat="43.49682" lon="-71.30393">
        <ele>301.15</ele>
      </trkpt>
      <trkpt lat="43.49687" lon="-71.30393">
        <ele>302.92</ele>
      </trkpt>
      <trkpt lat="43.49691" lon="-71.3039">
        <ele>303.24</ele>
      </trkpt>
      <trkpt lat="43.49695" lon="-71.30387">
        <ele>303.88</ele>
      </trkpt>
      <trkpt lat="43.49698" lon="-71.30386">
        <ele>305.18</ele>
      </trkpt>
      <trkpt lat="43.49701" lon="-71.30382">
        <ele>305.53</ele>
      </trkpt>
      <trkpt lat="43.49704" lon="-71.30378">
        <ele>306.16</ele>
      </trkpt>
      <trkpt lat="43.49709" lon="-71.30378">
        <ele>308.86</ele>
      </trkpt>
      <trkpt lat="43.49711" lon="-71.30378">
        <ele>309.94</ele>
      </trkpt>
      <trkpt lat="43.49713" lon="-71.30377">
        <ele>311.02</ele>
      </trkpt>
      <trkpt lat="43.49717" lon="-71.30377">
        <ele>312.74</ele>
      </trkpt>
      <trkpt lat="43.4972" lon="-71.30381">
        <ele>314.11</ele>
      </trkpt>
      <trkpt lat="43.49721" lon="-71.30384">
        <ele>314.6</ele>
      </trkpt>
      <trkpt lat="43.49722" lon="-71.30384">
        <ele>314.93</ele>
      </trkpt>
      <trkpt lat="43.49725" lon="-71.30389">
        <ele>316.22</ele>
      </trkpt>
      <trkpt lat="43.49728" lon="-71.30393">
        <ele>318.38</ele>
      </trkpt>
      <trkpt lat="43.49733" lon="-71.30395">
        <ele>320.87</ele>
      </trkpt>
      <trkpt lat="43.49737" lon="-71.30397">
        <ele>322.61</ele>
      </trkpt>
      <trkpt lat="43.49742" lon="-71.304">
        <ele>324.92</ele>
      </trkpt>
      <trkpt lat="43.49746" lon="-71.30402">
        <ele>326.87</ele>
      </trkpt>
      <trkpt lat="43.4975" lon="-71.30404">
        <ele>328.63</ele>
      </trkpt>
      <trkpt lat="43.49756" lon="-71.30407">
        <ele>330.28</ele>
      </trkpt>
      <trkpt lat="43.49757" lon="-71.30409">
        <ele>330.68</ele>
      </trkpt>
      <trkpt lat="43.49755" lon="-71.30408">
        <ele>330.14</ele>
      </trkpt>
      <trkpt lat="43.4976" lon="-71.30407">
        <ele>331.24</ele>
      </trkpt>
      <trkpt lat="43.49763" lon="-71.30403">
        <ele>332.21</ele>
      </trkpt>
      <trkpt lat="43.49765" lon="-71.304">
        <ele>332.86</ele>
      </trkpt>
      <trkpt lat="43.49769" lon="-71.30396">
        <ele>334.4</ele>
      </trkpt>
      <trkpt lat="43.49772" lon="-71.30391">
        <ele>336.19</ele>
      </trkpt>
      <trkpt lat="43.49776" lon="-71.30388">
        <ele>338.5</ele>
      </trkpt>
      <trkpt lat="43.49779" lon="-71.30382">
        <ele>341.89</ele>
      </trkpt>
      <trkpt lat="43.49784" lon="-71.30381">
        <ele>344.92</ele>
      </trkpt>
      <trkpt lat="43.49789" lon="-71.30381">
        <ele>347.25</ele>
      </trkpt>
      <trkpt lat="43.49793" lon="-71.30384">
        <ele>348.12</ele>
      </trkpt>
      <trkpt lat="43.49796" lon="-71.30387">
        <ele>349.06</ele>
      </trkpt>
      <trkpt lat="43.49801" lon="-71.30388">
        <ele>351.13</ele>
      </trkpt>
      <trkpt lat="43.49805" lon="-71.30391">
        <ele>352.96</ele>
      </trkpt>
      <trkpt lat="43.49807" lon="-71.30392">
        <ele>354.22</ele>
      </trkpt>
      <trkpt lat="43.4981" lon="-71.30391">
        <ele>356.0</ele>
      </trkpt>
      <trkpt lat="43.49813" lon="-71.30389">
        <ele>357.83</ele>
      </trkpt>
      <trkpt lat="43.49818" lon="-71.30391">
        <ele>360.8</ele>
      </trkpt>
      <trkpt lat="43.49821" lon="-71.30395">
        <ele>362.78</ele>
      </trkpt>
      <trkpt lat="43.49823" lon="-71.304">
        <ele>364.33</ele>
      </trkpt>
      <trkpt lat="43.49825" lon="-71.30405">
        <ele>365.57</ele>
      </trkpt>
      <trkpt lat="43.49828" lon="-71.30411">
        <ele>367.77</ele>
      </trkpt>
      <trkpt lat="43.49831" lon="-71.30418">
        <ele>369.88</ele>
      </trkpt>
      <trkpt lat="43.49833" lon="-71.30423">
        <ele>371.5</ele>
      </trkpt>
      <trkpt lat="43.49834" lon="-71.30424">
        <ele>372.09</ele>
      </trkpt>
      <trkpt lat="43.49834" lon="-71.30424">
        <ele>372.09</ele>
      </trkpt>
      <trkpt lat="43.49835" lon="-71.30428">
        <ele>372.72</ele>
      </trkpt>
      <trkpt lat="43.49838" lon="-71.3043">
        <ele>374.02</ele>
      </trkpt>
      <trkpt lat="43.49842" lon="-71.30432">
        <ele>375.74</ele>
      </trkpt>
      <trkpt lat="43.49845" lon="-71.30437">
        <ele>376.99</ele>
      </trkpt>
      <trkpt lat="43.49849" lon="-71.30442">
        <ele>378.26</ele>
      </trkpt>
      <trkpt lat="43.49851" lon="-71.30447">
        <ele>378.7</ele>
      </trkpt>
      <trkpt lat="43.49852" lon="-71.30448">
        <ele>379.06</ele>
      </trkpt>
      <trkpt lat="43.49852" lon="-71.30451">
        <ele>379.06</ele>
      </trkpt>
      <trkpt lat="43.49854" lon="-71.30453">
        <ele>379.93</ele>
      </trkpt>
      <trkpt lat="43.49858" lon="-71.30453">
        <ele>381.66</ele>
      </trkpt>
      <trkpt lat="43.49862" lon="-71.30456">
        <ele>383.63</ele>
      </trkpt>
      <trkpt lat="43.49867" lon="-71.30457">
        <ele>385.9</ele>
      </trkpt>
      <trkpt lat="43.49869" lon="-71.30457">
        <ele>386.76</ele>
      </trkpt>
      <trkpt lat="43.49871" lon="-71.30455">
        <ele>387.48</ele>
      </trkpt>
      <trkpt lat="43.49874" lon="-71.30457">
        <ele>389.32</ele>
      </trkpt>
      <trkpt lat="43.49876" lon="-71.30461">
        <ele>390.83</ele>
      </trkpt>
      <trkpt lat="43.49877" lon="-71.30463">
        <ele>391.58</ele>
      </trkpt>
      <trkpt lat="43.49879" lon="-71.30463">
        <ele>392.66</ele>
      </trkpt>
      <trkpt lat="43.49884" lon="-71.30463">
        <ele>394.89</ele>
      </trkpt>
      <trkpt lat="43.49888" lon="-71.30468">
        <ele>397.65</ele>
      </trkpt>
      <trkpt lat="43.49891" lon="-71.30472">
        <ele>399.64</ele>
      </trkpt>
      <trkpt lat="43.49895" lon="-71.30476">
        <ele>401.39</ele>
      </trkpt>
      <trkpt lat="43.49898" lon="-71.3048">
        <ele>402.79</ele>
      </trkpt>
      <trkpt lat="43.499" lon="-71.30486">
        <ele>403.3</ele>
      </trkpt>
      <trkpt lat="43.49903" lon="-71.30492">
        <ele>404.18</ele>
      </trkpt>
      <trkpt lat="43.49905" lon="-71.30497">
        <ele>405.16</ele>
      </trkpt>
      <trkpt lat="43.49909" lon="-71.30501">
        <ele>406.28</ele>
      </trkpt>
      <trkpt lat="43.49913" lon="-71.30505">
        <ele>407.14</ele>
      </trkpt>
      <trkpt lat="43.49916" lon="-71.3051">
        <ele>408.08</ele>
      </trkpt>
      <trkpt lat="43.49919" lon="-71.30515">
        <ele>409.49</ele>
      </trkpt>
      <trkpt lat="43.49923" lon="-71.30519">
        <ele>410.81</ele>
      </trkpt>
      <trkpt lat="43.49927" lon="-71.30524">
        <ele>412.89</ele>
      </trkpt>
      <trkpt lat="43.49931" lon="-71.30528">
        <ele>414.6</ele>
      </trkpt>
      <trkpt lat="43.49933" lon="-71.30533">
        <ele>415.89</ele>
      </trkpt>
      <trkpt lat="43.49935" lon="-71.30539">
        <ele>417.19</ele>
      </trkpt>
      <trkpt lat="43.49936" lon="-71.30545">
        <ele>417.94</ele>
      </trkpt>
      <trkpt lat="43.49938" lon="-71.3055">
        <ele>418.83</ele>
      </trkpt>
      <trkpt lat="43.49942" lon="-71.30554">
        <ele>420.18</ele>
      </trkpt>
      <trkpt lat="43.49946" lon="-71.30556">
        <ele>421.06</ele>
      </trkpt>
      <trkpt lat="43.49951" lon="-71.30558">
        <ele>421.45</ele>
      </trkpt>
      <trkpt lat="43.49955" lon="-71.30558">
        <ele>421.53</ele>
      </trkpt>
      <trkpt lat="43.49961" lon="-71.30562">
        <ele>422.39</ele>
      </trkpt>
      <trkpt lat="43.49965" lon="-71.30564">
        <ele>422.82</ele>
      </trkpt>
      <trkpt lat="43.49969" lon="-71.30568">
        <ele>423.69</ele>
      </trkpt>
      <trkpt lat="43.49973" lon="-71.30574">
        <ele>425.07</ele>
      </trkpt>
      <trkpt lat="43.49976" lon="-71.30578">
        <ele>426.08</ele>
      </trkpt>
      <trkpt lat="43.49978" lon="-71.30584">
        <ele>427.14</ele>
      </trkpt>
      <trkpt lat="43.49978" lon="-71.30588">
        <ele>428.01</ele>
      </trkpt>
      <trkpt lat="43.49981" lon="-71.30593">
        <ele>429.04</ele>
      </trkpt>
      <trkpt lat="43.49982" lon="-71.306">
        <ele>429.84</ele>
      </trkpt>
      <trkpt lat="43.49982" lon="-71.30604">
        <ele>430.51</ele>
      </trkpt>
      <trkpt lat="43.49983" lon="-71.30612">
        <ele>432.11</ele>
      </trkpt>
      <trkpt lat="43.49985" lon="-71.30618">
        <ele>433.03</ele>
      </trkpt>
      <trkpt lat="43.49985" lon="-71.30624">
        <ele>434.16</ele>
      </trkpt>
      <trkpt lat="43.49987" lon="-71.3063">
        <ele>435.64</ele>
      </trkpt>
      <trkpt lat="43.4999" lon="-71.30636">
        <ele>436.61</ele>
      </trkpt>
      <trkpt lat="43.49992" lon="-71.30642">
        <ele>437.34</ele>
      </trkpt>
      <trkpt lat="43.49995" lon="-71.30647">
        <ele>437.88</ele>
      </trkpt>
      <trkpt lat="43.49996" lon="-71.30653">
        <ele>438.0</ele>
      </trkpt>
      <trkpt lat="43.49997" lon="-71.3066">
        <ele>438.09</ele>
      </trkpt>
      <trkpt lat="43.49998" lon="-71.30667">
        <ele>438.24</ele>
      </trkpt>
      <trkpt lat="43.5" lon="-71.30673">
        <ele>438.68</ele>
      </trkpt>
      <trkpt lat="43.50003" lon="-71.30679">
        <ele>438.78</ele>
      </trkpt>
      <trkpt lat="43.50004" lon="-71.30685">
        <ele>438.44</ele>
      </trkpt>
      <trkpt lat="43.50004" lon="-71.30693">
        <ele>438.43</ele>
      </trkpt>
      <trkpt lat="43.50005" lon="-71.30699">
        <ele>438.54</ele>
      </trkpt>
      <trkpt lat="43.50005" lon="-71.30706">
        <ele>438.41</ele>
      </trkpt>
      <trkpt lat="43.50006" lon="-71.30713">
        <ele>438.0</ele>
      </trkpt>
      <trkpt lat="43.50008" lon="-71.30719">
        <ele>438.0</ele>
      </trkpt>
      <trkpt lat="43.50011" lon="-71.30724">
        <ele>438.0</ele>
      </trkpt>
      <trkpt lat="43.50012" lon="-71.3073">
        <ele>438.0</ele>
      </trkpt>
      <trkpt lat="43.50013" lon="-71.30737">
        <ele>437.64</ele>
      </trkpt>
      <trkpt lat="43.50015" lon="-71.30743">
        <ele>437.47</ele>
      </trkpt>
      <trkpt lat="43.50017" lon="-71.3075">
        <ele>437.0</ele>
      </trkpt>
      <trkpt lat="43.5002" lon="-71.30756">
        <ele>437.06</ele>
      </trkpt>
      <trkpt lat="43.50025" lon="-71.3076">
        <ele>436.92</ele>
      </trkpt>
      <trkpt lat="43.5003" lon="-71.30763">
        <ele>436.6</ele>
      </trkpt>
      <trkpt lat="43.50034" lon="-71.30765">
        <ele>436.38</ele>
      </trkpt>
      <trkpt lat="43.50038" lon="-71.3077">
        <ele>436.0</ele>
      </trkpt>
      <trkpt lat="43.50041" lon="-71.30774">
        <ele>436.0</ele>
      </trkpt>
      <trkpt lat="43.50046" lon="-71.30776">
        <ele>436.0</ele>
      </trkpt>
      <trkpt lat="43.50051" lon="-71.30776">
        <ele>436.51</ele>
      </trkpt>
      <trkpt lat="43.50056" lon="-71.30776">
        <ele>437.05</ele>
      </trkpt>
      <trkpt lat="43.50061" lon="-71.30778">
        <ele>437.59</ele>
      </trkpt>
      <trkpt lat="43.50065" lon="-71.30782">
        <ele>438.02</ele>
      </trkpt>
      <trkpt lat="43.50069" lon="-71.30786">
        <ele>438.45</ele>
      </trkpt>
      <trkpt lat="43.50072" lon="-71.3079">
        <ele>438.78</ele>
      </trkpt>
      <trkpt lat="43.50076" lon="-71.30794">
        <ele>439.05</ele>
      </trkpt>
      <trkpt lat="43.5008" lon="-71.30798">
        <ele>439.0</ele>
      </trkpt>
      <trkpt lat="43.50085" lon="-71.30799">
        <ele>439.18</ele>
      </trkpt>
      <trkpt lat="43.5009" lon="-71.308">
        <ele>439.72</ele>
      </trkpt>
      <trkpt lat="43.50095" lon="-71.308">
        <ele>440.26</ele>
      </trkpt>
      <trkpt lat="43.501" lon="-71.308">
        <ele>440.8</ele>
      </trkpt>
      <trkpt lat="43.50106" lon="-71.30802">
        <ele>441.45</ele>
      </trkpt>
      <trkpt lat="43.5011" lon="-71.30803">
        <ele>441.88</ele>
      </trkpt>
      <trkpt lat="43.50115" lon="-71.30803">
        <ele>442.42</ele>
      </trkpt>
      <trkpt lat="43.5012" lon="-71.30803">
        <ele>442.96</ele>
      </trkpt>
      <trkpt lat="43.50125" lon="-71.30802">
        <ele>443.5</ele>
      </trkpt>
      <trkpt lat="43.5013" lon="-71.30803">
        <ele>444.05</ele>
      </trkpt>
      <trkpt lat="43.50135" lon="-71.30804">
        <ele>444.68</ele>
      </trkpt>
      <trkpt lat="43.5014" lon="-71.30804">
        <ele>445.39</ele>
      </trkpt>
      <trkpt lat="43.50145" lon="-71.30802">
        <ele>446.45</ele>
      </trkpt>
      <trkpt lat="43.5015" lon="-71.30801">
        <ele>447.2</ele>
      </trkpt>
      <trkpt lat="43.50154" lon="-71.30803">
        <ele>447.63</ele>
      </trkpt>
      <trkpt lat="43.50159" lon="-71.30804">
        <ele>448.2</ele>
      </trkpt>
      <trkpt lat="43.50164" lon="-71.30805">
        <ele>448.75</ele>
      </trkpt>
      <trkpt lat="43.50169" lon="-71.30803">
        <ele>449.53</ele>
      </trkpt>
      <trkpt lat="43.50174" lon="-71.308">
        <ele>450.39</ele>
      </trkpt>
      <trkpt lat="43.50178" lon="-71.30798">
        <ele>450.86</ele>
      </trkpt>
      <trkpt lat="43.50181" lon="-71.30793">
        <ele>451.0</ele>
      </trkpt>
      <trkpt lat="43.50185" lon="-71.30788">
        <ele>451.0</ele>
      </trkpt>
      <trkpt lat="43.5019" lon="-71.30783">
        <ele>451.52</ele>
      </trkpt>
      <trkpt lat="43.50192" lon="-71.30777">
        <ele>451.74</ele>
      </trkpt>
      <trkpt lat="43.50194" lon="-71.30772">
        <ele>451.95</ele>
      </trkpt>
      <trkpt lat="43.50197" lon="-71.30766">
        <ele>452.0</ele>
      </trkpt>
      <trkpt lat="43.502" lon="-71.30761">
        <ele>452.0</ele>
      </trkpt>
      <trkpt lat="43.50204" lon="-71.30757">
        <ele>452.27</ele>
      </trkpt>
      <trkpt lat="43.50207" lon="-71.30752">
        <ele>452.86</ele>
      </trkpt>
      <trkpt lat="43.5021" lon="-71.30747">
        <ele>453.0</ele>
      </trkpt>
      <trkpt lat="43.50212" lon="-71.30741">
        <ele>453.0</ele>
      </trkpt>
      <trkpt lat="43.50213" lon="-71.30734">
        <ele>453.0</ele>
      </trkpt>
      <trkpt lat="43.50216" lon="-71.30729">
        <ele>453.33</ele>
      </trkpt>
      <trkpt lat="43.5022" lon="-71.30725">
        <ele>453.76</ele>
      </trkpt>
      <trkpt lat="43.50225" lon="-71.30725">
        <ele>454.0</ele>
      </trkpt>
      <trkpt lat="43.50231" lon="-71.30723">
        <ele>454.0</ele>
      </trkpt>
      <trkpt lat="43.50235" lon="-71.30721">
        <ele>454.05</ele>
      </trkpt>
      <trkpt lat="43.50239" lon="-71.30719">
        <ele>454.28</ele>
      </trkpt>
      <trkpt lat="43.50244" lon="-71.30718">
        <ele>454.65</ele>
      </trkpt>
      <trkpt lat="43.50249" lon="-71.30718">
        <ele>454.94</ele>
      </trkpt>
      <trkpt lat="43.50254" lon="-71.30719">
        <ele>455.0</ele>
      </trkpt>
      <trkpt lat="43.50258" lon="-71.30721">
        <ele>455.0</ele>
      </trkpt>
      <trkpt lat="43.50262" lon="-71.30718">
        <ele>455.13</ele>
      </trkpt>
      <trkpt lat="43.50264" lon="-71.30711">
        <ele>455.62</ele>
      </trkpt>
      <trkpt lat="43.50264" lon="-71.30704">
        <ele>455.98</ele>
      </trkpt>
      <trkpt lat="43.50264" lon="-71.30698">
        <ele>456.0</ele>
      </trkpt>
      <trkpt lat="43.50264" lon="-71.30691">
        <ele>456.19</ele>
      </trkpt>
      <trkpt lat="43.50267" lon="-71.30685">
        <ele>456.84</ele>
      </trkpt>
      <trkpt lat="43.50269" lon="-71.30678">
        <ele>457.09</ele>
      </trkpt>
      <trkpt lat="43.50271" lon="-71.30673">
        <ele>457.85</ele>
      </trkpt>
      <trkpt lat="43.50274" lon="-71.30667">
        <ele>459.15</ele>
      </trkpt>
      <trkpt lat="43.50276" lon="-71.30662">
        <ele>460.12</ele>
      </trkpt>
      <trkpt lat="43.50279" lon="-71.30657">
        <ele>461.18</ele>
      </trkpt>
      <trkpt lat="43.50281" lon="-71.30651">
        <ele>462.04</ele>
      </trkpt>
      <trkpt lat="43.50283" lon="-71.30645">
        <ele>462.9</ele>
      </trkpt>
      <trkpt lat="43.50286" lon="-71.30639">
        <ele>463.88</ele>
      </trkpt>
      <trkpt lat="43.50288" lon="-71.30634">
        <ele>464.0</ele>
      </trkpt>
      <trkpt lat="43.50291" lon="-71.30629">
        <ele>464.03</ele>
      </trkpt>
      <trkpt lat="43.50295" lon="-71.30626">
        <ele>464.34</ele>
      </trkpt>
      <trkpt lat="43.503" lon="-71.30624">
        <ele>464.76</ele>
      </trkpt>
      <trkpt lat="43.50306" lon="-71.30624">
        <ele>465.05</ele>
      </trkpt>
      <trkpt lat="43.50311" lon="-71.30624">
        <ele>465.59</ele>
      </trkpt>
      <trkpt lat="43.50315" lon="-71.30619">
        <ele>466.04</ele>
      </trkpt>
      <trkpt lat="43.5032" lon="-71.30618">
        <ele>466.98</ele>
      </trkpt>
      <trkpt lat="43.50325" lon="-71.30618">
        <ele>467.84</ele>
      </trkpt>
      <trkpt lat="43.5033" lon="-71.30618">
        <ele>468.38</ele>
      </trkpt>
      <trkpt lat="43.50335" lon="-71.30618">
        <ele>468.97</ele>
      </trkpt>
      <trkpt lat="43.50339" lon="-71.3062">
        <ele>469.6</ele>
      </trkpt>
      <trkpt lat="43.50344" lon="-71.30622">
        <ele>470.3</ele>
      </trkpt>
      <trkpt lat="43.50349" lon="-71.30623">
        <ele>471.38</ele>
      </trkpt>
      <trkpt lat="43.50354" lon="-71.30622">
        <ele>472.46</ele>
      </trkpt>
      <trkpt lat="43.50359" lon="-71.30622">
        <ele>473.54</ele>
      </trkpt>
      <trkpt lat="43.50364" lon="-71.30622">
        <ele>474.57</ele>
      </trkpt>
      <trkpt lat="43.50369" lon="-71.30622">
        <ele>475.55</ele>
      </trkpt>
      <trkpt lat="43.50374" lon="-71.30622">
        <ele>476.28</ele>
      </trkpt>
      <trkpt lat="43.50379" lon="-71.30622">
        <ele>476.92</ele>
      </trkpt>
      <trkpt lat="43.50384" lon="-71.30621">
        <ele>477.44</ele>
      </trkpt>
      <trkpt lat="43.50389" lon="-71.30623">
        <ele>477.73</ele>
      </trkpt>
      <trkpt lat="43.50394" lon="-71.30622">
        <ele>478.47</ele>
      </trkpt>
      <trkpt lat="43.50398" lon="-71.3062">
        <ele>478.98</ele>
      </trkpt>
      <trkpt lat="43.50403" lon="-71.30619">
        <ele>480.05</ele>
      </trkpt>
      <trkpt lat="43.50407" lon="-71.3062">
        <ele>480.91</ele>
      </trkpt>
      <trkpt lat="43.50412" lon="-71.30621">
        <ele>481.43</ele>
      </trkpt>
      <trkpt lat="43.50417" lon="-71.30622">
        <ele>481.87</ele>
      </trkpt>
      <trkpt lat="43.50422" lon="-71.30621">
        <ele>482.55</ele>
      </trkpt>
      <trkpt lat="43.50427" lon="-71.30622">
        <ele>483.21</ele>
      </trkpt>
      <trkpt lat="43.50432" lon="-71.30622">
        <ele>484.2</ele>
      </trkpt>
      <trkpt lat="43.50436" lon="-71.30622">
        <ele>484.91</ele>
      </trkpt>
      <trkpt lat="43.50441" lon="-71.30619">
        <ele>485.78</ele>
      </trkpt>
      <trkpt lat="43.50446" lon="-71.30619">
        <ele>486.48</ele>
      </trkpt>
      <trkpt lat="43.5045" lon="-71.30616">
        <ele>487.67</ele>
      </trkpt>
      <trkpt lat="43.50455" lon="-71.30615">
        <ele>488.72</ele>
      </trkpt>
      <trkpt lat="43.50459" lon="-71.30611">
        <ele>489.58</ele>
      </trkpt>
      <trkpt lat="43.50463" lon="-71.30606">
        <ele>490.56</ele>
      </trkpt>
      <trkpt lat="43.50465" lon="-71.30601">
        <ele>491.31</ele>
      </trkpt>
      <trkpt lat="43.50465" lon="-71.30594">
        <ele>492.07</ele>
      </trkpt>
      <trkpt lat="43.50464" lon="-71.30591">
        <ele>492.28</ele>
      </trkpt>
      <trkpt lat="43.50466" lon="-71.30585">
        <ele>493.15</ele>
      </trkpt>
      <trkpt lat="43.50468" lon="-71.30582">
        <ele>493.69</ele>
      </trkpt>
      <trkpt lat="43.50468" lon="-71.30582">
        <ele>493.69</ele>
      </trkpt>
      <trkpt lat="43.50468" lon="-71.30582">
        <ele>493.69</ele>
      </trkpt>
      <trkpt lat="43.50468" lon="-71.30582">
        <ele>493.69</ele>
      </trkpt>
      <trkpt lat="43.50469" lon="-71.3058">
        <ele>494.01</ele>
      </trkpt>
      <trkpt lat="43.50469" lon="-71.3058">
        <ele>494.01</ele>
      </trkpt>
      <trkpt lat="43.50469" lon="-71.3058">
        <ele>494.01</ele>
      </trkpt>
      <trkpt lat="43.50469" lon="-71.3058">
        <ele>494.01</ele>
      </trkpt>
      <trkpt lat="43.50468" lon="-71.30579">
        <ele>494.01</ele>
      </trkpt>
      <trkpt lat="43.50466" lon="-71.30574">
        <ele>494.33</ele>
      </trkpt>
      <trkpt lat="43.50466" lon="-71.30571">
        <ele>494.44</ele>
      </trkpt>
      <trkpt lat="43.50465" lon="-71.30565">
        <ele>494.44</ele>
      </trkpt>
      <trkpt lat="43.50467" lon="-71.30558">
        <ele>495.29</ele>
      </trkpt>
      <trkpt lat="43.5047" lon="-71.30553">
        <ele>495.97</ele>
      </trkpt>
      <trkpt lat="43.50471" lon="-71.3055">
        <ele>496.39</ele>
      </trkpt>
      <trkpt lat="43.50475" lon="-71.30546">
        <ele>497.6</ele>
      </trkpt>
      <trkpt lat="43.50479" lon="-71.30542">
        <ele>498.46</ele>
      </trkpt>
      <trkpt lat="43.50483" lon="-71.30537">
        <ele>499.5</ele>
      </trkpt>
      <trkpt lat="43.50486" lon="-71.30533">
        <ele>500.9</ele>
      </trkpt>
      <trkpt lat="43.5049" lon="-71.3053">
        <ele>502.52</ele>
      </trkpt>
      <trkpt lat="43.50493" lon="-71.3053">
        <ele>503.25</ele>
      </trkpt>
      <trkpt lat="43.50498" lon="-71.30528">
        <ele>504.54</ele>
      </trkpt>
      <trkpt lat="43.50502" lon="-71.30526">
        <ele>505.84</ele>
      </trkpt>
      <trkpt lat="43.50506" lon="-71.30524">
        <ele>507.35</ele>
      </trkpt>
      <trkpt lat="43.50509" lon="-71.3052">
        <ele>508.76</ele>
      </trkpt>
      <trkpt lat="43.50514" lon="-71.30518">
        <ele>511.13</ele>
      </trkpt>
      <trkpt lat="43.50518" lon="-71.30515">
        <ele>513.18</ele>
      </trkpt>
      <trkpt lat="43.50522" lon="-71.30513">
        <ele>514.72</ele>
      </trkpt>
      <trkpt lat="43.50524" lon="-71.30511">
        <ele>515.59</ele>
      </trkpt>
      <trkpt lat="43.5053" lon="-71.3051">
        <ele>517.64</ele>
      </trkpt>
      <trkpt lat="43.50534" lon="-71.3051">
        <ele>518.94</ele>
      </trkpt>
      <trkpt lat="43.50539" lon="-71.30509">
        <ele>520.46</ele>
      </trkpt>
      <trkpt lat="43.50544" lon="-71.3051">
        <ele>521.42</ele>
      </trkpt>
      <trkpt lat="43.50549" lon="-71.30511">
        <ele>522.4</ele>
      </trkpt>
      <trkpt lat="43.50554" lon="-71.30512">
        <ele>523.37</ele>
      </trkpt>
      <trkpt lat="43.50559" lon="-71.30511">
        <ele>524.56</ele>
      </trkpt>
      <trkpt lat="43.50561" lon="-71.30513">
        <ele>524.77</ele>
      </trkpt>
      <trkpt lat="43.50557" lon="-71.3051">
        <ele>524.23</ele>
      </trkpt>
      <trkpt lat="43.50555" lon="-71.30503">
        <ele>524.6</ele>
      </trkpt>
      <trkpt lat="43.5056" lon="-71.30501">
        <ele>525.85</ele>
      </trkpt>
      <trkpt lat="43.50563" lon="-71.30496">
        <ele>527.04</ele>
      </trkpt>
      <trkpt lat="43.50561" lon="-71.3049">
        <ele>527.26</ele>
      </trkpt>
      <trkpt lat="43.50559" lon="-71.30483">
        <ele>527.58</ele>
      </trkpt>
      <trkpt lat="43.50557" lon="-71.30477">
        <ele>527.8</ele>
      </trkpt>
      <trkpt lat="43.50559" lon="-71.30471">
        <ele>528.83</ele>
      </trkpt>
      <trkpt lat="43.50561" lon="-71.30464">
        <ele>529.54</ele>
      </trkpt>
      <trkpt lat="43.50562" lon="-71.30457">
        <ele>530.14</ele>
      </trkpt>
      <trkpt lat="43.50564" lon="-71.30451">
        <ele>530.85</ele>
      </trkpt>
      <trkpt lat="43.50565" lon="-71.30444">
        <ele>531.09</ele>
      </trkpt>
      <trkpt lat="43.50565" lon="-71.30437">
        <ele>531.83</ele>
      </trkpt>
      <trkpt lat="43.50566" lon="-71.30431">
        <ele>532.19</ele>
      </trkpt>
      <trkpt lat="43.50568" lon="-71.30425">
        <ele>532.79</ele>
      </trkpt>
      <trkpt lat="43.5057" lon="-71.30419">
        <ele>533.87</ele>
      </trkpt>
      <trkpt lat="43.50572" lon="-71.30412">
        <ele>534.55</ele>
      </trkpt>
      <trkpt lat="43.50572" lon="-71.30405">
        <ele>534.81</ele>
      </trkpt>
      <trkpt lat="43.50572" lon="-71.30398">
        <ele>535.55</ele>
      </trkpt>
      <trkpt lat="43.50574" lon="-71.30392">
        <ele>535.98</ele>
      </trkpt>
      <trkpt lat="43.50575" lon="-71.30386">
        <ele>536.61</ele>
      </trkpt>
      <trkpt lat="43.50577" lon="-71.30379">
        <ele>538.02</ele>
      </trkpt>
      <trkpt lat="43.5058" lon="-71.30373">
        <ele>539.64</ele>
      </trkpt>
      <trkpt lat="43.50584" lon="-71.30369">
        <ele>541.14</ele>
      </trkpt>
      <trkpt lat="43.50589" lon="-71.30369">
        <ele>542.22</ele>
      </trkpt>
      <trkpt lat="43.50593" lon="-71.30367">
        <ele>543.1</ele>
      </trkpt>
      <trkpt lat="43.50596" lon="-71.30361">
        <ele>544.11</ele>
      </trkpt>
      <trkpt lat="43.506" lon="-71.30356">
        <ele>545.51</ele>
      </trkpt>
      <trkpt lat="43.50604" lon="-71.30352">
        <ele>546.46</ele>
      </trkpt>
      <trkpt lat="43.50605" lon="-71.30346">
        <ele>546.89</ele>
      </trkpt>
      <trkpt lat="43.50606" lon="-71.3034">
        <ele>547.5</ele>
      </trkpt>
      <trkpt lat="43.5061" lon="-71.30336">
        <ele>548.73</ele>
      </trkpt>
      <trkpt lat="43.50615" lon="-71.30333">
        <ele>550.3</ele>
      </trkpt>
      <trkpt lat="43.50619" lon="-71.30329">
        <ele>552.02</ele>
      </trkpt>
      <trkpt lat="43.50622" lon="-71.30324">
        <ele>553.35</ele>
      </trkpt>
      <trkpt lat="43.50626" lon="-71.30319">
        <ele>554.22</ele>
      </trkpt>
      <trkpt lat="43.50628" lon="-71.30313">
        <ele>554.65</ele>
      </trkpt>
      <trkpt lat="43.5063" lon="-71.30307">
        <ele>555.05</ele>
      </trkpt>
      <trkpt lat="43.50631" lon="-71.30302">
        <ele>555.15</ele>
      </trkpt>
      <trkpt lat="43.50629" lon="-71.30308">
        <ele>554.86</ele>
      </trkpt>
      <trkpt lat="43.50625" lon="-71.30311">
        <ele>554.0</ele>
      </trkpt>
      <trkpt lat="43.5062" lon="-71.3031">
        <ele>552.88</ele>
      </trkpt>
      <trkpt lat="43.50626" lon="-71.3031">
        <ele>554.22</ele>
      </trkpt>
      <trkpt lat="43.50629" lon="-71.30307">
        <ele>554.86</ele>
      </trkpt>
      <trkpt lat="43.50629" lon="-71.303">
        <ele>554.86</ele>
      </trkpt>
      <trkpt lat="43.50628" lon="-71.30294">
        <ele>554.44</ele>
      </trkpt>
      <trkpt lat="43.50629" lon="-71.30288">
        <ele>554.03</ele>
      </trkpt>
      <trkpt lat="43.50634" lon="-71.30284">
        <ele>554.79</ele>
      </trkpt>
      <trkpt lat="43.50639" lon="-71.30284">
        <ele>555.68</ele>
      </trkpt>
      <trkpt lat="43.50645" lon="-71.30283">
        <ele>556.22</ele>
      </trkpt>
      <trkpt lat="43.50648" lon="-71.30279">
        <ele>556.12</ele>
      </trkpt>
      <trkpt lat="43.5065" lon="-71.30274">
        <ele>556.2</ele>
      </trkpt>
      <trkpt lat="43.50651" lon="-71.3027">
        <ele>556.31</ele>
      </trkpt>
      <trkpt lat="43.50651" lon="-71.30268">
        <ele>556.25</ele>
      </trkpt>
      <trkpt lat="43.50651" lon="-71.30268">
        <ele>556.25</ele>
      </trkpt>
      <trkpt lat="43.50651" lon="-71.30268">
        <ele>556.25</ele>
      </trkpt>
      <trkpt lat="43.50651" lon="-71.30268">
        <ele>556.25</ele>
      </trkpt>
      <trkpt lat="43.50648" lon="-71.30263">
        <ele>555.39</ele>
      </trkpt>
      <trkpt lat="43.5065" lon="-71.30256">
        <ele>555.13</ele>
      </trkpt>
      <trkpt lat="43.50651" lon="-71.30248">
        <ele>554.85</ele>
      </trkpt>
      <trkpt lat="43.50653" lon="-71.30242">
        <ele>554.59</ele>
      </trkpt>
      <trkpt lat="43.50653" lon="-71.30234">
        <ele>554.52</ele>
      </trkpt>
      <trkpt lat="43.50653" lon="-71.30227">
        <ele>554.75</ele>
      </trkpt>
      <trkpt lat="43.50655" lon="-71.30222">
        <ele>555.02</ele>
      </trkpt>
      <trkpt lat="43.50654" lon="-71.30215">
        <ele>555.49</ele>
      </trkpt>
      <trkpt lat="43.50655" lon="-71.30212">
        <ele>555.77</ele>
      </trkpt>
      <trkpt lat="43.50656" lon="-71.30212">
        <ele>555.86</ele>
      </trkpt>
      <trkpt lat="43.50656" lon="-71.30212">
        <ele>555.86</ele>
      </trkpt>
      <trkpt lat="43.50656" lon="-71.30212">
        <ele>555.86</ele>
      </trkpt>
      <trkpt lat="43.50656" lon="-71.30211">
        <ele>555.88</ele>
      </trkpt>
      <trkpt lat="43.50657" lon="-71.30206">
        <ele>555.99</ele>
      </trkpt>
      <trkpt lat="43.5066" lon="-71.3021">
        <ele>556.28</ele>
      </trkpt>
      <trkpt lat="43.50664" lon="-71.30215">
        <ele>556.49</ele>
      </trkpt>
      <trkpt lat="43.50668" lon="-71.30219">
        <ele>556.44</ele>
      </trkpt>
      <trkpt lat="43.50671" lon="-71.30223">
        <ele>556.47</ele>
      </trkpt>
      <trkpt lat="43.50675" lon="-71.30227">
        <ele>556.9</ele>
      </trkpt>
      <trkpt lat="43.5068" lon="-71.30228">
        <ele>557.17</ele>
      </trkpt>
      <trkpt lat="43.50685" lon="-71.30227">
        <ele>557.47</ele>
      </trkpt>
      <trkpt lat="43.5069" lon="-71.30227">
        <ele>557.75</ele>
      </trkpt>
      <trkpt lat="43.50695" lon="-71.3023">
        <ele>558.0</ele>
      </trkpt>
      <trkpt lat="43.50699" lon="-71.30232">
        <ele>558.0</ele>
      </trkpt>
      <trkpt lat="43.50694" lon="-71.3023">
        <ele>557.96</ele>
      </trkpt>
      <trkpt lat="43.5069" lon="-71.30227">
        <ele>557.75</ele>
      </trkpt>
      <trkpt lat="43.50685" lon="-71.30224">
        <ele>557.79</ele>
      </trkpt>
      <trkpt lat="43.5068" lon="-71.30224">
        <ele>557.36</ele>
      </trkpt>
      <trkpt lat="43.50675" lon="-71.30223">
        <ele>556.9</ele>
      </trkpt>
      <trkpt lat="43.5067" lon="-71.3022">
        <ele>556.51</ele>
      </trkpt>
      <trkpt lat="43.50667" lon="-71.30217">
        <ele>556.58</ele>
      </trkpt>
      <trkpt lat="43.50663" lon="-71.30212">
        <ele>556.6</ele>
      </trkpt>
      <trkpt lat="43.50658" lon="-71.3021">
        <ele>556.06</ele>
      </trkpt>
      <trkpt lat="43.50655" lon="-71.30211">
        <ele>555.8</ele>
      </trkpt>
      <trkpt lat="43.50655" lon="-71.30216">
        <ele>555.5</ele>
      </trkpt>
      <trkpt lat="43.50656" lon="-71.30223">
        <ele>554.99</ele>
      </trkpt>
      <trkpt lat="43.50656" lon="-71.3023">
        <ele>554.87</ele>
      </trkpt>
      <trkpt lat="43.50657" lon="-71.30237">
        <ele>554.96</ele>
      </trkpt>
      <trkpt lat="43.50657" lon="-71.30244">
        <ele>554.97</ele>
      </trkpt>
      <trkpt lat="43.50654" lon="-71.3025">
        <ele>555.0</ele>
      </trkpt>
      <trkpt lat="43.50652" lon="-71.30257">
        <ele>555.31</ele>
      </trkpt>
      <trkpt lat="43.5065" lon="-71.30263">
        <ele>555.6</ele>
      </trkpt>
      <trkpt lat="43.50651" lon="-71.30271">
        <ele>556.31</ele>
      </trkpt>
      <trkpt lat="43.50653" lon="-71.30277">
        <ele>556.52</ele>
      </trkpt>
      <trkpt lat="43.50654" lon="-71.30285">
        <ele>557.41</ele>
      </trkpt>
      <trkpt lat="43.50655" lon="-71.30291">
        <ele>558.06</ele>
      </trkpt>
      <trkpt lat="43.50654" lon="-71.30297">
        <ele>558.29</ele>
      </trkpt>
      <trkpt lat="43.50652" lon="-71.30303">
        <ele>558.25</ele>
      </trkpt>
      <trkpt lat="43.50653" lon="-71.3031">
        <ele>559.0</ele>
      </trkpt>
      <trkpt lat="43.50657" lon="-71.30315">
        <ele>559.98</ele>
      </trkpt>
      <trkpt lat="43.5066" lon="-71.30319">
        <ele>560.61</ele>
      </trkpt>
      <trkpt lat="43.50661" lon="-71.30325">
        <ele>561.04</ele>
      </trkpt>
      <trkpt lat="43.50661" lon="-71.30332">
        <ele>561.33</ele>
      </trkpt>
      <trkpt lat="43.50661" lon="-71.30339">
        <ele>561.39</ele>
      </trkpt>
      <trkpt lat="43.5066" lon="-71.30345">
        <ele>561.28</ele>
      </trkpt>
      <trkpt lat="43.50663" lon="-71.30349">
        <ele>561.6</ele>
      </trkpt>
      <trkpt lat="43.50668" lon="-71.30354">
        <ele>562.0</ele>
      </trkpt>
      <trkpt lat="43.50671" lon="-71.30358">
        <ele>562.0</ele>
      </trkpt>
      <trkpt lat="43.50675" lon="-71.30364">
        <ele>561.72</ele>
      </trkpt>
      <trkpt lat="43.50678" lon="-71.30367">
        <ele>561.14</ele>
      </trkpt>
      <trkpt lat="43.50683" lon="-71.30371">
        <ele>560.1</ele>
      </trkpt>
      <trkpt lat="43.50686" lon="-71.30375">
        <ele>558.96</ele>
      </trkpt>
      <trkpt lat="43.50688" lon="-71.3038">
        <ele>557.91</ele>
      </trkpt>
      <trkpt lat="43.5069" lon="-71.30386">
        <ele>556.27</ele>
      </trkpt>
      <trkpt lat="43.5069" lon="-71.30392">
        <ele>554.98</ele>
      </trkpt>
      <trkpt lat="43.50687" lon="-71.30397">
        <ele>554.22</ele>
      </trkpt>
      <trkpt lat="43.50687" lon="-71.30404">
        <ele>552.98</ele>
      </trkpt>
      <trkpt lat="43.5069" lon="-71.30409">
        <ele>552.96</ele>
      </trkpt>
      <trkpt lat="43.50691" lon="-71.30415">
        <ele>552.95</ele>
      </trkpt>
      <trkpt lat="43.50694" lon="-71.3042">
        <ele>553.84</ele>
      </trkpt>
      <trkpt lat="43.50698" lon="-71.30423">
        <ele>554.38</ele>
      </trkpt>
      <trkpt lat="43.50703" lon="-71.30423">
        <ele>554.92</ele>
      </trkpt>
      <trkpt lat="43.50708" lon="-71.30424">
        <ele>555.1</ele>
      </trkpt>
      <trkpt lat="43.50712" lon="-71.30427">
        <ele>555.0</ele>
      </trkpt>
      <trkpt lat="43.50716" lon="-71.30429">
        <ele>555.0</ele>
      </trkpt>
      <trkpt lat="43.50719" lon="-71.30429">
        <ele>555.0</ele>
      </trkpt>
      <trkpt lat="43.50719" lon="-71.3043">
        <ele>555.0</ele>
      </trkpt>
      <trkpt lat="43.5072" lon="-71.30431">
        <ele>555.0</ele>
      </trkpt>
      <trkpt lat="43.5072" lon="-71.30438">
        <ele>555.0</ele>
      </trkpt>
      <trkpt lat="43.5072" lon="-71.30445">
        <ele>554.99</ele>
      </trkpt>
      <trkpt lat="43.50719" lon="-71.30451">
        <ele>554.75</ele>
      </trkpt>
      <trkpt lat="43.50718" lon="-71.30454">
        <ele>554.53</ele>
      </trkpt>
      <trkpt lat="43.50718" lon="-71.30454">
        <ele>554.53</ele>
      </trkpt>
      <trkpt lat="43.50717" lon="-71.30454">
        <ele>554.42</ele>
      </trkpt>
      <trkpt lat="43.50718" lon="-71.30455">
        <ele>554.47</ele>
      </trkpt>
      <trkpt lat="43.50718" lon="-71.30455">
        <ele>554.47</ele>
      </trkpt>
      <trkpt lat="43.50717" lon="-71.30458">
        <ele>554.23</ele>
      </trkpt>
      <trkpt lat="43.50717" lon="-71.30458">
        <ele>554.23</ele>
      </trkpt>
      <trkpt lat="43.50719" lon="-71.3046">
        <ele>554.21</ele>
      </trkpt>
      <trkpt lat="43.50718" lon="-71.30463">
        <ele>554.0</ele>
      </trkpt>
      <trkpt lat="43.50718" lon="-71.30465">
        <ele>553.9</ele>
      </trkpt>
      <trkpt lat="43.50717" lon="-71.30467">
        <ele>553.75</ele>
      </trkpt>
      <trkpt lat="43.50717" lon="-71.3047">
        <ele>553.57</ele>
      </trkpt>
      <trkpt lat="43.50716" lon="-71.30471">
        <ele>553.42</ele>
      </trkpt>
      <trkpt lat="43.50716" lon="-71.30471">
        <ele>553.42</ele>
      </trkpt>
      <trkpt lat="43.50717" lon="-71.30472">
        <ele>553.45</ele>
      </trkpt>
      <trkpt lat="43.50718" lon="-71.30474">
        <ele>553.35</ele>
      </trkpt>
      <trkpt lat="43.50718" lon="-71.30475">
        <ele>553.24</ele>
      </trkpt>
      <trkpt lat="43.50718" lon="-71.30475">
        <ele>553.24</ele>
      </trkpt>
      <trkpt lat="43.50716" lon="-71.30476">
        <ele>552.92</ele>
      </trkpt>
      <trkpt lat="43.50712" lon="-71.30479">
        <ele>552.27</ele>
      </trkpt>
      <trkpt lat="43.50709" lon="-71.30484">
        <ele>551.88</ele>
      </trkpt>
      <trkpt lat="43.50707" lon="-71.3049">
        <ele>551.41</ele>
      </trkpt>
      <trkpt lat="43.50706" lon="-71.30497">
        <ele>551.08</ele>
      </trkpt>
      <trkpt lat="43.50706" lon="-71.30504">
        <ele>550.57</ele>
      </trkpt>
      <trkpt lat="43.50706" lon="-71.3051">
        <ele>549.94</ele>
      </trkpt>
      <trkpt lat="43.50706" lon="-71.30517">
        <ele>549.37</ele>
      </trkpt>
      <trkpt lat="43.50706" lon="-71.30524">
        <ele>549.1</ele>
      </trkpt>
      <trkpt lat="43.50706" lon="-71.30531">
        <ele>549.0</ele>
      </trkpt>
      <trkpt lat="43.50706" lon="-71.30538">
        <ele>548.92</ele>
      </trkpt>
      <trkpt lat="43.50705" lon="-71.30544">
        <ele>548.35</ele>
      </trkpt>
      <trkpt lat="43.50703" lon="-71.3055">
        <ele>547.52</ele>
      </trkpt>
      <trkpt lat="43.50702" lon="-71.30556">
        <ele>546.81</ele>
      </trkpt>
      <trkpt lat="43.50701" lon="-71.30562">
        <ele>546.5</ele>
      </trkpt>
      <trkpt lat="43.50701" lon="-71.30569">
        <ele>546.1</ele>
      </trkpt>
      <trkpt lat="43.50702" lon="-71.30574">
        <ele>545.82</ele>
      </trkpt>
      <trkpt lat="43.50702" lon="-71.30581">
        <ele>545.07</ele>
      </trkpt>
      <trkpt lat="43.50703" lon="-71.30587">
        <ele>544.53</ele>
      </trkpt>
      <trkpt lat="43.50703" lon="-71.30594">
        <ele>543.92</ele>
      </trkpt>
      <trkpt lat="43.50704" lon="-71.30601">
        <ele>544.0</ele>
      </trkpt>
      <trkpt lat="43.50704" lon="-71.30608">
        <ele>543.34</ele>
      </trkpt>
      <trkpt lat="43.50707" lon="-71.30614">
        <ele>542.38</ele>
      </trkpt>
      <trkpt lat="43.50708" lon="-71.3062">
        <ele>541.08</ele>
      </trkpt>
      <trkpt lat="43.50709" lon="-71.30627">
        <ele>539.57</ele>
      </trkpt>
      <trkpt lat="43.50705" lon="-71.30633">
        <ele>538.27</ele>
      </trkpt>
      <trkpt lat="43.50701" lon="-71.30636">
        <ele>537.33</ele>
      </trkpt>
      <trkpt lat="43.50696" lon="-71.30639">
        <ele>536.15</ele>
      </trkpt>
      <trkpt lat="43.50691" lon="-71.30641">
        <ele>535.4</ele>
      </trkpt>
      <trkpt lat="43.50687" lon="-71.30644">
        <ele>534.64</ele>
      </trkpt>
      <trkpt lat="43.50685" lon="-71.3065">
        <ele>533.78</ele>
      </trkpt>
      <trkpt lat="43.50686" lon="-71.30657">
        <ele>533.13</ele>
      </trkpt>
      <trkpt lat="43.50684" lon="-71.30664">
        <ele>532.25</ele>
      </trkpt>
      <trkpt lat="43.50682" lon="-71.3067">
        <ele>531.64</ele>
      </trkpt>
      <trkpt lat="43.50681" lon="-71.30677">
        <ele>530.83</ele>
      </trkpt>
      <trkpt lat="43.50682" lon="-71.30683">
        <ele>529.97</ele>
      </trkpt>
      <trkpt lat="43.50685" lon="-71.30688">
        <ele>529.37</ele>
      </trkpt>
      <trkpt lat="43.50687" lon="-71.30694">
        <ele>528.11</ele>
      </trkpt>
      <trkpt lat="43.50686" lon="-71.30697">
        <ele>527.17</ele>
      </trkpt>
      <trkpt lat="43.50685" lon="-71.30698">
        <ele>526.83</ele>
      </trkpt>
      <trkpt lat="43.50683" lon="-71.30703">
        <ele>524.99</ele>
      </trkpt>
      <trkpt lat="43.50683" lon="-71.30705">
        <ele>524.34</ele>
      </trkpt>
      <trkpt lat="43.50683" lon="-71.30706">
        <ele>524.02</ele>
      </trkpt>
      <trkpt lat="43.50683" lon="-71.30707">
        <ele>523.7</ele>
      </trkpt>
      <trkpt lat="43.50681" lon="-71.30711">
        <ele>522.18</ele>
      </trkpt>
      <trkpt lat="43.50679" lon="-71.30712">
        <ele>521.64</ele>
      </trkpt>
      <trkpt lat="43.50679" lon="-71.30718">
        <ele>519.7</ele>
      </trkpt>
      <trkpt lat="43.50677" lon="-71.30723">
        <ele>517.95</ele>
      </trkpt>
      <trkpt lat="43.50677" lon="-71.30729">
        <ele>516.65</ele>
      </trkpt>
      <trkpt lat="43.50678" lon="-71.30736">
        <ele>515.25</ele>
      </trkpt>
      <trkpt lat="43.50678" lon="-71.30743">
        <ele>513.79</ele>
      </trkpt>
      <trkpt lat="43.50677" lon="-71.3075">
        <ele>512.23</ele>
      </trkpt>
      <trkpt lat="43.50677" lon="-71.30757">
        <ele>511.39</ele>
      </trkpt>
      <trkpt lat="43.50676" lon="-71.30764">
        <ele>511.01</ele>
      </trkpt>
      <trkpt lat="43.50674" lon="-71.30771">
        <ele>510.58</ele>
      </trkpt>
      <trkpt lat="43.50672" lon="-71.30778">
        <ele>510.0</ele>
      </trkpt>
      <trkpt lat="43.50671" lon="-71.30784">
        <ele>510.0</ele>
      </trkpt>
      <trkpt lat="43.50669" lon="-71.3079">
        <ele>510.08</ele>
      </trkpt>
      <trkpt lat="43.50665" lon="-71.30795">
        <ele>509.82</ele>
      </trkpt>
      <trkpt lat="43.50664" lon="-71.30803">
        <ele>510.44</ele>
      </trkpt>
      <trkpt lat="43.50664" lon="-71.30809">
        <ele>511.08</ele>
      </trkpt>
      <trkpt lat="43.50662" lon="-71.30816">
        <ele>511.5</ele>
      </trkpt>
      <trkpt lat="43.5066" lon="-71.30821">
        <ele>511.28</ele>
      </trkpt>
      <trkpt lat="43.50657" lon="-71.30827">
        <ele>510.88</ele>
      </trkpt>
      <trkpt lat="43.50656" lon="-71.30833">
        <ele>510.69</ele>
      </trkpt>
      <trkpt lat="43.50654" lon="-71.30839">
        <ele>510.04</ele>
      </trkpt>
      <trkpt lat="43.50653" lon="-71.30846">
        <ele>509.57</ele>
      </trkpt>
      <trkpt lat="43.50652" lon="-71.30852">
        <ele>509.23</ele>
      </trkpt>
      <trkpt lat="43.50652" lon="-71.30859">
        <ele>508.48</ele>
      </trkpt>
      <trkpt lat="43.50654" lon="-71.30865">
        <ele>508.48</ele>
      </trkpt>
      <trkpt lat="43.50654" lon="-71.30872">
        <ele>507.61</ele>
      </trkpt>
      <trkpt lat="43.50654" lon="-71.30879">
        <ele>506.37</ele>
      </trkpt>
      <trkpt lat="43.50653" lon="-71.30885">
        <ele>505.47</ele>
      </trkpt>
      <trkpt lat="43.50651" lon="-71.30891">
        <ele>504.32</ele>
      </trkpt>
      <trkpt lat="43.5065" lon="-71.30898">
        <ele>503.22</ele>
      </trkpt>
      <trkpt lat="43.50651" lon="-71.30906">
        <ele>501.87</ele>
      </trkpt>
      <trkpt lat="43.50651" lon="-71.30912">
        <ele>500.97</ele>
      </trkpt>
      <trkpt lat="43.50649" lon="-71.30918">
        <ele>499.95</ele>
      </trkpt>
      <trkpt lat="43.50647" lon="-71.30925">
        <ele>498.98</ele>
      </trkpt>
      <trkpt lat="43.50646" lon="-71.30931">
        <ele>498.64</ele>
      </trkpt>
      <trkpt lat="43.50644" lon="-71.30937">
        <ele>498.3</ele>
      </trkpt>
      <trkpt lat="43.50642" lon="-71.30942">
        <ele>498.41</ele>
      </trkpt>
      <trkpt lat="43.5064" lon="-71.30949">
        <ele>499.16</ele>
      </trkpt>
      <trkpt lat="43.50641" lon="-71.30957">
        <ele>500.67</ele>
      </trkpt>
      <trkpt lat="43.50642" lon="-71.30963">
        <ele>501.67</ele>
      </trkpt>
      <trkpt lat="43.50642" lon="-71.3097">
        <ele>502.18</ele>
      </trkpt>
      <trkpt lat="43.50641" lon="-71.30976">
        <ele>502.64</ele>
      </trkpt>
      <trkpt lat="43.50639" lon="-71.30982">
        <ele>503.01</ele>
      </trkpt>
      <trkpt lat="43.50636" lon="-71.30988">
        <ele>502.6</ele>
      </trkpt>
      <trkpt lat="43.50633" lon="-71.30994">
        <ele>502.49</ele>
      </trkpt>
      <trkpt lat="43.50629" lon="-71.30997">
        <ele>501.91</ele>
      </trkpt>
      <trkpt lat="43.50626" lon="-71.31003">
        <ele>501.8</ele>
      </trkpt>
      <trkpt lat="43.50625" lon="-71.31009">
        <ele>501.99</ele>
      </trkpt>
      <trkpt lat="43.50624" lon="-71.31016">
        <ele>502.23</ele>
      </trkpt>
      <trkpt lat="43.50621" lon="-71.31023">
        <ele>502.07</ele>
      </trkpt>
      <trkpt lat="43.50618" lon="-71.31027">
        <ele>501.72</ele>
      </trkpt>
      <trkpt lat="43.50616" lon="-71.31034">
        <ele>501.53</ele>
      </trkpt>
      <trkpt lat="43.50614" lon="-71.31039">
        <ele>501.31</ele>
      </trkpt>
      <trkpt lat="43.50615" lon="-71.31046">
        <ele>501.42</ele>
      </trkpt>
      <trkpt lat="43.50618" lon="-71.31052">
        <ele>501.74</ele>
      </trkpt>
      <trkpt lat="43.50619" lon="-71.31058">
        <ele>501.85</ele>
      </trkpt>
      <trkpt lat="43.50619" lon="-71.31066">
        <ele>501.85</ele>
      </trkpt>
      <trkpt lat="43.50619" lon="-71.31072">
        <ele>501.85</ele>
      </trkpt>
      <trkpt lat="43.5062" lon="-71.31079">
        <ele>501.96</ele>
      </trkpt>
      <trkpt lat="43.50622" lon="-71.31085">
        <ele>501.5</ele>
      </trkpt>
      <trkpt lat="43.50625" lon="-71.31089">
        <ele>500.69</ele>
      </trkpt>
      <trkpt lat="43.50628" lon="-71.31095">
        <ele>500.18</ele>
      </trkpt>
      <trkpt lat="43.50628" lon="-71.31102">
        <ele>500.18</ele>
      </trkpt>
      <trkpt lat="43.50628" lon="-71.31108">
        <ele>500.18</ele>
      </trkpt>
      <trkpt lat="43.50631" lon="-71.31113">
        <ele>500.0</ele>
      </trkpt>
      <trkpt lat="43.50635" lon="-71.31117">
        <ele>500.0</ele>
      </trkpt>
      <trkpt lat="43.50639" lon="-71.31121">
        <ele>500.0</ele>
      </trkpt>
      <trkpt lat="43.50643" lon="-71.31125">
        <ele>500.0</ele>
      </trkpt>
      <trkpt lat="43.50645" lon="-71.31131">
        <ele>500.0</ele>
      </trkpt>
      <trkpt lat="43.50647" lon="-71.31137">
        <ele>500.0</ele>
      </trkpt>
      <trkpt lat="43.50649" lon="-71.31143">
        <ele>500.0</ele>
      </trkpt>
      <trkpt lat="43.50651" lon="-71.31149">
        <ele>500.0</ele>
      </trkpt>
      <trkpt lat="43.50653" lon="-71.31155">
        <ele>500.0</ele>
      </trkpt>
      <trkpt lat="43.50653" lon="-71.31162">
        <ele>500.0</ele>
      </trkpt>
      <trkpt lat="43.50655" lon="-71.31168">
        <ele>499.86</ele>
      </trkpt>
      <trkpt lat="43.50656" lon="-71.31175">
        <ele>499.1</ele>
      </trkpt>
      <trkpt lat="43.50656" lon="-71.31181">
        <ele>499.0</ele>
      </trkpt>
      <trkpt lat="43.50658" lon="-71.31187">
        <ele>499.0</ele>
      </trkpt>
      <trkpt lat="43.50662" lon="-71.31191">
        <ele>499.0</ele>
      </trkpt>
      <trkpt lat="43.50666" lon="-71.31192">
        <ele>499.0</ele>
      </trkpt>
      <trkpt lat="43.50668" lon="-71.31186">
        <ele>499.0</ele>
      </trkpt>
      <trkpt lat="43.5067" lon="-71.3118">
        <ele>499.0</ele>
      </trkpt>
      <trkpt lat="43.50672" lon="-71.31174">
        <ele>499.0</ele>
      </trkpt>
      <trkpt lat="43.50676" lon="-71.31171">
        <ele>499.0</ele>
      </trkpt>
      <trkpt lat="43.5068" lon="-71.31167">
        <ele>499.0</ele>
      </trkpt>
      <trkpt lat="43.50685" lon="-71.31164">
        <ele>499.0</ele>
      </trkpt>
      <trkpt lat="43.5069" lon="-71.31162">
        <ele>499.0</ele>
      </trkpt>
      <trkpt lat="43.50695" lon="-71.31162">
        <ele>499.0</ele>
      </trkpt>
      <trkpt lat="43.507" lon="-71.31162">
        <ele>499.0</ele>
      </trkpt>
      <trkpt lat="43.50705" lon="-71.31162">
        <ele>499.0</ele>
      </trkpt>
      <trkpt lat="43.5071" lon="-71.31162">
        <ele>499.0</ele>
      </trkpt>
      <trkpt lat="43.50715" lon="-71.31161">
        <ele>499.0</ele>
      </trkpt>
      <trkpt lat="43.5072" lon="-71.31159">
        <ele>499.0</ele>
      </trkpt>
      <trkpt lat="43.50724" lon="-71.31155">
        <ele>499.4</ele>
      </trkpt>
      <trkpt lat="43.50729" lon="-71.31155">
        <ele>499.8</ele>
      </trkpt>
      <trkpt lat="43.50734" lon="-71.31153">
        <ele>500.0</ele>
      </trkpt>
      <trkpt lat="43.50739" lon="-71.3115">
        <ele>500.0</ele>
      </trkpt>
      <trkpt lat="43.50744" lon="-71.31148">
        <ele>500.36</ele>
      </trkpt>
      <trkpt lat="43.50749" lon="-71.31148">
        <ele>500.89</ele>
      </trkpt>
      <trkpt lat="43.50754" lon="-71.31147">
        <ele>501.0</ele>
      </trkpt>
      <trkpt lat="43.50759" lon="-71.31147">
        <ele>501.0</ele>
      </trkpt>
      <trkpt lat="43.50764" lon="-71.31147">
        <ele>501.0</ele>
      </trkpt>
      <trkpt lat="43.50769" lon="-71.31147">
        <ele>501.0</ele>
      </trkpt>
      <trkpt lat="43.50774" lon="-71.31146">
        <ele>501.0</ele>
      </trkpt>
      <trkpt lat="43.50779" lon="-71.31146">
        <ele>500.87</ele>
      </trkpt>
      <trkpt lat="43.50784" lon="-71.31144">
        <ele>500.33</ele>
      </trkpt>
      <trkpt lat="43.50789" lon="-71.31144">
        <ele>499.79</ele>
      </trkpt>
      <trkpt lat="43.50794" lon="-71.31148">
        <ele>499.25</ele>
      </trkpt>
      <trkpt lat="43.50799" lon="-71.31151">
        <ele>498.71</ele>
      </trkpt>
      <trkpt lat="43.50803" lon="-71.31155">
        <ele>498.28</ele>
      </trkpt>
      <trkpt lat="43.50806" lon="-71.3116">
        <ele>498.0</ele>
      </trkpt>
      <trkpt lat="43.5081" lon="-71.31163">
        <ele>498.0</ele>
      </trkpt>
      <trkpt lat="43.50815" lon="-71.31162">
        <ele>498.0</ele>
      </trkpt>
      <trkpt lat="43.5082" lon="-71.31163">
        <ele>498.0</ele>
      </trkpt>
      <trkpt lat="43.5082" lon="-71.31163">
        <ele>498.0</ele>
      </trkpt>
      <trkpt lat="43.50824" lon="-71.31164">
        <ele>498.0</ele>
      </trkpt>
      <trkpt lat="43.50826" lon="-71.31165">
        <ele>498.0</ele>
      </trkpt>
      <trkpt lat="43.50827" lon="-71.31165">
        <ele>498.0</ele>
      </trkpt>
      <trkpt lat="43.50827" lon="-71.31165">
        <ele>498.0</ele>
      </trkpt>
      <trkpt lat="43.50829" lon="-71.31166">
        <ele>498.0</ele>
      </trkpt>
      <trkpt lat="43.50834" lon="-71.31167">
        <ele>497.97</ele>
      </trkpt>
      <trkpt lat="43.50838" lon="-71.31171">
        <ele>497.77</ele>
      </trkpt>
      <trkpt lat="43.50842" lon="-71.31175">
        <ele>497.94</ele>
      </trkpt>
      <trkpt lat="43.50843" lon="-71.31176">
        <ele>497.99</ele>
      </trkpt>
      <trkpt lat="43.50845" lon="-71.31177">
        <ele>497.91</ele>
      </trkpt>
      <trkpt lat="43.50849" lon="-71.31179">
        <ele>497.9</ele>
      </trkpt>
      <trkpt lat="43.50854" lon="-71.31181">
        <ele>498.23</ele>
      </trkpt>
      <trkpt lat="43.50858" lon="-71.31184">
        <ele>498.66</ele>
      </trkpt>
      <trkpt lat="43.50863" lon="-71.31184">
        <ele>499.0</ele>
      </trkpt>
      <trkpt lat="43.50867" lon="-71.31186">
        <ele>499.0</ele>
      </trkpt>
      <trkpt lat="43.50872" lon="-71.31188">
        <ele>499.35</ele>
      </trkpt>
      <trkpt lat="43.50875" lon="-71.31193">
        <ele>500.0</ele>
      </trkpt>
      <trkpt lat="43.50879" lon="-71.31197">
        <ele>500.86</ele>
      </trkpt>
      <trkpt lat="43.50883" lon="-71.31201">
        <ele>501.36</ele>
      </trkpt>
      <trkpt lat="43.50887" lon="-71.31204">
        <ele>501.82</ele>
      </trkpt>
      <trkpt lat="43.50891" lon="-71.31208">
        <ele>502.92</ele>
      </trkpt>
      <trkpt lat="43.50894" lon="-71.31213">
        <ele>504.1</ele>
      </trkpt>
      <trkpt lat="43.50899" lon="-71.31216">
        <ele>505.09</ele>
      </trkpt>
      <trkpt lat="43.50903" lon="-71.31219">
        <ele>505.52</ele>
      </trkpt>
      <trkpt lat="43.50907" lon="-71.31222">
        <ele>505.96</ele>
      </trkpt>
      <trkpt lat="43.50912" lon="-71.31226">
        <ele>506.99</ele>
      </trkpt>
      <trkpt lat="43.50917" lon="-71.31228">
        <ele>508.06</ele>
      </trkpt>
      <trkpt lat="43.50921" lon="-71.3123">
        <ele>508.86</ele>
      </trkpt>
      <trkpt lat="43.50925" lon="-71.3123">
        <ele>509.66</ele>
      </trkpt>
      <trkpt lat="43.5093" lon="-71.31232">
        <ele>510.46</ele>
      </trkpt>
      <trkpt lat="43.50935" lon="-71.31232">
        <ele>511.03</ele>
      </trkpt>
      <trkpt lat="43.5094" lon="-71.31235">
        <ele>512.42</ele>
      </trkpt>
      <trkpt lat="43.50945" lon="-71.31238">
        <ele>513.82</ele>
      </trkpt>
      <trkpt lat="43.5095" lon="-71.31239">
        <ele>515.01</ele>
      </trkpt>
      <trkpt lat="43.50954" lon="-71.31241">
        <ele>516.09</ele>
      </trkpt>
      <trkpt lat="43.50959" lon="-71.31243">
        <ele>517.39</ele>
      </trkpt>
      <trkpt lat="43.50963" lon="-71.31244">
        <ele>518.36</ele>
      </trkpt>
      <trkpt lat="43.50966" lon="-71.31245">
        <ele>518.79</ele>
      </trkpt>
      <trkpt lat="43.50971" lon="-71.31249">
        <ele>519.76</ele>
      </trkpt>
      <trkpt lat="43.50975" lon="-71.31253">
        <ele>520.4</ele>
      </trkpt>
      <trkpt lat="43.50979" lon="-71.31257">
        <ele>521.29</ele>
      </trkpt>
      <trkpt lat="43.50983" lon="-71.3126">
        <ele>522.39</ele>
      </trkpt>
      <trkpt lat="43.50987" lon="-71.31263">
        <ele>523.36</ele>
      </trkpt>
      <trkpt lat="43.5099" lon="-71.31267">
        <ele>523.91</ele>
      </trkpt>
      <trkpt lat="43.50994" lon="-71.3127">
        <ele>524.86</ele>
      </trkpt>
      <trkpt lat="43.50999" lon="-71.3127">
        <ele>525.94</ele>
      </trkpt>
      <trkpt lat="43.51004" lon="-71.3127">
        <ele>527.02</ele>
      </trkpt>
      <trkpt lat="43.51008" lon="-71.31272">
        <ele>528.1</ele>
      </trkpt>
      <trkpt lat="43.51012" lon="-71.31275">
        <ele>529.29</ele>
      </trkpt>
      <trkpt lat="43.51016" lon="-71.31279">
        <ele>530.59</ele>
      </trkpt>
      <trkpt lat="43.5102" lon="-71.3128">
        <ele>531.56</ele>
      </trkpt>
      <trkpt lat="43.51024" lon="-71.31285">
        <ele>532.96</ele>
      </trkpt>
      <trkpt lat="43.51029" lon="-71.31289">
        <ele>534.29</ele>
      </trkpt>
      <trkpt lat="43.51033" lon="-71.3129">
        <ele>535.31</ele>
      </trkpt>
      <trkpt lat="43.51038" lon="-71.31292">
        <ele>536.85</ele>
      </trkpt>
      <trkpt lat="43.51043" lon="-71.31294">
        <ele>538.68</ele>
      </trkpt>
      <trkpt lat="43.51047" lon="-71.31297">
        <ele>540.38</ele>
      </trkpt>
      <trkpt lat="43.51051" lon="-71.313">
        <ele>542.43</ele>
      </trkpt>
      <trkpt lat="43.51055" lon="-71.31305">
        <ele>544.7</ele>
      </trkpt>
      <trkpt lat="43.51056" lon="-71.31309">
        <ele>545.56</ele>
      </trkpt>
      <trkpt lat="43.51057" lon="-71.31311">
        <ele>546.21</ele>
      </trkpt>
      <trkpt lat="43.5106" lon="-71.31313">
        <ele>547.72</ele>
      </trkpt>
      <trkpt lat="43.51061" lon="-71.31319">
        <ele>548.35</ele>
      </trkpt>
      <trkpt lat="43.51062" lon="-71.31319">
        <ele>548.78</ele>
      </trkpt>
      <trkpt lat="43.51065" lon="-71.31321">
        <ele>550.07</ele>
      </trkpt>
      <trkpt lat="43.51067" lon="-71.31321">
        <ele>550.87</ele>
      </trkpt>
      <trkpt lat="43.51068" lon="-71.3132">
        <ele>551.22</ele>
      </trkpt>
      <trkpt lat="43.51071" lon="-71.31316">
        <ele>552.09</ele>
      </trkpt>
      <trkpt lat="43.51073" lon="-71.31317">
        <ele>552.86</ele>
      </trkpt>
      <trkpt lat="43.51075" lon="-71.3132">
        <ele>553.96</ele>
      </trkpt>
      <trkpt lat="43.51079" lon="-71.31324">
        <ele>556.12</ele>
      </trkpt>
      <trkpt lat="43.51083" lon="-71.31328">
        <ele>557.86</ele>
      </trkpt>
      <trkpt lat="43.51087" lon="-71.31331">
        <ele>559.58</ele>
      </trkpt>
      <trkpt lat="43.51091" lon="-71.31332">
        <ele>561.31</ele>
      </trkpt>
      <trkpt lat="43.51095" lon="-71.31334">
        <ele>563.09</ele>
      </trkpt>
      <trkpt lat="43.51099" lon="-71.31335">
        <ele>564.82</ele>
      </trkpt>
      <trkpt lat="43.51104" lon="-71.31334">
        <ele>566.7</ele>
      </trkpt>
      <trkpt lat="43.51109" lon="-71.31333">
        <ele>568.28</ele>
      </trkpt>
      <trkpt lat="43.51113" lon="-71.3133">
        <ele>569.33</ele>
      </trkpt>
      <trkpt lat="43.51118" lon="-71.31329">
        <ele>571.11</ele>
      </trkpt>
      <trkpt lat="43.51122" lon="-71.31331">
        <ele>572.35</ele>
      </trkpt>
      <trkpt lat="43.51123" lon="-71.31331">
        <ele>572.57</ele>
      </trkpt>
      <trkpt lat="43.51123" lon="-71.31331">
        <ele>572.57</ele>
      </trkpt>
      <trkpt lat="43.51123" lon="-71.31329">
        <ele>572.57</ele>
      </trkpt>
      <trkpt lat="43.51122" lon="-71.31322">
        <ele>572.13</ele>
      </trkpt>
      <trkpt lat="43.51125" lon="-71.31317">
        <ele>572.24</ele>
      </trkpt>
      <trkpt lat="43.51129" lon="-71.31312">
        <ele>572.54</ele>
      </trkpt>
      <trkpt lat="43.51132" lon="-71.31306">
        <ele>572.56</ele>
      </trkpt>
      <trkpt lat="43.51134" lon="-71.31299">
        <ele>572.24</ele>
      </trkpt>
      <trkpt lat="43.51136" lon="-71.31292">
        <ele>571.45</ele>
      </trkpt>
      <trkpt lat="43.51137" lon="-71.31289">
        <ele>571.02</ele>
      </trkpt>
      <trkpt lat="43.51137" lon="-71.31295">
        <ele>572.31</ele>
      </trkpt>
      <trkpt lat="43.51134" lon="-71.31301">
        <ele>572.45</ele>
      </trkpt>
      <trkpt lat="43.51132" lon="-71.31307">
        <ele>572.67</ele>
      </trkpt>
      <trkpt lat="43.51129" lon="-71.31312">
        <ele>572.54</ele>
      </trkpt>
      <trkpt lat="43.51126" lon="-71.31317">
        <ele>572.45</ele>
      </trkpt>
      <trkpt lat="43.51125" lon="-71.31324">
        <ele>572.99</ele>
      </trkpt>
      <trkpt lat="43.51126" lon="-71.31331">
        <ele>573.22</ele>
      </trkpt>
      <trkpt lat="43.51126" lon="-71.31338">
        <ele>573.22</ele>
      </trkpt>
      <trkpt lat="43.51125" lon="-71.31346">
        <ele>573.0</ele>
      </trkpt>
      <trkpt lat="43.51125" lon="-71.31352">
        <ele>573.0</ele>
      </trkpt>
      <trkpt lat="43.51126" lon="-71.31358">
        <ele>573.22</ele>
      </trkpt>
      <trkpt lat="43.51124" lon="-71.3136">
        <ele>572.78</ele>
      </trkpt>
      <trkpt lat="43.51124" lon="-71.3136">
        <ele>572.78</ele>
      </trkpt>
      <trkpt lat="43.51123" lon="-71.3136">
        <ele>572.57</ele>
      </trkpt>
      <trkpt lat="43.51119" lon="-71.31363">
        <ele>571.67</ele>
      </trkpt>
      <trkpt lat="43.51117" lon="-71.31369">
        <ele>570.96</ele>
      </trkpt>
      <trkpt lat="43.51115" lon="-71.31375">
        <ele>570.05</ele>
      </trkpt>
      <trkpt lat="43.51113" lon="-71.31382">
        <ele>569.15</ele>
      </trkpt>
      <trkpt lat="43.51111" lon="-71.31388">
        <ele>568.07</ele>
      </trkpt>
      <trkpt lat="43.51106" lon="-71.31392">
        <ele>566.71</ele>
      </trkpt>
      <trkpt lat="43.51102" lon="-71.31397">
        <ele>565.17</ele>
      </trkpt>
      <trkpt lat="43.511" lon="-71.31403">
        <ele>564.2</ele>
      </trkpt>
      <trkpt lat="43.511" lon="-71.3141">
        <ele>563.92</ele>
      </trkpt>
      <trkpt lat="43.511" lon="-71.31418">
        <ele>562.94</ele>
      </trkpt>
      <trkpt lat="43.51101" lon="-71.31424">
        <ele>562.12</ele>
      </trkpt>
      <trkpt lat="43.51103" lon="-71.3143">
        <ele>562.0</ele>
      </trkpt>
      <trkpt lat="43.51106" lon="-71.31436">
        <ele>562.17</ele>
      </trkpt>
      <trkpt lat="43.5111" lon="-71.3144">
        <ele>562.6</ele>
      </trkpt>
      <trkpt lat="43.51115" lon="-71.31439">
        <ele>564.02</ele>
      </trkpt>
      <trkpt lat="43.51119" lon="-71.31443">
        <ele>564.02</ele>
      </trkpt>
      <trkpt lat="43.51122" lon="-71.31447">
        <ele>563.9</ele>
      </trkpt>
      <trkpt lat="43.51124" lon="-71.31454">
        <ele>563.36</ele>
      </trkpt>
      <trkpt lat="43.51127" lon="-71.3146">
        <ele>563.04</ele>
      </trkpt>
      <trkpt lat="43.51128" lon="-71.31466">
        <ele>562.5</ele>
      </trkpt>
      <trkpt lat="43.51132" lon="-71.31472">
        <ele>562.28</ele>
      </trkpt>
      <trkpt lat="43.51136" lon="-71.31478">
        <ele>562.06</ele>
      </trkpt>
      <trkpt lat="43.5114" lon="-71.31482">
        <ele>561.95</ele>
      </trkpt>
      <trkpt lat="43.51144" lon="-71.31487">
        <ele>561.73</ele>
      </trkpt>
      <trkpt lat="43.51148" lon="-71.31491">
        <ele>561.96</ele>
      </trkpt>
      <trkpt lat="43.51153" lon="-71.31494">
        <ele>561.83</ele>
      </trkpt>
      <trkpt lat="43.51157" lon="-71.31498">
        <ele>561.97</ele>
      </trkpt>
      <trkpt lat="43.5116" lon="-71.31504">
        <ele>561.69</ele>
      </trkpt>
      <trkpt lat="43.51163" lon="-71.31509">
        <ele>561.62</ele>
      </trkpt>
      <trkpt lat="43.51168" lon="-71.31512">
        <ele>561.7</ele>
      </trkpt>
      <trkpt lat="43.51172" lon="-71.31514">
        <ele>561.49</ele>
      </trkpt>
      <trkpt lat="43.51177" lon="-71.31515">
        <ele>561.45</ele>
      </trkpt>
      <trkpt lat="43.51182" lon="-71.31517">
        <ele>561.71</ele>
      </trkpt>
      <trkpt lat="43.51187" lon="-71.31517">
        <ele>562.0</ele>
      </trkpt>
      <trkpt lat="43.51191" lon="-71.3152">
        <ele>561.94</ele>
      </trkpt>
      <trkpt lat="43.51194" lon="-71.31526">
        <ele>561.96</ele>
      </trkpt>
      <trkpt lat="43.51197" lon="-71.31531">
        <ele>561.65</ele>
      </trkpt>
      <trkpt lat="43.51201" lon="-71.31536">
        <ele>561.11</ele>
      </trkpt>
      <trkpt lat="43.51205" lon="-71.31537">
        <ele>561.14</ele>
      </trkpt>
      <trkpt lat="43.5121" lon="-71.3154">
        <ele>561.36</ele>
      </trkpt>
      <trkpt lat="43.51215" lon="-71.31541">
        <ele>561.67</ele>
      </trkpt>
      <trkpt lat="43.5122" lon="-71.31544">
        <ele>561.82</ele>
      </trkpt>
      <trkpt lat="43.51224" lon="-71.3155">
        <ele>561.68</ele>
      </trkpt>
      <trkpt lat="43.51228" lon="-71.31554">
        <ele>561.69</ele>
      </trkpt>
      <trkpt lat="43.51232" lon="-71.31557">
        <ele>561.7</ele>
      </trkpt>
      <trkpt lat="43.51234" lon="-71.31563">
        <ele>560.61</ele>
      </trkpt>
      <trkpt lat="43.51236" lon="-71.31569">
        <ele>559.12</ele>
      </trkpt>
      <trkpt lat="43.5124" lon="-71.31574">
        <ele>558.78</ele>
      </trkpt>
      <trkpt lat="43.51244" lon="-71.31575">
        <ele>558.99</ele>
      </trkpt>
      <trkpt lat="43.51249" lon="-71.31576">
        <ele>559.25</ele>
      </trkpt>
      <trkpt lat="43.51254" lon="-71.31575">
        <ele>560.18</ele>
      </trkpt>
      <trkpt lat="43.51258" lon="-71.31576">
        <ele>560.42</ele>
      </trkpt>
      <trkpt lat="43.51264" lon="-71.3158">
        <ele>560.05</ele>
      </trkpt>
      <trkpt lat="43.51269" lon="-71.31582">
        <ele>560.2</ele>
      </trkpt>
      <trkpt lat="43.51273" lon="-71.31584">
        <ele>560.27</ele>
      </trkpt>
      <trkpt lat="43.51279" lon="-71.31586">
        <ele>560.21</ele>
      </trkpt>
      <trkpt lat="43.51284" lon="-71.31589">
        <ele>559.99</ele>
      </trkpt>
      <trkpt lat="43.51288" lon="-71.31592">
        <ele>560.07</ele>
      </trkpt>
      <trkpt lat="43.51293" lon="-71.31595">
        <ele>559.39</ele>
      </trkpt>
      <trkpt lat="43.51297" lon="-71.31599">
        <ele>558.67</ele>
      </trkpt>
      <trkpt lat="43.51302" lon="-71.31601">
        <ele>558.74</ele>
      </trkpt>
      <trkpt lat="43.51307" lon="-71.316">
        <ele>559.2</ele>
      </trkpt>
      <trkpt lat="43.51312" lon="-71.31602">
        <ele>558.97</ele>
      </trkpt>
      <trkpt lat="43.51317" lon="-71.31605">
        <ele>558.32</ele>
      </trkpt>
      <trkpt lat="43.51321" lon="-71.31607">
        <ele>557.89</ele>
      </trkpt>
      <trkpt lat="43.51324" lon="-71.31611">
        <ele>557.02</ele>
      </trkpt>
      <trkpt lat="43.51325" lon="-71.31613">
        <ele>556.59</ele>
      </trkpt>
      <trkpt lat="43.51328" lon="-71.31617">
        <ele>555.73</ele>
      </trkpt>
      <trkpt lat="43.51332" lon="-71.31622">
        <ele>554.65</ele>
      </trkpt>
      <trkpt lat="43.51335" lon="-71.31626">
        <ele>553.67</ele>
      </trkpt>
      <trkpt lat="43.51337" lon="-71.3163">
        <ele>552.46</ele>
      </trkpt>
      <trkpt lat="43.51333" lon="-71.31633">
        <ele>551.54</ele>
      </trkpt>
      <trkpt lat="43.51331" lon="-71.31637">
        <ele>549.82</ele>
      </trkpt>
      <trkpt lat="43.51328" lon="-71.31643">
        <ele>547.16</ele>
      </trkpt>
      <trkpt lat="43.51326" lon="-71.31649">
        <ele>544.05</ele>
      </trkpt>
      <trkpt lat="43.51323" lon="-71.31654">
        <ele>541.28</ele>
      </trkpt>
      <trkpt lat="43.5132" lon="-71.31659">
        <ele>538.43</ele>
      </trkpt>
      <trkpt lat="43.51318" lon="-71.31661">
        <ele>537.14</ele>
      </trkpt>
      <trkpt lat="43.51315" lon="-71.31665">
        <ele>534.76</ele>
      </trkpt>
      <trkpt lat="43.51312" lon="-71.31667">
        <ele>533.28</ele>
      </trkpt>
      <trkpt lat="43.51312" lon="-71.31668">
        <ele>532.96</ele>
      </trkpt>
      <trkpt lat="43.51316" lon="-71.31673">
        <ele>532.2</ele>
      </trkpt>
      <trkpt lat="43.5132" lon="-71.31676">
        <ele>532.09</ele>
      </trkpt>
      <trkpt lat="43.51325" lon="-71.31676">
        <ele>533.07</ele>
      </trkpt>
      <trkpt lat="43.5133" lon="-71.31675">
        <ele>534.0</ele>
      </trkpt>
      <trkpt lat="43.51334" lon="-71.31678">
        <ele>533.44</ele>
      </trkpt>
      <trkpt lat="43.51339" lon="-71.31678">
        <ele>534.28</ele>
      </trkpt>
      <trkpt lat="43.51344" lon="-71.31675">
        <ele>536.32</ele>
      </trkpt>
      <trkpt lat="43.51349" lon="-71.31676">
        <ele>535.97</ele>
      </trkpt>
      <trkpt lat="43.51346" lon="-71.31677">
        <ele>535.46</ele>
      </trkpt>
      <trkpt lat="43.51347" lon="-71.31678">
        <ele>534.99</ele>
      </trkpt>
      <trkpt lat="43.51349" lon="-71.31675">
        <ele>536.37</ele>
      </trkpt>
      <trkpt lat="43.51352" lon="-71.31676">
        <ele>535.97</ele>
      </trkpt>
      <trkpt lat="43.51354" lon="-71.31674">
        <ele>536.78</ele>
      </trkpt>
      <trkpt lat="43.51354" lon="-71.31673">
        <ele>537.19</ele>
      </trkpt>
      <trkpt lat="43.51358" lon="-71.31671">
        <ele>537.77</ele>
      </trkpt>
      <trkpt lat="43.51362" lon="-71.31668">
        <ele>538.47</ele>
      </trkpt>
      <trkpt lat="43.51366" lon="-71.31668">
        <ele>538.04</ele>
      </trkpt>
      <trkpt lat="43.5137" lon="-71.31672">
        <ele>536.31</ele>
      </trkpt>
      <trkpt lat="43.51373" lon="-71.31672">
        <ele>535.7</ele>
      </trkpt>
      <trkpt lat="43.51377" lon="-71.31674">
        <ele>534.19</ele>
      </trkpt>
      <trkpt lat="43.51379" lon="-71.31678">
        <ele>532.45</ele>
      </trkpt>
      <trkpt lat="43.51378" lon="-71.3168">
        <ele>531.95</ele>
      </trkpt>
      <trkpt lat="43.51376" lon="-71.3168">
        <ele>532.29</ele>
      </trkpt>
      <trkpt lat="43.51377" lon="-71.31681">
        <ele>531.77</ele>
      </trkpt>
      <trkpt lat="43.51381" lon="-71.31679">
        <ele>531.86</ele>
      </trkpt>
      <trkpt lat="43.51386" lon="-71.31681">
        <ele>530.67</ele>
      </trkpt>
      <trkpt lat="43.5139" lon="-71.31685">
        <ele>528.82</ele>
      </trkpt>
      <trkpt lat="43.51394" lon="-71.31684">
        <ele>528.28</ele>
      </trkpt>
      <trkpt lat="43.51399" lon="-71.31684">
        <ele>527.19</ele>
      </trkpt>
      <trkpt lat="43.51404" lon="-71.31686">
        <ele>525.56</ele>
      </trkpt>
      <trkpt lat="43.51405" lon="-71.31691">
        <ele>524.26</ele>
      </trkpt>
      <trkpt lat="43.51406" lon="-71.31697">
        <ele>522.75</ele>
      </trkpt>
      <trkpt lat="43.51407" lon="-71.31703">
        <ele>521.24</ele>
      </trkpt>
      <trkpt lat="43.51406" lon="-71.31709">
        <ele>520.65</ele>
      </trkpt>
      <trkpt lat="43.51407" lon="-71.31716">
        <ele>519.39</ele>
      </trkpt>
      <trkpt lat="43.51407" lon="-71.31723">
        <ele>517.96</ele>
      </trkpt>
      <trkpt lat="43.51407" lon="-71.3173">
        <ele>517.2</ele>
      </trkpt>
      <trkpt lat="43.51408" lon="-71.31737">
        <ele>515.72</ele>
      </trkpt>
      <trkpt lat="43.51408" lon="-71.31743">
        <ele>514.68</ele>
      </trkpt>
      <trkpt lat="43.5141" lon="-71.3175">
        <ele>513.44</ele>
      </trkpt>
      <trkpt lat="43.51412" lon="-71.31758">
        <ele>511.71</ele>
      </trkpt>
      <trkpt lat="43.51412" lon="-71.31765">
        <ele>510.26</ele>
      </trkpt>
      <trkpt lat="43.51412" lon="-71.31772">
        <ele>508.75</ele>
      </trkpt>
      <trkpt lat="43.51413" lon="-71.31778">
        <ele>507.35</ele>
      </trkpt>
      <trkpt lat="43.51414" lon="-71.31785">
        <ele>505.73</ele>
      </trkpt>
      <trkpt lat="43.51415" lon="-71.31792">
        <ele>504.11</ele>
      </trkpt>
      <trkpt lat="43.51415" lon="-71.31798">
        <ele>503.0</ele>
      </trkpt>
      <trkpt lat="43.51413" lon="-71.31804">
        <ele>502.56</ele>
      </trkpt>
      <trkpt lat="43.51409" lon="-71.31809">
        <ele>502.46</ele>
      </trkpt>
      <trkpt lat="43.51405" lon="-71.31813">
        <ele>502.25</ele>
      </trkpt>
      <trkpt lat="43.51401" lon="-71.31817">
        <ele>501.69</ele>
      </trkpt>
      <trkpt lat="43.51399" lon="-71.31819">
        <ele>501.51</ele>
      </trkpt>
      <trkpt lat="43.51396" lon="-71.3182">
        <ele>501.67</ele>
      </trkpt>
      <trkpt lat="43.51396" lon="-71.31825">
        <ele>501.11</ele>
      </trkpt>
      <trkpt lat="43.51394" lon="-71.31831">
        <ele>500.36</ele>
      </trkpt>
      <trkpt lat="43.51396" lon="-71.31838">
        <ele>499.11</ele>
      </trkpt>
      <trkpt lat="43.51396" lon="-71.31845">
        <ele>497.97</ele>
      </trkpt>
      <trkpt lat="43.51397" lon="-71.31851">
        <ele>497.22</ele>
      </trkpt>
      <trkpt lat="43.51397" lon="-71.31858">
        <ele>496.46</ele>
      </trkpt>
      <trkpt lat="43.51397" lon="-71.31865">
        <ele>495.7</ele>
      </trkpt>
      <trkpt lat="43.51394" lon="-71.31872">
        <ele>495.19</ele>
      </trkpt>
      <trkpt lat="43.51391" lon="-71.31877">
        <ele>494.5</ele>
      </trkpt>
      <trkpt lat="43.51386" lon="-71.3188">
        <ele>494.3</ele>
      </trkpt>
      <trkpt lat="43.51381" lon="-71.31881">
        <ele>494.73</ele>
      </trkpt>
      <trkpt lat="43.51376" lon="-71.31884">
        <ele>494.53</ele>
      </trkpt>
      <trkpt lat="43.51373" lon="-71.3189">
        <ele>493.88</ele>
      </trkpt>
      <trkpt lat="43.5137" lon="-71.31895">
        <ele>493.34</ele>
      </trkpt>
      <trkpt lat="43.51365" lon="-71.31898">
        <ele>493.02</ele>
      </trkpt>
      <trkpt lat="43.5136" lon="-71.31899">
        <ele>493.0</ele>
      </trkpt>
      <trkpt lat="43.51357" lon="-71.31903">
        <ele>493.0</ele>
      </trkpt>
      <trkpt lat="43.51355" lon="-71.3191">
        <ele>492.72</ele>
      </trkpt>
      <trkpt lat="43.51354" lon="-71.31917">
        <ele>492.0</ele>
      </trkpt>
      <trkpt lat="43.51349" lon="-71.31918">
        <ele>492.0</ele>
      </trkpt>
      <trkpt lat="43.51344" lon="-71.31919">
        <ele>492.0</ele>
      </trkpt>
      <trkpt lat="43.51339" lon="-71.31921">
        <ele>491.82</ele>
      </trkpt>
      <trkpt lat="43.51335" lon="-71.31926">
        <ele>491.18</ele>
      </trkpt>
      <trkpt lat="43.51335" lon="-71.31934">
        <ele>491.02</ele>
      </trkpt>
      <trkpt lat="43.51334" lon="-71.3194">
        <ele>491.0</ele>
      </trkpt>
      <trkpt lat="43.51333" lon="-71.31947">
        <ele>490.7</ele>
      </trkpt>
      <trkpt lat="43.51328" lon="-71.31948">
        <ele>490.26</ele>
      </trkpt>
      <trkpt lat="43.51323" lon="-71.31952">
        <ele>489.88</ele>
      </trkpt>
      <trkpt lat="43.51319" lon="-71.31955">
        <ele>489.45</ele>
      </trkpt>
      <trkpt lat="43.51314" lon="-71.31958">
        <ele>488.91</ele>
      </trkpt>
      <trkpt lat="43.5131" lon="-71.31961">
        <ele>488.48</ele>
      </trkpt>
      <trkpt lat="43.51305" lon="-71.31962">
        <ele>488.0</ele>
      </trkpt>
      <trkpt lat="43.513" lon="-71.31963">
        <ele>488.0</ele>
      </trkpt>
      <trkpt lat="43.51295" lon="-71.31962">
        <ele>487.86</ele>
      </trkpt>
      <trkpt lat="43.51291" lon="-71.31962">
        <ele>487.43</ele>
      </trkpt>
      <trkpt lat="43.51286" lon="-71.31966">
        <ele>487.04</ele>
      </trkpt>
      <trkpt lat="43.51282" lon="-71.31969">
        <ele>487.35</ele>
      </trkpt>
      <trkpt lat="43.51282" lon="-71.31969">
        <ele>487.35</ele>
      </trkpt>
      <trkpt lat="43.5128" lon="-71.31969">
        <ele>487.5</ele>
      </trkpt>
      <trkpt lat="43.51276" lon="-71.31972">
        <ele>488.73</ele>
      </trkpt>
      <trkpt lat="43.51275" lon="-71.31978">
        <ele>490.45</ele>
      </trkpt>
      <trkpt lat="43.51271" lon="-71.31982">
        <ele>493.0</ele>
      </trkpt>
      <trkpt lat="43.51268" lon="-71.31987">
        <ele>494.62</ele>
      </trkpt>
      <trkpt lat="43.51267" lon="-71.31994">
        <ele>494.65</ele>
      </trkpt>
      <trkpt lat="43.51266" lon="-71.32">
        <ele>494.0</ele>
      </trkpt>
      <trkpt lat="43.51265" lon="-71.32006">
        <ele>493.35</ele>
      </trkpt>
      <trkpt lat="43.51265" lon="-71.32014">
        <ele>492.68</ele>
      </trkpt>
      <trkpt lat="43.51266" lon="-71.32021">
        <ele>492.0</ele>
      </trkpt>
      <trkpt lat="43.51268" lon="-71.32027">
        <ele>491.14</ele>
      </trkpt>
      <trkpt lat="43.51268" lon="-71.32035">
        <ele>490.28</ele>
      </trkpt>
      <trkpt lat="43.51268" lon="-71.32042">
        <ele>490.03</ele>
      </trkpt>
      <trkpt lat="43.51267" lon="-71.32049">
        <ele>489.76</ele>
      </trkpt>
      <trkpt lat="43.51266" lon="-71.32056">
        <ele>489.31</ele>
      </trkpt>
      <trkpt lat="43.51263" lon="-71.32061">
        <ele>489.83</ele>
      </trkpt>
      <trkpt lat="43.5126" lon="-71.32067">
        <ele>490.0</ele>
      </trkpt>
      <trkpt lat="43.51257" lon="-71.32074">
        <ele>490.0</ele>
      </trkpt>
      <trkpt lat="43.51255" lon="-71.32079">
        <ele>490.53</ele>
      </trkpt>
      <trkpt lat="43.51254" lon="-71.32085">
        <ele>490.92</ele>
      </trkpt>
      <trkpt lat="43.51254" lon="-71.32091">
        <ele>490.64</ele>
      </trkpt>
      <trkpt lat="43.51255" lon="-71.32097">
        <ele>490.72</ele>
      </trkpt>
      <trkpt lat="43.51252" lon="-71.32103">
        <ele>491.1</ele>
      </trkpt>
      <trkpt lat="43.51249" lon="-71.32108">
        <ele>491.7</ele>
      </trkpt>
      <trkpt lat="43.51246" lon="-71.32115">
        <ele>492.18</ele>
      </trkpt>
      <trkpt lat="43.51244" lon="-71.32121">
        <ele>492.67</ele>
      </trkpt>
      <trkpt lat="43.51243" lon="-71.32127">
        <ele>492.93</ele>
      </trkpt>
      <trkpt lat="43.51241" lon="-71.32133">
        <ele>493.72</ele>
      </trkpt>
      <trkpt lat="43.51242" lon="-71.32138">
        <ele>494.69</ele>
      </trkpt>
      <trkpt lat="43.51243" lon="-71.32141">
        <ele>495.21</ele>
      </trkpt>
      <trkpt lat="43.5124" lon="-71.32142">
        <ele>495.67</ele>
      </trkpt>
      <trkpt lat="43.51239" lon="-71.32143">
        <ele>495.89</ele>
      </trkpt>
      <trkpt lat="43.51238" lon="-71.32149">
        <ele>497.21</ele>
      </trkpt>
      <trkpt lat="43.51238" lon="-71.32156">
        <ele>498.95</ele>
      </trkpt>
      <trkpt lat="43.5124" lon="-71.32162">
        <ele>500.53</ele>
      </trkpt>
      <trkpt lat="43.5124" lon="-71.32169">
        <ele>502.5</ele>
      </trkpt>
      <trkpt lat="43.51243" lon="-71.32175">
        <ele>503.56</ele>
      </trkpt>
      <trkpt lat="43.51247" lon="-71.32178">
        <ele>503.77</ele>
      </trkpt>
      <trkpt lat="43.5125" lon="-71.32184">
        <ele>504.74</ele>
      </trkpt>
      <trkpt lat="43.5125" lon="-71.32191">
        <ele>506.26</ele>
      </trkpt>
      <trkpt lat="43.51249" lon="-71.32197">
        <ele>507.66</ele>
      </trkpt>
      <trkpt lat="43.51248" lon="-71.32203">
        <ele>509.06</ele>
      </trkpt>
      <trkpt lat="43.51247" lon="-71.32209">
        <ele>510.08</ele>
      </trkpt>
      <trkpt lat="43.51246" lon="-71.32215">
        <ele>511.3</ele>
      </trkpt>
      <trkpt lat="43.51245" lon="-71.32221">
        <ele>512.82</ele>
      </trkpt>
      <trkpt lat="43.51244" lon="-71.32228">
        <ele>514.54</ele>
      </trkpt>
      <trkpt lat="43.51241" lon="-71.32234">
        <ele>516.48</ele>
      </trkpt>
      <trkpt lat="43.51238" lon="-71.32238">
        <ele>518.09</ele>
      </trkpt>
      <trkpt lat="43.51238" lon="-71.32245">
        <ele>518.59</ele>
      </trkpt>
      <trkpt lat="43.5124" lon="-71.32252">
        <ele>518.14</ele>
      </trkpt>
      <trkpt lat="43.51244" lon="-71.32257">
        <ele>517.56</ele>
      </trkpt>
      <trkpt lat="43.51247" lon="-71.32262">
        <ele>517.32</ele>
      </trkpt>
      <trkpt lat="43.51247" lon="-71.32269">
        <ele>517.32</ele>
      </trkpt>
      <trkpt lat="43.51246" lon="-71.32276">
        <ele>517.43</ele>
      </trkpt>
      <trkpt lat="43.51248" lon="-71.32282">
        <ele>517.22</ele>
      </trkpt>
      <trkpt lat="43.51249" lon="-71.32289">
        <ele>517.11</ele>
      </trkpt>
      <trkpt lat="43.5125" lon="-71.32296">
        <ele>517.0</ele>
      </trkpt>
      <trkpt lat="43.51252" lon="-71.32303">
        <ele>516.78</ele>
      </trkpt>
      <trkpt lat="43.51251" lon="-71.32309">
        <ele>516.93</ele>
      </trkpt>
      <trkpt lat="43.51252" lon="-71.32315">
        <ele>517.0</ele>
      </trkpt>
      <trkpt lat="43.51251" lon="-71.32322">
        <ele>517.0</ele>
      </trkpt>
      <trkpt lat="43.51253" lon="-71.32328">
        <ele>517.0</ele>
      </trkpt>
      <trkpt lat="43.51256" lon="-71.32334">
        <ele>517.05</ele>
      </trkpt>
      <trkpt lat="43.51259" lon="-71.32339">
        <ele>517.59</ele>
      </trkpt>
      <trkpt lat="43.51262" lon="-71.32344">
        <ele>518.0</ele>
      </trkpt>
      <trkpt lat="43.51265" lon="-71.32349">
        <ele>518.0</ele>
      </trkpt>
      <trkpt lat="43.51268" lon="-71.32354">
        <ele>518.22</ele>
      </trkpt>
      <trkpt lat="43.51271" lon="-71.32358">
        <ele>518.93</ele>
      </trkpt>
      <trkpt lat="43.51275" lon="-71.32364">
        <ele>519.7</ele>
      </trkpt>
      <trkpt lat="43.51278" lon="-71.3237">
        <ele>520.02</ele>
      </trkpt>
      <trkpt lat="43.51281" lon="-71.32375">
        <ele>520.67</ele>
      </trkpt>
      <trkpt lat="43.51284" lon="-71.32379">
        <ele>520.98</ele>
      </trkpt>
      <trkpt lat="43.51286" lon="-71.32386">
        <ele>521.61</ele>
      </trkpt>
      <trkpt lat="43.51288" lon="-71.32393">
        <ele>522.44</ele>
      </trkpt>
      <trkpt lat="43.51288" lon="-71.324">
        <ele>523.2</ele>
      </trkpt>
      <trkpt lat="43.51289" lon="-71.32407">
        <ele>523.96</ele>
      </trkpt>
      <trkpt lat="43.5129" lon="-71.32413">
        <ele>524.8</ele>
      </trkpt>
      <trkpt lat="43.51289" lon="-71.3242">
        <ele>525.93</ele>
      </trkpt>
      <trkpt lat="43.51289" lon="-71.32427">
        <ele>527.44</ele>
      </trkpt>
      <trkpt lat="43.5129" lon="-71.32433">
        <ele>528.85</ele>
      </trkpt>
      <trkpt lat="43.51288" lon="-71.3244">
        <ele>530.14</ele>
      </trkpt>
      <trkpt lat="43.51285" lon="-71.32445">
        <ele>530.68</ele>
      </trkpt>
      <trkpt lat="43.51287" lon="-71.32452">
        <ele>532.62</ele>
      </trkpt>
      <trkpt lat="43.51286" lon="-71.32459">
        <ele>533.92</ele>
      </trkpt>
      <trkpt lat="43.51284" lon="-71.32465">
        <ele>534.78</ele>
      </trkpt>
      <trkpt lat="43.51284" lon="-71.32468">
        <ele>535.43</ele>
      </trkpt>
      <trkpt lat="43.51282" lon="-71.32471">
        <ele>535.65</ele>
      </trkpt>
      <trkpt lat="43.5128" lon="-71.3247">
        <ele>535.0</ele>
      </trkpt>
      <trkpt lat="43.51281" lon="-71.32472">
        <ele>535.65</ele>
      </trkpt>
      <trkpt lat="43.51282" lon="-71.32471">
        <ele>535.65</ele>
      </trkpt>
      <trkpt lat="43.51282" lon="-71.32471">
        <ele>535.65</ele>
      </trkpt>
      <trkpt lat="43.51282" lon="-71.32471">
        <ele>535.65</ele>
      </trkpt>
      <trkpt lat="43.51282" lon="-71.32471">
        <ele>535.65</ele>
      </trkpt>
      <trkpt lat="43.51282" lon="-71.32471">
        <ele>535.65</ele>
      </trkpt>
      <trkpt lat="43.51282" lon="-71.32471">
        <ele>535.65</ele>
      </trkpt>
      <trkpt lat="43.51282" lon="-71.32471">
        <ele>535.65</ele>
      </trkpt>
      <trkpt lat="43.51284" lon="-71.32472">
        <ele>536.3</ele>
      </trkpt>
      <trkpt lat="43.51285" lon="-71.32476">
        <ele>537.38</ele>
      </trkpt>
      <trkpt lat="43.51283" lon="-71.32478">
        <ele>537.38</ele>
      </trkpt>
      <trkpt lat="43.51285" lon="-71.32482">
        <ele>538.67</ele>
      </trkpt>
      <trkpt lat="43.51284" lon="-71.32485">
        <ele>539.1</ele>
      </trkpt>
      <trkpt lat="43.51284" lon="-71.32492">
        <ele>540.62</ele>
      </trkpt>
      <trkpt lat="43.51287" lon="-71.32498">
        <ele>542.56</ele>
      </trkpt>
      <trkpt lat="43.51289" lon="-71.32503">
        <ele>544.07</ele>
      </trkpt>
      <trkpt lat="43.5129" lon="-71.32508">
        <ele>545.37</ele>
      </trkpt>
      <trkpt lat="43.51295" lon="-71.32509">
        <ele>546.66</ele>
      </trkpt>
      <trkpt lat="43.51299" lon="-71.32513">
        <ele>548.8</ele>
      </trkpt>
      <trkpt lat="43.51301" lon="-71.32519">
        <ele>551.17</ele>
      </trkpt>
      <trkpt lat="43.51303" lon="-71.32525">
        <ele>553.55</ele>
      </trkpt>
      <trkpt lat="43.51306" lon="-71.3253">
        <ele>555.53</ele>
      </trkpt>
      <trkpt lat="43.51308" lon="-71.32536">
        <ele>557.04</ele>
      </trkpt>
      <trkpt lat="43.5131" lon="-71.32542">
        <ele>558.55</ele>
      </trkpt>
      <trkpt lat="43.51311" lon="-71.32548">
        <ele>559.88</ele>
      </trkpt>
      <trkpt lat="43.51313" lon="-71.32555">
        <ele>561.5</ele>
      </trkpt>
      <trkpt lat="43.51316" lon="-71.32559">
        <ele>562.63</ele>
      </trkpt>
      <trkpt lat="43.51321" lon="-71.32561">
        <ele>563.92</ele>
      </trkpt>
      <trkpt lat="43.51326" lon="-71.32562">
        <ele>565.11</ele>
      </trkpt>
      <trkpt lat="43.51331" lon="-71.32564">
        <ele>566.41</ele>
      </trkpt>
      <trkpt lat="43.51336" lon="-71.32566">
        <ele>567.74</ele>
      </trkpt>
      <trkpt lat="43.5134" lon="-71.3257">
        <ele>569.4</ele>
      </trkpt>
      <trkpt lat="43.51345" lon="-71.32572">
        <ele>571.01</ele>
      </trkpt>
      <trkpt lat="43.5135" lon="-71.32576">
        <ele>572.77</ele>
      </trkpt>
      <trkpt lat="43.51353" lon="-71.32583">
        <ele>574.21</ele>
      </trkpt>
      <trkpt lat="43.51356" lon="-71.32588">
        <ele>574.9</ele>
      </trkpt>
      <trkpt lat="43.5136" lon="-71.32591">
        <ele>575.76</ele>
      </trkpt>
      <trkpt lat="43.51364" lon="-71.32594">
        <ele>575.74</ele>
      </trkpt>
      <trkpt lat="43.51363" lon="-71.32601">
        <ele>574.37</ele>
      </trkpt>
      <trkpt lat="43.51359" lon="-71.32604">
        <ele>572.85</ele>
      </trkpt>
      <trkpt lat="43.5136" lon="-71.3261">
        <ele>571.12</ele>
      </trkpt>
      <trkpt lat="43.51357" lon="-71.32615">
        <ele>569.04</ele>
      </trkpt>
      <trkpt lat="43.51352" lon="-71.32617">
        <ele>567.75</ele>
      </trkpt>
      <trkpt lat="43.51348" lon="-71.32616">
        <ele>567.33</ele>
      </trkpt>
      <trkpt lat="43.51343" lon="-71.32615">
        <ele>566.65</ele>
      </trkpt>
      <trkpt lat="43.51338" lon="-71.32617">
        <ele>565.87</ele>
      </trkpt>
      <trkpt lat="43.51336" lon="-71.32623">
        <ele>565.0</ele>
      </trkpt>
      <trkpt lat="43.51333" lon="-71.32628">
        <ele>564.18</ele>
      </trkpt>
      <trkpt lat="43.51328" lon="-71.32629">
        <ele>564.07</ele>
      </trkpt>
      <trkpt lat="43.51323" lon="-71.32628">
        <ele>564.16</ele>
      </trkpt>
      <trkpt lat="43.51318" lon="-71.32627">
        <ele>564.1</ele>
      </trkpt>
      <trkpt lat="43.51314" lon="-71.3263">
        <ele>563.88</ele>
      </trkpt>
      <trkpt lat="43.51309" lon="-71.32631">
        <ele>563.32</ele>
      </trkpt>
      <trkpt lat="43.51305" lon="-71.32626">
        <ele>563.37</ele>
      </trkpt>
      <trkpt lat="43.51301" lon="-71.32621">
        <ele>563.47</ele>
      </trkpt>
      <trkpt lat="43.51297" lon="-71.32617">
        <ele>563.08</ele>
      </trkpt>
      <trkpt lat="43.51293" lon="-71.32612">
        <ele>562.64</ele>
      </trkpt>
      <trkpt lat="43.51288" lon="-71.32608">
        <ele>562.1</ele>
      </trkpt>
      <trkpt lat="43.51284" lon="-71.32608">
        <ele>561.34</ele>
      </trkpt>
      <trkpt lat="43.51283" lon="-71.32614">
        <ele>561.26</ele>
      </trkpt>
      <trkpt lat="43.51282" lon="-71.3262">
        <ele>561.43</ele>
      </trkpt>
      <trkpt lat="43.51278" lon="-71.32622">
        <ele>561.02</ele>
      </trkpt>
      <trkpt lat="43.51275" lon="-71.32625">
        <ele>560.1</ele>
      </trkpt>
      <trkpt lat="43.51273" lon="-71.32628">
        <ele>559.45</ele>
      </trkpt>
      <trkpt lat="43.51271" lon="-71.32632">
        <ele>558.99</ele>
      </trkpt>
      <trkpt lat="43.51268" lon="-71.32637">
        <ele>558.63</ele>
      </trkpt>
      <trkpt lat="43.51264" lon="-71.32639">
        <ele>557.53</ele>
      </trkpt>
      <trkpt lat="43.51261" lon="-71.32643">
        <ele>556.48</ele>
      </trkpt>
      <trkpt lat="43.51256" lon="-71.32644">
        <ele>554.24</ele>
      </trkpt>
      <trkpt lat="43.51254" lon="-71.32643">
        <ele>553.16</ele>
      </trkpt>
      <trkpt lat="43.51254" lon="-71.32644">
        <ele>553.16</ele>
      </trkpt>
      <trkpt lat="43.51252" lon="-71.32641">
        <ele>552.08</ele>
      </trkpt>
      <trkpt lat="43.51251" lon="-71.32641">
        <ele>551.54</ele>
      </trkpt>
      <trkpt lat="43.5125" lon="-71.32641">
        <ele>551.0</ele>
      </trkpt>
      <trkpt lat="43.51248" lon="-71.32642">
        <ele>549.92</ele>
      </trkpt>
      <trkpt lat="43.51247" lon="-71.3264">
        <ele>549.38</ele>
      </trkpt>
      <trkpt lat="43.51247" lon="-71.3264">
        <ele>549.38</ele>
      </trkpt>
      <trkpt lat="43.51247" lon="-71.3264">
        <ele>549.38</ele>
      </trkpt>
      <trkpt lat="43.51247" lon="-71.3264">
        <ele>549.38</ele>
      </trkpt>
      <trkpt lat="43.51248" lon="-71.32642">
        <ele>549.92</ele>
      </trkpt>
      <trkpt lat="43.51249" lon="-71.32642">
        <ele>550.46</ele>
      </trkpt>
      <trkpt lat="43.51249" lon="-71.32642">
        <ele>550.46</ele>
      </trkpt>
      <trkpt lat="43.51248" lon="-71.32641">
        <ele>549.92</ele>
      </trkpt>
      <trkpt lat="43.51248" lon="-71.32641">
        <ele>549.92</ele>
      </trkpt>
      <trkpt lat="43.51248" lon="-71.32641">
        <ele>549.92</ele>
      </trkpt>
      <trkpt lat="43.51248" lon="-71.32641">
        <ele>549.92</ele>
      </trkpt>
      <trkpt lat="43.51248" lon="-71.32641">
        <ele>549.92</ele>
      </trkpt>
      <trkpt lat="43.51248" lon="-71.32641">
        <ele>549.92</ele>
      </trkpt>
      <trkpt lat="43.51248" lon="-71.32641">
        <ele>549.92</ele>
      </trkpt>
      <trkpt lat="43.51248" lon="-71.32641">
        <ele>549.92</ele>
      </trkpt>
      <trkpt lat="43.51248" lon="-71.32641">
        <ele>549.92</ele>
      </trkpt>
      <trkpt lat="43.51248" lon="-71.32641">
        <ele>549.92</ele>
      </trkpt>
      <trkpt lat="43.51248" lon="-71.32641">
        <ele>549.92</ele>
      </trkpt>
      <trkpt lat="43.51248" lon="-71.32641">
        <ele>549.92</ele>
      </trkpt>
      <trkpt lat="43.51248" lon="-71.32641">
        <ele>549.92</ele>
      </trkpt>
      <trkpt lat="43.51248" lon="-71.3264">
        <ele>549.92</ele>
      </trkpt>
      <trkpt lat="43.51249" lon="-71.32641">
        <ele>550.46</ele>
      </trkpt>
      <trkpt lat="43.51249" lon="-71.3264">
        <ele>550.46</ele>
      </trkpt>
      <trkpt lat="43.5125" lon="-71.32642">
        <ele>551.0</ele>
      </trkpt>
      <trkpt lat="43.5125" lon="-71.32649">
        <ele>551.0</ele>
      </trkpt>
      <trkpt lat="43.51251" lon="-71.32655">
        <ele>551.46</ele>
      </trkpt>
      <trkpt lat="43.51252" lon="-71.32662">
        <ele>551.37</ele>
      </trkpt>
      <trkpt lat="43.51253" lon="-71.32665">
        <ele>551.48</ele>
      </trkpt>
      <trkpt lat="43.51254" lon="-71.32671">
        <ele>551.53</ele>
      </trkpt>
      <trkpt lat="43.51253" lon="-71.32678">
        <ele>550.75</ele>
      </trkpt>
      <trkpt lat="43.51251" lon="-71.32684">
        <ele>549.45</ele>
      </trkpt>
      <trkpt lat="43.51248" lon="-71.3269">
        <ele>546.99</ele>
      </trkpt>
      <trkpt lat="43.51247" lon="-71.32697">
        <ele>545.25</ele>
      </trkpt>
      <trkpt lat="43.51249" lon="-71.32703">
        <ele>545.44</ele>
      </trkpt>
      <trkpt lat="43.51249" lon="-71.32709">
        <ele>543.7</ele>
      </trkpt>
      <trkpt lat="43.51247" lon="-71.32716">
        <ele>540.4</ele>
      </trkpt>
      <trkpt lat="43.51248" lon="-71.32723">
        <ele>538.67</ele>
      </trkpt>
      <trkpt lat="43.51252" lon="-71.32727">
        <ele>539.53</ele>
      </trkpt>
      <trkpt lat="43.51256" lon="-71.32731">
        <ele>540.4</ele>
      </trkpt>
      <trkpt lat="43.51255" lon="-71.32734">
        <ele>538.88</ele>
      </trkpt>
      <trkpt lat="43.51257" lon="-71.32736">
        <ele>539.32</ele>
      </trkpt>
      <trkpt lat="43.51262" lon="-71.32735">
        <ele>542.04</ele>
      </trkpt>
      <trkpt lat="43.51265" lon="-71.32739">
        <ele>542.04</ele>
      </trkpt>
      <trkpt lat="43.5127" lon="-71.32742">
        <ele>543.23</ele>
      </trkpt>
      <trkpt lat="43.51274" lon="-71.32745">
        <ele>543.99</ele>
      </trkpt>
      <trkpt lat="43.51279" lon="-71.32747">
        <ele>545.37</ele>
      </trkpt>
      <trkpt lat="43.51284" lon="-71.32748">
        <ele>546.66</ele>
      </trkpt>
      <trkpt lat="43.51288" lon="-71.32749">
        <ele>547.53</ele>
      </trkpt>
      <trkpt lat="43.51293" lon="-71.32749">
        <ele>548.61</ele>
      </trkpt>
      <trkpt lat="43.51293" lon="-71.32749">
        <ele>548.61</ele>
      </trkpt>
      <trkpt lat="43.51294" lon="-71.32747">
        <ele>549.48</ele>
      </trkpt>
      <trkpt lat="43.51294" lon="-71.32747">
        <ele>549.48</ele>
      </trkpt>
      <trkpt lat="43.51294" lon="-71.32748">
        <ele>549.15</ele>
      </trkpt>
      <trkpt lat="43.51297" lon="-71.32753">
        <ele>548.1</ele>
      </trkpt>
      <trkpt lat="43.513" lon="-71.32758">
        <ele>546.81</ele>
      </trkpt>
      <trkpt lat="43.51304" lon="-71.32761">
        <ele>546.24</ele>
      </trkpt>
      <trkpt lat="43.51308" lon="-71.32766">
        <ele>545.15</ele>
      </trkpt>
      <trkpt lat="43.5131" lon="-71.32772">
        <ele>543.16</ele>
      </trkpt>
      <trkpt lat="43.51312" lon="-71.32779">
        <ele>540.86</ele>
      </trkpt>
      <trkpt lat="43.51314" lon="-71.32784">
        <ele>539.14</ele>
      </trkpt>
      <trkpt lat="43.51318" lon="-71.32788">
        <ele>537.93</ele>
      </trkpt>
      <trkpt lat="43.51321" lon="-71.32793">
        <ele>536.09</ele>
      </trkpt>
      <trkpt lat="43.51325" lon="-71.32797">
        <ele>534.8</ele>
      </trkpt>
      <trkpt lat="43.51328" lon="-71.32795">
        <ele>535.98</ele>
      </trkpt>
      <trkpt lat="43.51332" lon="-71.328">
        <ele>534.26</ele>
      </trkpt>
      <trkpt lat="43.51333" lon="-71.32801">
        <ele>533.93</ele>
      </trkpt>
      <trkpt lat="43.51331" lon="-71.32804">
        <ele>532.42</ele>
      </trkpt>
      <trkpt lat="43.51326" lon="-71.32806">
        <ele>531.02</ele>
      </trkpt>
      <trkpt lat="43.51323" lon="-71.32809">
        <ele>529.4</ele>
      </trkpt>
      <trkpt lat="43.5132" lon="-71.3281">
        <ele>528.64</ele>
      </trkpt>
      <trkpt lat="43.5132" lon="-71.32813">
        <ele>527.34</ele>
      </trkpt>
      <trkpt lat="43.51316" lon="-71.32815">
        <ele>526.05</ele>
      </trkpt>
      <trkpt lat="43.51312" lon="-71.32813">
        <ele>526.42</ele>
      </trkpt>
      <trkpt lat="43.51308" lon="-71.32814">
        <ele>525.55</ele>
      </trkpt>
      <trkpt lat="43.51306" lon="-71.32815">
        <ele>524.97</ele>
      </trkpt>
      <trkpt lat="43.51305" lon="-71.32821">
        <ele>522.21</ele>
      </trkpt>
      <trkpt lat="43.51304" lon="-71.32824">
        <ele>520.7</ele>
      </trkpt>
      <trkpt lat="43.51306" lon="-71.32829">
        <ele>518.92</ele>
      </trkpt>
      <trkpt lat="43.51306" lon="-71.32832">
        <ele>517.62</ele>
      </trkpt>
      <trkpt lat="43.51307" lon="-71.32836">
        <ele>516.87</ele>
      </trkpt>
      <trkpt lat="43.51312" lon="-71.32839">
        <ele>517.08</ele>
      </trkpt>
      <trkpt lat="43.51314" lon="-71.32842">
        <ele>516.98</ele>
      </trkpt>
      <trkpt lat="43.51315" lon="-71.32849">
        <ele>517.0</ele>
      </trkpt>
      <trkpt lat="43.51314" lon="-71.32855">
        <ele>517.68</ele>
      </trkpt>
      <trkpt lat="43.51315" lon="-71.32859">
        <ele>518.53</ele>
      </trkpt>
      <trkpt lat="43.51311" lon="-71.32863">
        <ele>519.29</ele>
      </trkpt>
      <trkpt lat="43.5131" lon="-71.3287">
        <ele>520.46</ele>
      </trkpt>
      <trkpt lat="43.51309" lon="-71.32876">
        <ele>521.84</ele>
      </trkpt>
      <trkpt lat="43.51308" lon="-71.32882">
        <ele>523.25</ele>
      </trkpt>
      <trkpt lat="43.51304" lon="-71.32887">
        <ele>524.63</ele>
      </trkpt>
      <trkpt lat="43.51301" lon="-71.32892">
        <ele>525.5</ele>
      </trkpt>
      <trkpt lat="43.51298" lon="-71.32897">
        <ele>526.59</ele>
      </trkpt>
      <trkpt lat="43.51295" lon="-71.32902">
        <ele>527.56</ele>
      </trkpt>
      <trkpt lat="43.51294" lon="-71.32908">
        <ele>528.36</ele>
      </trkpt>
      <trkpt lat="43.51292" lon="-71.32914">
        <ele>529.56</ele>
      </trkpt>
      <trkpt lat="43.51288" lon="-71.32917">
        <ele>530.04</ele>
      </trkpt>
      <trkpt lat="43.51285" lon="-71.32923">
        <ele>530.9</ele>
      </trkpt>
      <trkpt lat="43.51284" lon="-71.3293">
        <ele>531.62</ele>
      </trkpt>
      <trkpt lat="43.51282" lon="-71.32935">
        <ele>531.99</ele>
      </trkpt>
      <trkpt lat="43.51281" lon="-71.32942">
        <ele>532.74</ele>
      </trkpt>
      <trkpt lat="43.51281" lon="-71.32949">
        <ele>533.32</ele>
      </trkpt>
      <trkpt lat="43.51277" lon="-71.32955">
        <ele>534.0</ele>
      </trkpt>
      <trkpt lat="43.51275" lon="-71.32961">
        <ele>534.0</ele>
      </trkpt>
      <trkpt lat="43.51274" lon="-71.32968">
        <ele>534.54</ele>
      </trkpt>
      <trkpt lat="43.51272" lon="-71.32974">
        <ele>535.19</ele>
      </trkpt>
      <trkpt lat="43.5127" lon="-71.32981">
        <ele>535.95</ele>
      </trkpt>
      <trkpt lat="43.51268" lon="-71.32987">
        <ele>536.6</ele>
      </trkpt>
      <trkpt lat="43.51267" lon="-71.32994">
        <ele>537.7</ele>
      </trkpt>
      <trkpt lat="43.51264" lon="-71.32998">
        <ele>538.57</ele>
      </trkpt>
      <trkpt lat="43.51264" lon="-71.33005">
        <ele>539.54</ele>
      </trkpt>
      <trkpt lat="43.51266" lon="-71.33011">
        <ele>540.32</ele>
      </trkpt>
      <trkpt lat="43.51269" lon="-71.33017">
        <ele>541.67</ele>
      </trkpt>
      <trkpt lat="43.51271" lon="-71.33024">
        <ele>543.18</ele>
      </trkpt>
      <trkpt lat="43.51272" lon="-71.3303">
        <ele>544.33</ele>
      </trkpt>
      <trkpt lat="43.5127" lon="-71.33035">
        <ele>544.9</ele>
      </trkpt>
      <trkpt lat="43.51269" lon="-71.33038">
        <ele>545.36</ele>
      </trkpt>
      <trkpt lat="43.5127" lon="-71.33041">
        <ele>546.38</ele>
      </trkpt>
      <trkpt lat="43.51269" lon="-71.33043">
        <ele>546.95</ele>
      </trkpt>
      <trkpt lat="43.51269" lon="-71.33043">
        <ele>546.95</ele>
      </trkpt>
      <trkpt lat="43.51268" lon="-71.33044">
        <ele>547.21</ele>
      </trkpt>
      <trkpt lat="43.51267" lon="-71.33043">
        <ele>546.83</ele>
      </trkpt>
      <trkpt lat="43.51266" lon="-71.33043">
        <ele>546.76</ele>
      </trkpt>
      <trkpt lat="43.51264" lon="-71.33046">
        <ele>547.43</ele>
      </trkpt>
      <trkpt lat="43.51266" lon="-71.33045">
        <ele>547.35</ele>
      </trkpt>
      <trkpt lat="43.51266" lon="-71.33052">
        <ele>548.96</ele>
      </trkpt>
      <trkpt lat="43.51266" lon="-71.33058">
        <ele>550.45</ele>
      </trkpt>
      <trkpt lat="43.51267" lon="-71.33065">
        <ele>552.73</ele>
      </trkpt>
      <trkpt lat="43.51269" lon="-71.33067">
        <ele>553.76</ele>
      </trkpt>
      <trkpt lat="43.51269" lon="-71.33067">
        <ele>553.76</ele>
      </trkpt>
      <trkpt lat="43.51269" lon="-71.33068">
        <ele>554.08</ele>
      </trkpt>
      <trkpt lat="43.51269" lon="-71.33069">
        <ele>554.41</ele>
      </trkpt>
      <trkpt lat="43.5127" lon="-71.33072">
        <ele>555.49</ele>
      </trkpt>
      <trkpt lat="43.51271" lon="-71.33077">
        <ele>557.3</ele>
      </trkpt>
      <trkpt lat="43.51273" lon="-71.33081">
        <ele>559.09</ele>
      </trkpt>
      <trkpt lat="43.51275" lon="-71.33087">
        <ele>561.59</ele>
      </trkpt>
      <trkpt lat="43.51279" lon="-71.3309">
        <ele>563.39</ele>
      </trkpt>
      <trkpt lat="43.51279" lon="-71.33092">
        <ele>564.06</ele>
      </trkpt>
      <trkpt lat="43.51281" lon="-71.33098">
        <ele>566.45</ele>
      </trkpt>
      <trkpt lat="43.51284" lon="-71.33101">
        <ele>568.07</ele>
      </trkpt>
      <trkpt lat="43.51284" lon="-71.33107">
        <ele>570.57</ele>
      </trkpt>
      <trkpt lat="43.51283" lon="-71.33111">
        <ele>572.08</ele>
      </trkpt>
      <trkpt lat="43.51284" lon="-71.33117">
        <ele>574.25</ele>
      </trkpt>
      <trkpt lat="43.51284" lon="-71.33124">
        <ele>576.52</ele>
      </trkpt>
      <trkpt lat="43.51283" lon="-71.33127">
        <ele>577.28</ele>
      </trkpt>
      <trkpt lat="43.51282" lon="-71.33129">
        <ele>577.71</ele>
      </trkpt>
      <trkpt lat="43.51281" lon="-71.33135">
        <ele>578.65</ele>
      </trkpt>
      <trkpt lat="43.51278" lon="-71.33141">
        <ele>579.47</ele>
      </trkpt>
      <trkpt lat="43.51277" lon="-71.33147">
        <ele>580.67</ele>
      </trkpt>
      <trkpt lat="43.51279" lon="-71.33153">
        <ele>582.05</ele>
      </trkpt>
      <trkpt lat="43.51278" lon="-71.3316">
        <ele>583.28</ele>
      </trkpt>
      <trkpt lat="43.51276" lon="-71.33165">
        <ele>583.79</ele>
      </trkpt>
      <trkpt lat="43.51274" lon="-71.33171">
        <ele>584.47</ele>
      </trkpt>
      <trkpt lat="43.51274" lon="-71.33177">
        <ele>585.23</ele>
      </trkpt>
      <trkpt lat="43.51275" lon="-71.33184">
        <ele>586.74</ele>
      </trkpt>
      <trkpt lat="43.51277" lon="-71.33189">
        <ele>587.41</ele>
      </trkpt>
      <trkpt lat="43.51278" lon="-71.33196">
        <ele>588.15</ele>
      </trkpt>
      <trkpt lat="43.51279" lon="-71.33202">
        <ele>588.79</ele>
      </trkpt>
      <trkpt lat="43.51279" lon="-71.33209">
        <ele>589.57</ele>
      </trkpt>
      <trkpt lat="43.51279" lon="-71.33216">
        <ele>590.33</ele>
      </trkpt>
      <trkpt lat="43.51279" lon="-71.33223">
        <ele>591.17</ele>
      </trkpt>
      <trkpt lat="43.51278" lon="-71.33229">
        <ele>592.46</ele>
      </trkpt>
      <trkpt lat="43.51278" lon="-71.33235">
        <ele>593.75</ele>
      </trkpt>
      <trkpt lat="43.51279" lon="-71.33241">
        <ele>594.92</ele>
      </trkpt>
      <trkpt lat="43.51282" lon="-71.33247">
        <ele>595.9</ele>
      </trkpt>
      <trkpt lat="43.51283" lon="-71.33254">
        <ele>596.87</ele>
      </trkpt>
      <trkpt lat="43.51284" lon="-71.33261">
        <ele>597.45</ele>
      </trkpt>
      <trkpt lat="43.51286" lon="-71.33268">
        <ele>597.95</ele>
      </trkpt>
      <trkpt lat="43.51285" lon="-71.33275">
        <ele>598.7</ele>
      </trkpt>
      <trkpt lat="43.51283" lon="-71.33281">
        <ele>599.0</ele>
      </trkpt>
      <trkpt lat="43.51282" lon="-71.33288">
        <ele>599.1</ele>
      </trkpt>
      <trkpt lat="43.51281" lon="-71.33295">
        <ele>599.86</ele>
      </trkpt>
      <trkpt lat="43.51283" lon="-71.33303">
        <ele>600.32</ele>
      </trkpt>
      <trkpt lat="43.51282" lon="-71.3331">
        <ele>600.76</ele>
      </trkpt>
      <trkpt lat="43.5128" lon="-71.33316">
        <ele>601.1</ele>
      </trkpt>
      <trkpt lat="43.51278" lon="-71.33321">
        <ele>601.65</ele>
      </trkpt>
      <trkpt lat="43.51276" lon="-71.33322">
        <ele>601.78</ele>
      </trkpt>
      <trkpt lat="43.51276" lon="-71.33323">
        <ele>601.88</ele>
      </trkpt>
      <trkpt lat="43.51275" lon="-71.33325">
        <ele>602.0</ele>
      </trkpt>
      <trkpt lat="43.51275" lon="-71.33325">
        <ele>602.0</ele>
      </trkpt>
      <trkpt lat="43.51275" lon="-71.33325">
        <ele>602.0</ele>
      </trkpt>
      <trkpt lat="43.51275" lon="-71.33325">
        <ele>602.0</ele>
      </trkpt>
      <trkpt lat="43.51275" lon="-71.33325">
        <ele>602.0</ele>
      </trkpt>
      <trkpt lat="43.51272" lon="-71.3333">
        <ele>602.0</ele>
      </trkpt>
      <trkpt lat="43.51274" lon="-71.33336">
        <ele>602.29</ele>
      </trkpt>
      <trkpt lat="43.51276" lon="-71.33343">
        <ele>603.0</ele>
      </trkpt>
      <trkpt lat="43.51276" lon="-71.33349">
        <ele>603.0</ele>
      </trkpt>
      <trkpt lat="43.51276" lon="-71.33357">
        <ele>603.56</ele>
      </trkpt>
      <trkpt lat="43.51276" lon="-71.33363">
        <ele>604.0</ele>
      </trkpt>
      <trkpt lat="43.51278" lon="-71.3337">
        <ele>604.0</ele>
      </trkpt>
      <trkpt lat="43.51278" lon="-71.33376">
        <ele>604.59</ele>
      </trkpt>
      <trkpt lat="43.51278" lon="-71.33383">
        <ele>604.98</ele>
      </trkpt>
      <trkpt lat="43.51276" lon="-71.3339">
        <ele>605.31</ele>
      </trkpt>
      <trkpt lat="43.51272" lon="-71.33394">
        <ele>606.18</ele>
      </trkpt>
      <trkpt lat="43.51267" lon="-71.33398">
        <ele>606.98</ele>
      </trkpt>
      <trkpt lat="43.51263" lon="-71.33402">
        <ele>607.25</ele>
      </trkpt>
      <trkpt lat="43.5126" lon="-71.33406">
        <ele>607.78</ele>
      </trkpt>
      <trkpt lat="43.51259" lon="-71.33411">
        <ele>608.39</ele>
      </trkpt>
      <trkpt lat="43.51263" lon="-71.33416">
        <ele>608.52</ele>
      </trkpt>
      <trkpt lat="43.51264" lon="-71.33424">
        <ele>608.89</ele>
      </trkpt>
      <trkpt lat="43.51264" lon="-71.33432">
        <ele>609.32</ele>
      </trkpt>
      <trkpt lat="43.51264" lon="-71.33439">
        <ele>609.49</ele>
      </trkpt>
      <trkpt lat="43.51269" lon="-71.33442">
        <ele>608.95</ele>
      </trkpt>
      <trkpt lat="43.51272" lon="-71.33445">
        <ele>608.62</ele>
      </trkpt>
      <trkpt lat="43.51268" lon="-71.33449">
        <ele>609.06</ele>
      </trkpt>
      <trkpt lat="43.51264" lon="-71.33444">
        <ele>609.49</ele>
      </trkpt>
      <trkpt lat="43.51263" lon="-71.33437">
        <ele>609.6</ele>
      </trkpt>
      <trkpt lat="43.51263" lon="-71.33429">
        <ele>609.2</ele>
      </trkpt>
      <trkpt lat="43.51263" lon="-71.33421">
        <ele>608.79</ele>
      </trkpt>
      <trkpt lat="43.51261" lon="-71.33415">
        <ele>608.63</ele>
      </trkpt>
      <trkpt lat="43.51262" lon="-71.33413">
        <ele>608.31</ele>
      </trkpt>
      <trkpt lat="43.51267" lon="-71.3341">
        <ele>607.44</ele>
      </trkpt>
      <trkpt lat="43.51271" lon="-71.33405">
        <ele>606.73</ele>
      </trkpt>
      <trkpt lat="43.51274" lon="-71.334">
        <ele>606.41</ele>
      </trkpt>
      <trkpt lat="43.51278" lon="-71.33395">
        <ele>605.64</ele>
      </trkpt>
      <trkpt lat="43.51278" lon="-71.33388">
        <ele>605.0</ele>
      </trkpt>
      <trkpt lat="43.51278" lon="-71.33381">
        <ele>604.98</ele>
      </trkpt>
      <trkpt lat="43.5128" lon="-71.33374">
        <ele>604.3</ele>
      </trkpt>
      <trkpt lat="43.5128" lon="-71.33368">
        <ele>604.0</ele>
      </trkpt>
      <trkpt lat="43.51279" lon="-71.3336">
        <ele>603.88</ele>
      </trkpt>
      <trkpt lat="43.51278" lon="-71.33354">
        <ele>603.23</ele>
      </trkpt>
      <trkpt lat="43.51275" lon="-71.33349">
        <ele>603.0</ele>
      </trkpt>
      <trkpt lat="43.51275" lon="-71.33342">
        <ele>602.94</ele>
      </trkpt>
      <trkpt lat="43.51274" lon="-71.33335">
        <ele>602.18</ele>
      </trkpt>
      <trkpt lat="43.51271" lon="-71.3333">
        <ele>602.0</ele>
      </trkpt>
      <trkpt lat="43.51267" lon="-71.33325">
        <ele>602.0</ele>
      </trkpt>
      <trkpt lat="43.51264" lon="-71.3332">
        <ele>601.56</ele>
      </trkpt>
      <trkpt lat="43.51261" lon="-71.33315">
        <ele>601.02</ele>
      </trkpt>
      <trkpt lat="43.51257" lon="-71.33312">
        <ele>600.93</ele>
      </trkpt>
      <trkpt lat="43.51252" lon="-71.3331">
        <ele>600.59</ele>
      </trkpt>
      <trkpt lat="43.51248" lon="-71.33307">
        <ele>600.12</ele>
      </trkpt>
      <trkpt lat="43.51244" lon="-71.33303">
        <ele>600.0</ele>
      </trkpt>
      <trkpt lat="43.51239" lon="-71.33299">
        <ele>599.81</ele>
      </trkpt>
      <trkpt lat="43.51235" lon="-71.33296">
        <ele>599.37</ele>
      </trkpt>
      <trkpt lat="43.5123" lon="-71.33295">
        <ele>598.84</ele>
      </trkpt>
      <trkpt lat="43.51225" lon="-71.33295">
        <ele>598.3</ele>
      </trkpt>
      <trkpt lat="43.5122" lon="-71.33292">
        <ele>597.89</ele>
      </trkpt>
      <trkpt lat="43.51216" lon="-71.33289">
        <ele>597.47</ele>
      </trkpt>
      <trkpt lat="43.51212" lon="-71.33286">
        <ele>596.99</ele>
      </trkpt>
      <trkpt lat="43.51206" lon="-71.33286">
        <ele>596.92</ele>
      </trkpt>
      <trkpt lat="43.51201" lon="-71.33284">
        <ele>596.48</ele>
      </trkpt>
      <trkpt lat="43.51201" lon="-71.33277">
        <ele>595.98</ele>
      </trkpt>
      <trkpt lat="43.51196" lon="-71.33274">
        <ele>595.66</ele>
      </trkpt>
      <trkpt lat="43.51192" lon="-71.33275">
        <ele>595.52</ele>
      </trkpt>
      <trkpt lat="43.51187" lon="-71.33275">
        <ele>595.14</ele>
      </trkpt>
      <trkpt lat="43.51182" lon="-71.33276">
        <ele>594.66</ele>
      </trkpt>
      <trkpt lat="43.51177" lon="-71.33278">
        <ele>594.14</ele>
      </trkpt>
      <trkpt lat="43.51173" lon="-71.33275">
        <ele>593.91</ele>
      </trkpt>
      <trkpt lat="43.51168" lon="-71.33271">
        <ele>593.37</ele>
      </trkpt>
      <trkpt lat="43.51165" lon="-71.33267">
        <ele>593.0</ele>
      </trkpt>
      <trkpt lat="43.5116" lon="-71.33266">
        <ele>593.0</ele>
      </trkpt>
      <trkpt lat="43.51155" lon="-71.33264">
        <ele>593.0</ele>
      </trkpt>
      <trkpt lat="43.51151" lon="-71.33265">
        <ele>593.0</ele>
      </trkpt>
      <trkpt lat="43.51146" lon="-71.33266">
        <ele>592.94</ele>
      </trkpt>
      <trkpt lat="43.51141" lon="-71.33263">
        <ele>592.54</ele>
      </trkpt>
      <trkpt lat="43.51137" lon="-71.33259">
        <ele>592.0</ele>
      </trkpt>
      <trkpt lat="43.51132" lon="-71.33255">
        <ele>592.0</ele>
      </trkpt>
      <trkpt lat="43.51127" lon="-71.33252">
        <ele>592.0</ele>
      </trkpt>
      <trkpt lat="43.51123" lon="-71.33249">
        <ele>591.89</ele>
      </trkpt>
      <trkpt lat="43.51119" lon="-71.33245">
        <ele>591.46</ele>
      </trkpt>
      <trkpt lat="43.51114" lon="-71.33244">
        <ele>591.35</ele>
      </trkpt>
      <trkpt lat="43.51109" lon="-71.33243">
        <ele>591.24</ele>
      </trkpt>
      <trkpt lat="43.51104" lon="-71.33242">
        <ele>591.14</ele>
      </trkpt>
      <trkpt lat="43.511" lon="-71.3324">
        <ele>590.72</ele>
      </trkpt>
      <trkpt lat="43.51095" lon="-71.3324">
        <ele>590.18</ele>
      </trkpt>
      <trkpt lat="43.5109" lon="-71.3324">
        <ele>589.64</ele>
      </trkpt>
      <trkpt lat="43.51085" lon="-71.3324">
        <ele>589.1</ele>
      </trkpt>
      <trkpt lat="43.51081" lon="-71.3324">
        <ele>588.67</ele>
      </trkpt>
      <trkpt lat="43.51076" lon="-71.3324">
        <ele>588.13</ele>
      </trkpt>
      <trkpt lat="43.51071" lon="-71.33239">
        <ele>587.54</ele>
      </trkpt>
      <trkpt lat="43.51066" lon="-71.33238">
        <ele>587.09</ele>
      </trkpt>
      <trkpt lat="43.51062" lon="-71.33234">
        <ele>586.7</ele>
      </trkpt>
      <trkpt lat="43.51057" lon="-71.33234">
        <ele>586.16</ele>
      </trkpt>
      <trkpt lat="43.51052" lon="-71.33233">
        <ele>585.62</ele>
      </trkpt>
      <trkpt lat="43.51047" lon="-71.33231">
        <ele>585.02</ele>
      </trkpt>
      <trkpt lat="43.51043" lon="-71.33227">
        <ele>583.8</ele>
      </trkpt>
      <trkpt lat="43.51039" lon="-71.33228">
        <ele>583.05</ele>
      </trkpt>
      <trkpt lat="43.51034" lon="-71.33231">
        <ele>582.29</ele>
      </trkpt>
      <trkpt lat="43.51029" lon="-71.33228">
        <ele>580.89</ele>
      </trkpt>
      <trkpt lat="43.51024" lon="-71.33225">
        <ele>578.79</ele>
      </trkpt>
      <trkpt lat="43.5102" lon="-71.33224">
        <ele>576.99</ele>
      </trkpt>
      <trkpt lat="43.51016" lon="-71.33229">
        <ele>576.38</ele>
      </trkpt>
      <trkpt lat="43.51013" lon="-71.33233">
        <ele>575.88</ele>
      </trkpt>
      <trkpt lat="43.5101" lon="-71.33238">
        <ele>575.67</ele>
      </trkpt>
      <trkpt lat="43.51005" lon="-71.33241">
        <ele>574.65</ele>
      </trkpt>
      <trkpt lat="43.51002" lon="-71.33246">
        <ele>574.22</ele>
      </trkpt>
      <trkpt lat="43.50998" lon="-71.33252">
        <ele>573.61</ele>
      </trkpt>
      <trkpt lat="43.50995" lon="-71.33258">
        <ele>573.71</ele>
      </trkpt>
      <trkpt lat="43.50993" lon="-71.33264">
        <ele>573.88</ele>
      </trkpt>
      <trkpt lat="43.5099" lon="-71.33269">
        <ele>573.84</ele>
      </trkpt>
      <trkpt lat="43.50986" lon="-71.33274">
        <ele>573.28</ele>
      </trkpt>
      <trkpt lat="43.50982" lon="-71.33278">
        <ele>573.06</ele>
      </trkpt>
      <trkpt lat="43.50979" lon="-71.33282">
        <ele>572.32</ele>
      </trkpt>
      <trkpt lat="43.50978" lon="-71.33289">
        <ele>572.25</ele>
      </trkpt>
      <trkpt lat="43.50975" lon="-71.33294">
        <ele>571.6</ele>
      </trkpt>
      <trkpt lat="43.5097" lon="-71.33298">
        <ele>570.52</ele>
      </trkpt>
      <trkpt lat="43.50966" lon="-71.33301">
        <ele>569.66</ele>
      </trkpt>
      <trkpt lat="43.50962" lon="-71.33307">
        <ele>568.79</ele>
      </trkpt>
      <trkpt lat="43.50958" lon="-71.33311">
        <ele>567.93</ele>
      </trkpt>
      <trkpt lat="43.50957" lon="-71.33311">
        <ele>567.71</ele>
      </trkpt>
      <trkpt lat="43.50953" lon="-71.33311">
        <ele>566.85</ele>
      </trkpt>
      <trkpt lat="43.50948" lon="-71.33313">
        <ele>565.77</ele>
      </trkpt>
      <trkpt lat="43.50943" lon="-71.33313">
        <ele>564.66</ele>
      </trkpt>
      <trkpt lat="43.50939" lon="-71.3331">
        <ele>563.52</ele>
      </trkpt>
      <trkpt lat="43.50936" lon="-71.33312">
        <ele>562.9</ele>
      </trkpt>
      <trkpt lat="43.50932" lon="-71.33312">
        <ele>562.01</ele>
      </trkpt>
      <trkpt lat="43.50926" lon="-71.33316">
        <ele>561.02</ele>
      </trkpt>
      <trkpt lat="43.50922" lon="-71.33318">
        <ele>559.87</ele>
      </trkpt>
      <trkpt lat="43.50917" lon="-71.3332">
        <ele>558.65</ele>
      </trkpt>
      <trkpt lat="43.50913" lon="-71.33324">
        <ele>557.8</ele>
      </trkpt>
      <trkpt lat="43.50908" lon="-71.33326">
        <ele>556.19</ele>
      </trkpt>
      <trkpt lat="43.50904" lon="-71.33327">
        <ele>554.64</ele>
      </trkpt>
      <trkpt lat="43.50899" lon="-71.33328">
        <ele>552.75</ele>
      </trkpt>
      <trkpt lat="43.50894" lon="-71.33329">
        <ele>551.19</ele>
      </trkpt>
      <trkpt lat="43.50889" lon="-71.33332">
        <ele>549.89</ele>
      </trkpt>
      <trkpt lat="43.50886" lon="-71.33336">
        <ele>549.57</ele>
      </trkpt>
      <trkpt lat="43.50883" lon="-71.33341">
        <ele>549.03</ele>
      </trkpt>
      <trkpt lat="43.50881" lon="-71.33347">
        <ele>548.44</ele>
      </trkpt>
      <trkpt lat="43.50878" lon="-71.33352">
        <ele>547.65</ele>
      </trkpt>
      <trkpt lat="43.50876" lon="-71.33358">
        <ele>547.48</ele>
      </trkpt>
      <trkpt lat="43.50872" lon="-71.33362">
        <ele>547.1</ele>
      </trkpt>
      <trkpt lat="43.50868" lon="-71.33366">
        <ele>546.1</ele>
      </trkpt>
      <trkpt lat="43.50864" lon="-71.33371">
        <ele>545.31</ele>
      </trkpt>
      <trkpt lat="43.50862" lon="-71.33377">
        <ele>545.1</ele>
      </trkpt>
      <trkpt lat="43.50858" lon="-71.33381">
        <ele>544.23</ele>
      </trkpt>
      <trkpt lat="43.50853" lon="-71.33383">
        <ele>543.2</ele>
      </trkpt>
      <trkpt lat="43.5085" lon="-71.33386">
        <ele>542.8</ele>
      </trkpt>
      <trkpt lat="43.50845" lon="-71.33387">
        <ele>542.26</ele>
      </trkpt>
      <trkpt lat="43.5084" lon="-71.33386">
        <ele>541.72</ele>
      </trkpt>
      <trkpt lat="43.50835" lon="-71.33382">
        <ele>541.18</ele>
      </trkpt>
      <trkpt lat="43.50832" lon="-71.33377">
        <ele>540.86</ele>
      </trkpt>
      <trkpt lat="43.50827" lon="-71.33375">
        <ele>540.32</ele>
      </trkpt>
      <trkpt lat="43.50823" lon="-71.33373">
        <ele>539.8</ele>
      </trkpt>
      <trkpt lat="43.50817" lon="-71.33372">
        <ele>538.61</ele>
      </trkpt>
      <trkpt lat="43.50812" lon="-71.33372">
        <ele>538.12</ele>
      </trkpt>
      <trkpt lat="43.50808" lon="-71.33374">
        <ele>538.1</ele>
      </trkpt>
      <trkpt lat="43.50804" lon="-71.33378">
        <ele>538.0</ele>
      </trkpt>
      <trkpt lat="43.50798" lon="-71.33378">
        <ele>538.0</ele>
      </trkpt>
      <trkpt lat="43.50793" lon="-71.33378">
        <ele>537.94</ele>
      </trkpt>
      <trkpt lat="43.50789" lon="-71.33382">
        <ele>538.05</ele>
      </trkpt>
      <trkpt lat="43.50785" lon="-71.33384">
        <ele>538.0</ele>
      </trkpt>
      <trkpt lat="43.5078" lon="-71.33387">
        <ele>538.0</ele>
      </trkpt>
      <trkpt lat="43.50775" lon="-71.3339">
        <ele>538.12</ele>
      </trkpt>
      <trkpt lat="43.50769" lon="-71.33391">
        <ele>538.23</ele>
      </trkpt>
      <trkpt lat="43.50765" lon="-71.33394">
        <ele>538.55</ele>
      </trkpt>
      <trkpt lat="43.5076" lon="-71.33396">
        <ele>538.77</ele>
      </trkpt>
      <trkpt lat="43.50755" lon="-71.33396">
        <ele>538.87</ele>
      </trkpt>
      <trkpt lat="43.50749" lon="-71.33395">
        <ele>539.11</ele>
      </trkpt>
      <trkpt lat="43.50744" lon="-71.33394">
        <ele>539.65</ele>
      </trkpt>
      <trkpt lat="43.50739" lon="-71.33394">
        <ele>540.19</ele>
      </trkpt>
      <trkpt lat="43.50734" lon="-71.33394">
        <ele>540.73</ele>
      </trkpt>
      <trkpt lat="43.5073" lon="-71.33393">
        <ele>541.16</ele>
      </trkpt>
      <trkpt lat="43.50725" lon="-71.33392">
        <ele>541.7</ele>
      </trkpt>
      <trkpt lat="43.50719" lon="-71.33391">
        <ele>542.78</ele>
      </trkpt>
      <trkpt lat="43.50714" lon="-71.33392">
        <ele>544.07</ele>
      </trkpt>
      <trkpt lat="43.5071" lon="-71.33391">
        <ele>545.19</ele>
      </trkpt>
      <trkpt lat="43.50704" lon="-71.33391">
        <ele>547.13</ele>
      </trkpt>
      <trkpt lat="43.507" lon="-71.33393">
        <ele>548.47</ele>
      </trkpt>
      <trkpt lat="43.50695" lon="-71.33396">
        <ele>549.87</ele>
      </trkpt>
      <trkpt lat="43.50693" lon="-71.33395">
        <ele>550.41</ele>
      </trkpt>
      <trkpt lat="43.50687" lon="-71.33392">
        <ele>551.88</ele>
      </trkpt>
      <trkpt lat="43.50682" lon="-71.3339">
        <ele>552.81</ele>
      </trkpt>
      <trkpt lat="43.50678" lon="-71.33387">
        <ele>553.35</ele>
      </trkpt>
      <trkpt lat="43.50674" lon="-71.33386">
        <ele>554.1</ele>
      </trkpt>
      <trkpt lat="43.50669" lon="-71.33385">
        <ele>555.08</ele>
      </trkpt>
      <trkpt lat="43.50665" lon="-71.33382">
        <ele>555.44</ele>
      </trkpt>
      <trkpt lat="43.50661" lon="-71.33379">
        <ele>555.61</ele>
      </trkpt>
      <trkpt lat="43.50656" lon="-71.33379">
        <ele>556.15</ele>
      </trkpt>
      <trkpt lat="43.50652" lon="-71.33376">
        <ele>556.58</ele>
      </trkpt>
      <trkpt lat="43.50647" lon="-71.33373">
        <ele>557.12</ele>
      </trkpt>
      <trkpt lat="43.50642" lon="-71.33372">
        <ele>557.66</ele>
      </trkpt>
      <trkpt lat="43.50638" lon="-71.3337">
        <ele>558.06</ele>
      </trkpt>
      <trkpt lat="43.50633" lon="-71.33367">
        <ele>558.27</ele>
      </trkpt>
      <trkpt lat="43.50628" lon="-71.33364">
        <ele>558.49</ele>
      </trkpt>
      <trkpt lat="43.50624" lon="-71.33361">
        <ele>558.61</ele>
      </trkpt>
      <trkpt lat="43.50619" lon="-71.33363">
        <ele>559.35</ele>
      </trkpt>
      <trkpt lat="43.50617" lon="-71.33369">
        <ele>560.22</ele>
      </trkpt>
      <trkpt lat="43.50612" lon="-71.33372">
        <ele>561.08</ele>
      </trkpt>
      <trkpt lat="43.50607" lon="-71.33373">
        <ele>562.05</ele>
      </trkpt>
      <trkpt lat="43.50603" lon="-71.33374">
        <ele>562.8</ele>
      </trkpt>
      <trkpt lat="43.506" lon="-71.3338">
        <ele>563.44</ele>
      </trkpt>
      <trkpt lat="43.50598" lon="-71.33386">
        <ele>564.52</ele>
      </trkpt>
      <trkpt lat="43.50593" lon="-71.33388">
        <ele>565.82</ele>
      </trkpt>
      <trkpt lat="43.50589" lon="-71.33391">
        <ele>566.48</ele>
      </trkpt>
      <trkpt lat="43.50587" lon="-71.33397">
        <ele>567.13</ele>
      </trkpt>
      <trkpt lat="43.50583" lon="-71.33401">
        <ele>568.04</ele>
      </trkpt>
      <trkpt lat="43.50578" lon="-71.33403">
        <ele>568.58</ele>
      </trkpt>
      <trkpt lat="43.50573" lon="-71.33403">
        <ele>569.12</ele>
      </trkpt>
      <trkpt lat="43.50569" lon="-71.33403">
        <ele>569.55</ele>
      </trkpt>
      <trkpt lat="43.50564" lon="-71.33403">
        <ele>570.09</ele>
      </trkpt>
      <trkpt lat="43.50559" lon="-71.33404">
        <ele>570.63</ele>
      </trkpt>
      <trkpt lat="43.50554" lon="-71.33406">
        <ele>571.17</ele>
      </trkpt>
      <trkpt lat="43.5055" lon="-71.33408">
        <ele>571.6</ele>
      </trkpt>
      <trkpt lat="43.50548" lon="-71.33409">
        <ele>571.82</ele>
      </trkpt>
      <trkpt lat="43.50543" lon="-71.33408">
        <ele>572.36</ele>
      </trkpt>
      <trkpt lat="43.50539" lon="-71.33409">
        <ele>572.79</ele>
      </trkpt>
      <trkpt lat="43.50538" lon="-71.33404">
        <ele>573.23</ele>
      </trkpt>
      <trkpt lat="43.50534" lon="-71.33399">
        <ele>574.56</ele>
      </trkpt>
      <trkpt lat="43.50532" lon="-71.33393">
        <ele>575.09</ele>
      </trkpt>
      <trkpt lat="43.5053" lon="-71.33387">
        <ele>575.52</ele>
      </trkpt>
      <trkpt lat="43.50527" lon="-71.33381">
        <ele>576.17</ele>
      </trkpt>
      <trkpt lat="43.50525" lon="-71.33375">
        <ele>576.6</ele>
      </trkpt>
      <trkpt lat="43.50523" lon="-71.33368">
        <ele>577.03</ele>
      </trkpt>
      <trkpt lat="43.50522" lon="-71.33362">
        <ele>577.25</ele>
      </trkpt>
      <trkpt lat="43.50518" lon="-71.33358">
        <ele>578.11</ele>
      </trkpt>
      <trkpt lat="43.50513" lon="-71.33354">
        <ele>579.19</ele>
      </trkpt>
      <trkpt lat="43.50509" lon="-71.33349">
        <ele>580.08</ele>
      </trkpt>
      <trkpt lat="43.50505" lon="-71.33344">
        <ele>580.99</ele>
      </trkpt>
      <trkpt lat="43.505" lon="-71.3334">
        <ele>582.0</ele>
      </trkpt>
      <trkpt lat="43.50496" lon="-71.33337">
        <ele>583.04</ele>
      </trkpt>
      <trkpt lat="43.50492" lon="-71.33332">
        <ele>583.58</ele>
      </trkpt>
      <trkpt lat="43.50487" lon="-71.3333">
        <ele>584.45</ele>
      </trkpt>
      <trkpt lat="43.50483" lon="-71.33327">
        <ele>584.99</ele>
      </trkpt>
      <trkpt lat="43.50479" lon="-71.33323">
        <ele>585.15</ele>
      </trkpt>
      <trkpt lat="43.50474" lon="-71.33323">
        <ele>585.69</ele>
      </trkpt>
      <trkpt lat="43.50469" lon="-71.33323">
        <ele>586.23</ele>
      </trkpt>
      <trkpt lat="43.50464" lon="-71.33325">
        <ele>586.99</ele>
      </trkpt>
      <trkpt lat="43.50459" lon="-71.33328">
        <ele>587.67</ele>
      </trkpt>
      <trkpt lat="43.50456" lon="-71.33332">
        <ele>587.96</ele>
      </trkpt>
      <trkpt lat="43.50452" lon="-71.33332">
        <ele>588.16</ele>
      </trkpt>
      <trkpt lat="43.50448" lon="-71.33328">
        <ele>588.26</ele>
      </trkpt>
      <trkpt lat="43.50444" lon="-71.33325">
        <ele>588.1</ele>
      </trkpt>
      <trkpt lat="43.5044" lon="-71.33322">
        <ele>587.78</ele>
      </trkpt>
      <trkpt lat="43.50436" lon="-71.33318">
        <ele>587.34</ele>
      </trkpt>
      <trkpt lat="43.50433" lon="-71.33313">
        <ele>586.61</ele>
      </trkpt>
      <trkpt lat="43.5043" lon="-71.33307">
        <ele>586.07</ele>
      </trkpt>
      <trkpt lat="43.50428" lon="-71.33302">
        <ele>585.7</ele>
      </trkpt>
      <trkpt lat="43.50423" lon="-71.33299">
        <ele>584.88</ele>
      </trkpt>
      <trkpt lat="43.50419" lon="-71.33296">
        <ele>584.24</ele>
      </trkpt>
      <trkpt lat="43.5042" lon="-71.33289">
        <ele>584.08</ele>
      </trkpt>
      <trkpt lat="43.5042" lon="-71.33282">
        <ele>583.46</ele>
      </trkpt>
      <trkpt lat="43.50418" lon="-71.33277">
        <ele>582.92</ele>
      </trkpt>
      <trkpt lat="43.50418" lon="-71.3327">
        <ele>582.16</ele>
      </trkpt>
      <trkpt lat="43.5042" lon="-71.33264">
        <ele>581.51</ele>
      </trkpt>
      <trkpt lat="43.50422" lon="-71.33257">
        <ele>580.76</ele>
      </trkpt>
      <trkpt lat="43.50424" lon="-71.33251">
        <ele>580.11</ele>
      </trkpt>
      <trkpt lat="43.50429" lon="-71.33249">
        <ele>579.6</ele>
      </trkpt>
      <trkpt lat="43.50433" lon="-71.33249">
        <ele>579.21</ele>
      </trkpt>
      <trkpt lat="43.50439" lon="-71.33249">
        <ele>578.59</ele>
      </trkpt>
      <trkpt lat="43.50445" lon="-71.3325">
        <ele>577.94</ele>
      </trkpt>
      <trkpt lat="43.50449" lon="-71.3325">
        <ele>577.51</ele>
      </trkpt>
      <trkpt lat="43.50453" lon="-71.33245">
        <ele>576.58</ele>
      </trkpt>
      <trkpt lat="43.50458" lon="-71.33242">
        <ele>575.21</ele>
      </trkpt>
      <trkpt lat="43.50462" lon="-71.33237">
        <ele>574.17</ele>
      </trkpt>
      <trkpt lat="43.50466" lon="-71.33233">
        <ele>573.34</ele>
      </trkpt>
      <trkpt lat="43.5047" lon="-71.3323">
        <ele>572.32</ele>
      </trkpt>
      <trkpt lat="43.50474" lon="-71.33226">
        <ele>571.02</ele>
      </trkpt>
      <trkpt lat="43.50479" lon="-71.33223">
        <ele>569.62</ele>
      </trkpt>
      <trkpt lat="43.50483" lon="-71.33221">
        <ele>568.54</ele>
      </trkpt>
      <trkpt lat="43.50488" lon="-71.33222">
        <ele>567.57</ele>
      </trkpt>
      <trkpt lat="43.50493" lon="-71.3322">
        <ele>566.27</ele>
      </trkpt>
      <trkpt lat="43.50498" lon="-71.33217">
        <ele>564.87</ele>
      </trkpt>
      <trkpt lat="43.50502" lon="-71.33218">
        <ele>564.23</ele>
      </trkpt>
      <trkpt lat="43.50508" lon="-71.33216">
        <ele>562.88</ele>
      </trkpt>
      <trkpt lat="43.50512" lon="-71.33215">
        <ele>561.85</ele>
      </trkpt>
      <trkpt lat="43.50517" lon="-71.33213">
        <ele>560.34</ele>
      </trkpt>
      <trkpt lat="43.50522" lon="-71.33213">
        <ele>559.26</ele>
      </trkpt>
      <trkpt lat="43.50527" lon="-71.33215">
        <ele>558.61</ele>
      </trkpt>
      <trkpt lat="43.50532" lon="-71.33217">
        <ele>557.96</ele>
      </trkpt>
      <trkpt lat="43.50536" lon="-71.33215">
        <ele>556.66</ele>
      </trkpt>
      <trkpt lat="43.50541" lon="-71.33215">
        <ele>555.58</ele>
      </trkpt>
      <trkpt lat="43.50545" lon="-71.33213">
        <ele>554.29</ele>
      </trkpt>
      <trkpt lat="43.5055" lon="-71.33215">
        <ele>553.64</ele>
      </trkpt>
      <trkpt lat="43.50555" lon="-71.33217">
        <ele>552.99</ele>
      </trkpt>
      <trkpt lat="43.5056" lon="-71.33216">
        <ele>551.7</ele>
      </trkpt>
      <trkpt lat="43.50565" lon="-71.33216">
        <ele>550.62</ele>
      </trkpt>
      <trkpt lat="43.5057" lon="-71.33217">
        <ele>549.75</ele>
      </trkpt>
      <trkpt lat="43.50575" lon="-71.33219">
        <ele>549.1</ele>
      </trkpt>
      <trkpt lat="43.50579" lon="-71.33216">
        <ele>547.59</ele>
      </trkpt>
      <trkpt lat="43.50584" lon="-71.33216">
        <ele>546.51</ele>
      </trkpt>
      <trkpt lat="43.50588" lon="-71.33214">
        <ele>545.22</ele>
      </trkpt>
      <trkpt lat="43.50591" lon="-71.33209">
        <ele>543.49</ele>
      </trkpt>
      <trkpt lat="43.50594" lon="-71.33204">
        <ele>541.61</ele>
      </trkpt>
      <trkpt lat="43.50593" lon="-71.33197">
        <ele>539.7</ele>
      </trkpt>
      <trkpt lat="43.50596" lon="-71.33192">
        <ele>537.2</ele>
      </trkpt>
      <trkpt lat="43.50595" lon="-71.33186">
        <ele>535.72</ele>
      </trkpt>
      <trkpt lat="43.50594" lon="-71.3318">
        <ele>534.66</ele>
      </trkpt>
      <trkpt lat="43.50594" lon="-71.33173">
        <ele>533.48</ele>
      </trkpt>
      <trkpt lat="43.50591" lon="-71.33167">
        <ele>533.21</ele>
      </trkpt>
      <trkpt lat="43.50588" lon="-71.33161">
        <ele>532.58</ele>
      </trkpt>
      <trkpt lat="43.50585" lon="-71.33156">
        <ele>532.34</ele>
      </trkpt>
      <trkpt lat="43.50586" lon="-71.3315">
        <ele>530.82</ele>
      </trkpt>
      <trkpt lat="43.50587" lon="-71.33143">
        <ele>528.54</ele>
      </trkpt>
      <trkpt lat="43.50589" lon="-71.33136">
        <ele>526.03</ele>
      </trkpt>
      <trkpt lat="43.50587" lon="-71.33129">
        <ele>524.47</ele>
      </trkpt>
      <trkpt lat="43.5059" lon="-71.33124">
        <ele>523.06</ele>
      </trkpt>
      <trkpt lat="43.50591" lon="-71.33117">
        <ele>521.51</ele>
      </trkpt>
      <trkpt lat="43.50597" lon="-71.33115">
        <ele>520.36</ele>
      </trkpt>
      <trkpt lat="43.50601" lon="-71.33113">
        <ele>519.5</ele>
      </trkpt>
      <trkpt lat="43.50605" lon="-71.33112">
        <ele>518.85</ele>
      </trkpt>
      <trkpt lat="43.5061" lon="-71.33108">
        <ele>517.11</ele>
      </trkpt>
      <trkpt lat="43.50613" lon="-71.33104">
        <ele>515.29</ele>
      </trkpt>
      <trkpt lat="43.50618" lon="-71.33103">
        <ele>513.88</ele>
      </trkpt>
      <trkpt lat="43.50623" lon="-71.33103">
        <ele>513.09</ele>
      </trkpt>
      <trkpt lat="43.50625" lon="-71.33104">
        <ele>513.2</ele>
      </trkpt>
      <trkpt lat="43.50628" lon="-71.33106">
        <ele>513.52</ele>
      </trkpt>
      <trkpt lat="43.50633" lon="-71.33106">
        <ele>512.78</ele>
      </trkpt>
      <trkpt lat="43.50638" lon="-71.33105">
        <ele>511.52</ele>
      </trkpt>
      <trkpt lat="43.50643" lon="-71.33104">
        <ele>510.04</ele>
      </trkpt>
      <trkpt lat="43.50648" lon="-71.33105">
        <ele>509.39</ele>
      </trkpt>
      <trkpt lat="43.50654" lon="-71.33104">
        <ele>508.15</ele>
      </trkpt>
      <trkpt lat="43.50658" lon="-71.33102">
        <ele>506.98</ele>
      </trkpt>
      <trkpt lat="43.50663" lon="-71.33105">
        <ele>507.42</ele>
      </trkpt>
      <trkpt lat="43.50664" lon="-71.33105">
        <ele>507.31</ele>
      </trkpt>
      <trkpt lat="43.50668" lon="-71.33103">
        <ele>506.21</ele>
      </trkpt>
      <trkpt lat="43.5067" lon="-71.33097">
        <ele>504.26</ele>
      </trkpt>
      <trkpt lat="43.50673" lon="-71.33092">
        <ele>502.83</ele>
      </trkpt>
      <trkpt lat="43.50678" lon="-71.33091">
        <ele>502.3</ele>
      </trkpt>
      <trkpt lat="43.50682" lon="-71.33087">
        <ele>500.93</ele>
      </trkpt>
      <trkpt lat="43.50686" lon="-71.33085">
        <ele>500.27</ele>
      </trkpt>
      <trkpt lat="43.5069" lon="-71.3308">
        <ele>498.76</ele>
      </trkpt>
      <trkpt lat="43.50692" lon="-71.33073">
        <ele>497.0</ele>
      </trkpt>
      <trkpt lat="43.50692" lon="-71.33067">
        <ele>495.53</ele>
      </trkpt>
      <trkpt lat="43.50688" lon="-71.33064">
        <ele>494.82</ele>
      </trkpt>
      <trkpt lat="43.50684" lon="-71.33059">
        <ele>493.87</ele>
      </trkpt>
      <trkpt lat="43.50683" lon="-71.33053">
        <ele>492.89</ele>
      </trkpt>
      <trkpt lat="43.50684" lon="-71.33046">
        <ele>491.94</ele>
      </trkpt>
      <trkpt lat="43.50685" lon="-71.33039">
        <ele>490.44</ele>
      </trkpt>
      <trkpt lat="43.50687" lon="-71.33033">
        <ele>489.48</ele>
      </trkpt>
      <trkpt lat="43.50689" lon="-71.33026">
        <ele>488.4</ele>
      </trkpt>
      <trkpt lat="43.50691" lon="-71.3302">
        <ele>487.53</ele>
      </trkpt>
      <trkpt lat="43.50694" lon="-71.33014">
        <ele>486.56</ele>
      </trkpt>
      <trkpt lat="43.50697" lon="-71.33008">
        <ele>485.21</ele>
      </trkpt>
      <trkpt lat="43.50701" lon="-71.33005">
        <ele>483.99</ele>
      </trkpt>
      <trkpt lat="43.50704" lon="-71.33003">
        <ele>483.29</ele>
      </trkpt>
      <trkpt lat="43.50705" lon="-71.33001">
        <ele>482.97</ele>
      </trkpt>
      <trkpt lat="43.50704" lon="-71.32998">
        <ele>482.75</ele>
      </trkpt>
      <trkpt lat="43.50704" lon="-71.32992">
        <ele>482.08</ele>
      </trkpt>
      <trkpt lat="43.50705" lon="-71.32985">
        <ele>480.57</ele>
      </trkpt>
      <trkpt lat="43.50705" lon="-71.32979">
        <ele>479.55</ele>
      </trkpt>
      <trkpt lat="43.50705" lon="-71.32979">
        <ele>479.55</ele>
      </trkpt>
      <trkpt lat="43.50708" lon="-71.32974">
        <ele>478.35</ele>
      </trkpt>
      <trkpt lat="43.5071" lon="-71.32969">
        <ele>476.94</ele>
      </trkpt>
      <trkpt lat="43.5071" lon="-71.32962">
        <ele>475.5</ele>
      </trkpt>
      <trkpt lat="43.50711" lon="-71.32956">
        <ele>474.51</ele>
      </trkpt>
      <trkpt lat="43.50711" lon="-71.32949">
        <ele>473.2</ele>
      </trkpt>
      <trkpt lat="43.50709" lon="-71.32942">
        <ele>471.9</ele>
      </trkpt>
      <trkpt lat="43.50705" lon="-71.32938">
        <ele>471.47</ele>
      </trkpt>
      <trkpt lat="43.50703" lon="-71.32931">
        <ele>469.75</ele>
      </trkpt>
      <trkpt lat="43.50701" lon="-71.32925">
        <ele>468.35</ele>
      </trkpt>
      <trkpt lat="43.50704" lon="-71.32919">
        <ele>466.45</ele>
      </trkpt>
      <trkpt lat="43.50707" lon="-71.32914">
        <ele>464.53</ele>
      </trkpt>
      <trkpt lat="43.50709" lon="-71.32909">
        <ele>462.85</ele>
      </trkpt>
      <trkpt lat="43.50713" lon="-71.32903">
        <ele>461.52</ele>
      </trkpt>
      <trkpt lat="43.50715" lon="-71.32898">
        <ele>460.98</ele>
      </trkpt>
      <trkpt lat="43.50718" lon="-71.32892">
        <ele>459.97</ele>
      </trkpt>
      <trkpt lat="43.50721" lon="-71.32888">
        <ele>459.02</ele>
      </trkpt>
      <trkpt lat="43.50726" lon="-71.32885">
        <ele>458.41</ele>
      </trkpt>
      <trkpt lat="43.50731" lon="-71.32884">
        <ele>457.97</ele>
      </trkpt>
      <trkpt lat="43.50737" lon="-71.32882">
        <ele>456.92</ele>
      </trkpt>
      <trkpt lat="43.5074" lon="-71.32877">
        <ele>455.51</ele>
      </trkpt>
      <trkpt lat="43.50743" lon="-71.32871">
        <ele>454.14</ele>
      </trkpt>
      <trkpt lat="43.50747" lon="-71.32869">
        <ele>453.7</ele>
      </trkpt>
      <trkpt lat="43.50752" lon="-71.32865">
        <ele>452.84</ele>
      </trkpt>
      <trkpt lat="43.50756" lon="-71.32863">
        <ele>452.41</ele>
      </trkpt>
      <trkpt lat="43.50761" lon="-71.3286">
        <ele>452.05</ele>
      </trkpt>
      <trkpt lat="43.50764" lon="-71.32854">
        <ele>451.35</ele>
      </trkpt>
      <trkpt lat="43.50766" lon="-71.32848">
        <ele>450.47</ele>
      </trkpt>
      <trkpt lat="43.50768" lon="-71.32841">
        <ele>449.77</ele>
      </trkpt>
      <trkpt lat="43.50771" lon="-71.32836">
        <ele>449.37</ele>
      </trkpt>
      <trkpt lat="43.50774" lon="-71.32831">
        <ele>448.65</ele>
      </trkpt>
      <trkpt lat="43.50778" lon="-71.32828">
        <ele>448.42</ele>
      </trkpt>
      <trkpt lat="43.50783" lon="-71.32827">
        <ele>448.32</ele>
      </trkpt>
      <trkpt lat="43.50787" lon="-71.32825">
        <ele>448.1</ele>
      </trkpt>
      <trkpt lat="43.5079" lon="-71.32819">
        <ele>447.08</ele>
      </trkpt>
      <trkpt lat="43.50795" lon="-71.32816">
        <ele>447.01</ele>
      </trkpt>
      <trkpt lat="43.508" lon="-71.32812">
        <ele>446.39</ele>
      </trkpt>
      <trkpt lat="43.50803" lon="-71.32806">
        <ele>445.1</ele>
      </trkpt>
      <trkpt lat="43.50805" lon="-71.32801">
        <ele>444.51</ele>
      </trkpt>
      <trkpt lat="43.50806" lon="-71.32794">
        <ele>443.8</ele>
      </trkpt>
      <trkpt lat="43.50808" lon="-71.32787">
        <ele>443.26</ele>
      </trkpt>
      <trkpt lat="43.5081" lon="-71.32781">
        <ele>443.17</ele>
      </trkpt>
      <trkpt lat="43.50814" lon="-71.32776">
        <ele>442.81</ele>
      </trkpt>
      <trkpt lat="43.50818" lon="-71.3277">
        <ele>442.45</ele>
      </trkpt>
      <trkpt lat="43.50822" lon="-71.32767">
        <ele>442.61</ele>
      </trkpt>
      <trkpt lat="43.50827" lon="-71.32765">
        <ele>442.62</ele>
      </trkpt>
      <trkpt lat="43.50831" lon="-71.32762">
        <ele>442.3</ele>
      </trkpt>
      <trkpt lat="43.50835" lon="-71.32757">
        <ele>441.94</ele>
      </trkpt>
      <trkpt lat="43.5084" lon="-71.32753">
        <ele>442.04</ele>
      </trkpt>
      <trkpt lat="43.50845" lon="-71.32751">
        <ele>442.11</ele>
      </trkpt>
      <trkpt lat="43.5085" lon="-71.32749">
        <ele>441.89</ele>
      </trkpt>
      <trkpt lat="43.50853" lon="-71.32744">
        <ele>441.48</ele>
      </trkpt>
      <trkpt lat="43.50855" lon="-71.32741">
        <ele>441.37</ele>
      </trkpt>
      <trkpt lat="43.50858" lon="-71.32738">
        <ele>441.37</ele>
      </trkpt>
      <trkpt lat="43.50861" lon="-71.32733">
        <ele>441.15</ele>
      </trkpt>
      <trkpt lat="43.50864" lon="-71.32727">
        <ele>440.67</ele>
      </trkpt>
      <trkpt lat="43.50864" lon="-71.32721">
        <ele>440.18</ele>
      </trkpt>
      <trkpt lat="43.50864" lon="-71.32713">
        <ele>439.32</ele>
      </trkpt>
      <trkpt lat="43.50864" lon="-71.32706">
        <ele>438.56</ele>
      </trkpt>
      <trkpt lat="43.50864" lon="-71.32699">
        <ele>438.15</ele>
      </trkpt>
      <trkpt lat="43.50867" lon="-71.32694">
        <ele>437.95</ele>
      </trkpt>
      <trkpt lat="43.50869" lon="-71.32688">
        <ele>437.3</ele>
      </trkpt>
      <trkpt lat="43.50866" lon="-71.32682">
        <ele>436.84</ele>
      </trkpt>
      <trkpt lat="43.50862" lon="-71.32677">
        <ele>436.2</ele>
      </trkpt>
      <trkpt lat="43.50859" lon="-71.32672">
        <ele>435.9</ele>
      </trkpt>
      <trkpt lat="43.50857" lon="-71.32666">
        <ele>435.52</ele>
      </trkpt>
      <trkpt lat="43.50856" lon="-71.3266">
        <ele>435.13</ele>
      </trkpt>
      <trkpt lat="43.50853" lon="-71.32653">
        <ele>434.52</ele>
      </trkpt>
      <trkpt lat="43.50851" lon="-71.32646">
        <ele>433.77</ele>
      </trkpt>
      <trkpt lat="43.50853" lon="-71.3264">
        <ele>433.12</ele>
      </trkpt>
      <trkpt lat="43.50853" lon="-71.32633">
        <ele>433.0</ele>
      </trkpt>
      <trkpt lat="43.5085" lon="-71.32626">
        <ele>432.61</ele>
      </trkpt>
      <trkpt lat="43.50851" lon="-71.32619">
        <ele>431.87</ele>
      </trkpt>
      <trkpt lat="43.5085" lon="-71.32612">
        <ele>431.28</ele>
      </trkpt>
      <trkpt lat="43.50849" lon="-71.32605">
        <ele>431.1</ele>
      </trkpt>
      <trkpt lat="43.50848" lon="-71.32597">
        <ele>430.69</ele>
      </trkpt>
      <trkpt lat="43.50849" lon="-71.32591">
        <ele>430.26</ele>
      </trkpt>
      <trkpt lat="43.5085" lon="-71.32585">
        <ele>430.04</ele>
      </trkpt>
      <trkpt lat="43.5085" lon="-71.32579">
        <ele>429.53</ele>
      </trkpt>
      <trkpt lat="43.50849" lon="-71.32572">
        <ele>428.78</ele>
      </trkpt>
      <trkpt lat="43.50846" lon="-71.32566">
        <ele>428.13</ele>
      </trkpt>
      <trkpt lat="43.50845" lon="-71.3256">
        <ele>427.48</ele>
      </trkpt>
      <trkpt lat="43.50846" lon="-71.32552">
        <ele>426.62</ele>
      </trkpt>
      <trkpt lat="43.50847" lon="-71.32546">
        <ele>425.98</ele>
      </trkpt>
      <trkpt lat="43.50847" lon="-71.32539">
        <ele>425.59</ele>
      </trkpt>
      <trkpt lat="43.50846" lon="-71.32533">
        <ele>425.21</ele>
      </trkpt>
      <trkpt lat="43.50844" lon="-71.32527">
        <ele>424.92</ele>
      </trkpt>
      <trkpt lat="43.50842" lon="-71.32521">
        <ele>424.2</ele>
      </trkpt>
      <trkpt lat="43.50842" lon="-71.32514">
        <ele>423.48</ele>
      </trkpt>
      <trkpt lat="43.50844" lon="-71.32508">
        <ele>422.86</ele>
      </trkpt>
      <trkpt lat="43.50845" lon="-71.32502">
        <ele>422.22</ele>
      </trkpt>
      <trkpt lat="43.50846" lon="-71.32495">
        <ele>421.46</ele>
      </trkpt>
      <trkpt lat="43.50846" lon="-71.32488">
        <ele>420.52</ele>
      </trkpt>
      <trkpt lat="43.50849" lon="-71.32484">
        <ele>420.05</ele>
      </trkpt>
      <trkpt lat="43.50854" lon="-71.32481">
        <ele>420.23</ele>
      </trkpt>
      <trkpt lat="43.50859" lon="-71.3248">
        <ele>420.77</ele>
      </trkpt>
      <trkpt lat="43.50864" lon="-71.32478">
        <ele>421.31</ele>
      </trkpt>
      <trkpt lat="43.50869" lon="-71.32477">
        <ele>421.85</ele>
      </trkpt>
      <trkpt lat="43.50873" lon="-71.32474">
        <ele>422.28</ele>
      </trkpt>
      <trkpt lat="43.50877" lon="-71.32469">
        <ele>422.72</ele>
      </trkpt>
      <trkpt lat="43.50881" lon="-71.32465">
        <ele>423.3</ele>
      </trkpt>
      <trkpt lat="43.50885" lon="-71.3246">
        <ele>424.29</ele>
      </trkpt>
      <trkpt lat="43.50889" lon="-71.32456">
        <ele>425.01</ele>
      </trkpt>
      <trkpt lat="43.50893" lon="-71.32452">
        <ele>425.44</ele>
      </trkpt>
      <trkpt lat="43.50896" lon="-71.32448">
        <ele>425.77</ele>
      </trkpt>
      <trkpt lat="43.50899" lon="-71.32443">
        <ele>426.34</ele>
      </trkpt>
      <trkpt lat="43.50901" lon="-71.32436">
        <ele>427.53</ele>
      </trkpt>
      <trkpt lat="43.50904" lon="-71.32431">
        <ele>428.88</ele>
      </trkpt>
      <trkpt lat="43.50906" lon="-71.32424">
        <ele>430.26</ele>
      </trkpt>
      <trkpt lat="43.50908" lon="-71.32418">
        <ele>431.79</ele>
      </trkpt>
      <trkpt lat="43.50907" lon="-71.32412">
        <ele>432.46</ele>
      </trkpt>
      <trkpt lat="43.50904" lon="-71.32405">
        <ele>432.89</ele>
      </trkpt>
      <trkpt lat="43.50903" lon="-71.32399">
        <ele>433.43</ele>
      </trkpt>
      <trkpt lat="43.50902" lon="-71.32392">
        <ele>434.08</ele>
      </trkpt>
      <trkpt lat="43.50899" lon="-71.32386">
        <ele>434.12</ele>
      </trkpt>
      <trkpt lat="43.50898" lon="-71.3238">
        <ele>433.98</ele>
      </trkpt>
      <trkpt lat="43.50896" lon="-71.32374">
        <ele>433.77</ele>
      </trkpt>
      <trkpt lat="43.50894" lon="-71.32368">
        <ele>433.55</ele>
      </trkpt>
      <trkpt lat="43.50891" lon="-71.32362">
        <ele>433.23</ele>
      </trkpt>
      <trkpt lat="43.50888" lon="-71.32357">
        <ele>432.46</ele>
      </trkpt>
      <trkpt lat="43.50888" lon="-71.32349">
        <ele>431.87</ele>
      </trkpt>
      <trkpt lat="43.50887" lon="-71.32343">
        <ele>431.6</ele>
      </trkpt>
      <trkpt lat="43.50887" lon="-71.32336">
        <ele>431.03</ele>
      </trkpt>
      <trkpt lat="43.50887" lon="-71.32329">
        <ele>430.7</ele>
      </trkpt>
      <trkpt lat="43.50886" lon="-71.32323">
        <ele>430.41</ele>
      </trkpt>
      <trkpt lat="43.50885" lon="-71.32316">
        <ele>430.53</ele>
      </trkpt>
      <trkpt lat="43.50885" lon="-71.32308">
        <ele>431.32</ele>
      </trkpt>
      <trkpt lat="43.50886" lon="-71.32301">
        <ele>432.18</ele>
      </trkpt>
      <trkpt lat="43.50887" lon="-71.32295">
        <ele>432.91</ele>
      </trkpt>
      <trkpt lat="43.50889" lon="-71.32288">
        <ele>433.91</ele>
      </trkpt>
      <trkpt lat="43.5089" lon="-71.32281">
        <ele>434.2</ele>
      </trkpt>
      <trkpt lat="43.50891" lon="-71.32275">
        <ele>434.69</ele>
      </trkpt>
      <trkpt lat="43.50892" lon="-71.32268">
        <ele>435.35</ele>
      </trkpt>
      <trkpt lat="43.50893" lon="-71.32261">
        <ele>435.8</ele>
      </trkpt>
      <trkpt lat="43.50895" lon="-71.32255">
        <ele>436.32</ele>
      </trkpt>
      <trkpt lat="43.50897" lon="-71.32249">
        <ele>436.75</ele>
      </trkpt>
      <trkpt lat="43.50899" lon="-71.32242">
        <ele>437.18</ele>
      </trkpt>
      <trkpt lat="43.509" lon="-71.32236">
        <ele>437.4</ele>
      </trkpt>
      <trkpt lat="43.50902" lon="-71.32229">
        <ele>437.83</ele>
      </trkpt>
      <trkpt lat="43.50901" lon="-71.32223">
        <ele>437.62</ele>
      </trkpt>
      <trkpt lat="43.50899" lon="-71.32217">
        <ele>436.62</ele>
      </trkpt>
      <trkpt lat="43.50898" lon="-71.32211">
        <ele>435.97</ele>
      </trkpt>
      <trkpt lat="43.50896" lon="-71.32205">
        <ele>435.54</ele>
      </trkpt>
      <trkpt lat="43.50892" lon="-71.32199">
        <ele>435.52</ele>
      </trkpt>
      <trkpt lat="43.50888" lon="-71.32194">
        <ele>436.19</ele>
      </trkpt>
      <trkpt lat="43.50885" lon="-71.3219">
        <ele>437.38</ele>
      </trkpt>
      <trkpt lat="43.5088" lon="-71.32186">
        <ele>438.78</ele>
      </trkpt>
      <trkpt lat="43.50876" lon="-71.32183">
        <ele>439.72</ele>
      </trkpt>
      <trkpt lat="43.50872" lon="-71.32179">
        <ele>441.04</ele>
      </trkpt>
      <trkpt lat="43.50867" lon="-71.32178">
        <ele>442.0</ele>
      </trkpt>
      <trkpt lat="43.50863" lon="-71.32175">
        <ele>442.9</ele>
      </trkpt>
      <trkpt lat="43.50859" lon="-71.32172">
        <ele>443.65</ele>
      </trkpt>
      <trkpt lat="43.50853" lon="-71.3217">
        <ele>444.52</ele>
      </trkpt>
      <trkpt lat="43.50849" lon="-71.32168">
        <ele>445.12</ele>
      </trkpt>
      <trkpt lat="43.50847" lon="-71.32163">
        <ele>446.11</ele>
      </trkpt>
      <trkpt lat="43.50845" lon="-71.32157">
        <ele>447.08</ele>
      </trkpt>
      <trkpt lat="43.50844" lon="-71.3215">
        <ele>448.48</ele>
      </trkpt>
      <trkpt lat="43.50844" lon="-71.32143">
        <ele>449.49</ele>
      </trkpt>
      <trkpt lat="43.50846" lon="-71.32136">
        <ele>450.62</ele>
      </trkpt>
      <trkpt lat="43.50848" lon="-71.32132">
        <ele>451.49</ele>
      </trkpt>
      <trkpt lat="43.50848" lon="-71.32125">
        <ele>452.71</ele>
      </trkpt>
      <trkpt lat="43.50846" lon="-71.32118">
        <ele>453.98</ele>
      </trkpt>
      <trkpt lat="43.50846" lon="-71.32112">
        <ele>454.87</ele>
      </trkpt>
      <trkpt lat="43.50844" lon="-71.32105">
        <ele>456.22</ele>
      </trkpt>
      <trkpt lat="43.5084" lon="-71.32101">
        <ele>457.09</ele>
      </trkpt>
      <trkpt lat="43.50837" lon="-71.32096">
        <ele>457.63</ele>
      </trkpt>
      <trkpt lat="43.50834" lon="-71.32092">
        <ele>458.06</ele>
      </trkpt>
      <trkpt lat="43.5083" lon="-71.32088">
        <ele>458.5</ele>
      </trkpt>
      <trkpt lat="43.50826" lon="-71.32083">
        <ele>459.01</ele>
      </trkpt>
      <trkpt lat="43.50823" lon="-71.32076">
        <ele>459.0</ele>
      </trkpt>
      <trkpt lat="43.50819" lon="-71.32072">
        <ele>459.22</ele>
      </trkpt>
      <trkpt lat="43.50815" lon="-71.32067">
        <ele>459.76</ele>
      </trkpt>
      <trkpt lat="43.50812" lon="-71.32062">
        <ele>460.0</ele>
      </trkpt>
      <trkpt lat="43.50809" lon="-71.32056">
        <ele>460.32</ele>
      </trkpt>
      <trkpt lat="43.50807" lon="-71.3205">
        <ele>460.66</ele>
      </trkpt>
      <trkpt lat="43.50804" lon="-71.32044">
        <ele>461.08</ele>
      </trkpt>
      <trkpt lat="43.50804" lon="-71.32037">
        <ele>461.83</ele>
      </trkpt>
      <trkpt lat="43.50803" lon="-71.3203">
        <ele>461.72</ele>
      </trkpt>
      <trkpt lat="43.50801" lon="-71.32024">
        <ele>461.92</ele>
      </trkpt>
      <trkpt lat="43.50796" lon="-71.32021">
        <ele>461.7</ele>
      </trkpt>
      <trkpt lat="43.50791" lon="-71.32019">
        <ele>461.38</ele>
      </trkpt>
      <trkpt lat="43.50787" lon="-71.32019">
        <ele>460.94</ele>
      </trkpt>
      <trkpt lat="43.50782" lon="-71.32021">
        <ele>460.19</ele>
      </trkpt>
      <trkpt lat="43.50777" lon="-71.32021">
        <ele>459.73</ele>
      </trkpt>
      <trkpt lat="43.50773" lon="-71.3202">
        <ele>459.84</ele>
      </trkpt>
      <trkpt lat="43.50771" lon="-71.32018">
        <ele>460.06</ele>
      </trkpt>
      <trkpt lat="43.5077" lon="-71.32016">
        <ele>460.27</ele>
      </trkpt>
      <trkpt lat="43.5077" lon="-71.32016">
        <ele>460.27</ele>
      </trkpt>
      <trkpt lat="43.50771" lon="-71.32016">
        <ele>460.27</ele>
      </trkpt>
      <trkpt lat="43.5077" lon="-71.32016">
        <ele>460.27</ele>
      </trkpt>
      <trkpt lat="43.5077" lon="-71.32016">
        <ele>460.27</ele>
      </trkpt>
      <trkpt lat="43.5077" lon="-71.32013">
        <ele>460.6</ele>
      </trkpt>
      <trkpt lat="43.50769" lon="-71.32012">
        <ele>460.7</ele>
      </trkpt>
      <trkpt lat="43.50769" lon="-71.32012">
        <ele>460.7</ele>
      </trkpt>
      <trkpt lat="43.5077" lon="-71.32013">
        <ele>460.6</ele>
      </trkpt>
      <trkpt lat="43.50769" lon="-71.32014">
        <ele>460.49</ele>
      </trkpt>
      <trkpt lat="43.50765" lon="-71.32016">
        <ele>460.17</ele>
      </trkpt>
      <trkpt lat="43.5076" lon="-71.32016">
        <ele>460.02</ele>
      </trkpt>
      <trkpt lat="43.50756" lon="-71.32013">
        <ele>460.21</ele>
      </trkpt>
      <trkpt lat="43.50751" lon="-71.32012">
        <ele>460.63</ele>
      </trkpt>
      <trkpt lat="43.50746" lon="-71.3201">
        <ele>460.92</ele>
      </trkpt>
      <trkpt lat="43.50741" lon="-71.32008">
        <ele>461.13</ele>
      </trkpt>
      <trkpt lat="43.50737" lon="-71.32006">
        <ele>461.61</ele>
      </trkpt>
      <trkpt lat="43.50732" lon="-71.32003">
        <ele>461.98</ele>
      </trkpt>
      <trkpt lat="43.50728" lon="-71.31999">
        <ele>462.44</ele>
      </trkpt>
      <trkpt lat="43.50723" lon="-71.31996">
        <ele>462.95</ele>
      </trkpt>
      <trkpt lat="43.50718" lon="-71.31994">
        <ele>463.46</ele>
      </trkpt>
      <trkpt lat="43.50715" lon="-71.3199">
        <ele>463.8</ele>
      </trkpt>
      <trkpt lat="43.50711" lon="-71.31986">
        <ele>464.21</ele>
      </trkpt>
      <trkpt lat="43.50707" lon="-71.31983">
        <ele>464.64</ele>
      </trkpt>
      <trkpt lat="43.50703" lon="-71.31979">
        <ele>465.02</ele>
      </trkpt>
      <trkpt lat="43.50699" lon="-71.31976">
        <ele>465.3</ele>
      </trkpt>
      <trkpt lat="43.50694" lon="-71.31973">
        <ele>465.92</ele>
      </trkpt>
      <trkpt lat="43.50691" lon="-71.31969">
        <ele>466.35</ele>
      </trkpt>
      <trkpt lat="43.50686" lon="-71.31966">
        <ele>466.67</ele>
      </trkpt>
      <trkpt lat="43.50681" lon="-71.31963">
        <ele>467.0</ele>
      </trkpt>
      <trkpt lat="43.50677" lon="-71.31961">
        <ele>467.21</ele>
      </trkpt>
      <trkpt lat="43.50672" lon="-71.31959">
        <ele>467.25</ele>
      </trkpt>
      <trkpt lat="43.50668" lon="-71.31955">
        <ele>467.12</ele>
      </trkpt>
      <trkpt lat="43.50663" lon="-71.31952">
        <ele>467.18</ele>
      </trkpt>
      <trkpt lat="43.50658" lon="-71.3195">
        <ele>467.4</ele>
      </trkpt>
      <trkpt lat="43.50652" lon="-71.31947">
        <ele>467.72</ele>
      </trkpt>
      <trkpt lat="43.50648" lon="-71.31942">
        <ele>468.0</ele>
      </trkpt>
      <trkpt lat="43.50644" lon="-71.31938">
        <ele>468.0</ele>
      </trkpt>
      <trkpt lat="43.50641" lon="-71.31933">
        <ele>468.0</ele>
      </trkpt>
      <trkpt lat="43.50639" lon="-71.31927">
        <ele>468.0</ele>
      </trkpt>
      <trkpt lat="43.50637" lon="-71.31921">
        <ele>468.63</ele>
      </trkpt>
      <trkpt lat="43.50633" lon="-71.31916">
        <ele>469.05</ele>
      </trkpt>
      <trkpt lat="43.50628" lon="-71.31912">
        <ele>469.77</ele>
      </trkpt>
      <trkpt lat="43.50625" lon="-71.31906">
        <ele>471.3</ele>
      </trkpt>
      <trkpt lat="43.50622" lon="-71.31901">
        <ele>473.03</ele>
      </trkpt>
      <trkpt lat="43.50618" lon="-71.31896">
        <ele>474.92</ele>
      </trkpt>
      <trkpt lat="43.50615" lon="-71.31891">
        <ele>476.26</ele>
      </trkpt>
      <trkpt lat="43.50611" lon="-71.31887">
        <ele>477.22</ele>
      </trkpt>
      <trkpt lat="43.50607" lon="-71.31882">
        <ele>478.19</ele>
      </trkpt>
      <trkpt lat="43.50603" lon="-71.31878">
        <ele>479.23</ele>
      </trkpt>
      <trkpt lat="43.50599" lon="-71.31874">
        <ele>480.64</ele>
      </trkpt>
      <trkpt lat="43.50594" lon="-71.31871">
        <ele>481.77</ele>
      </trkpt>
      <trkpt lat="43.5059" lon="-71.31869">
        <ele>482.43</ele>
      </trkpt>
      <trkpt lat="43.50584" lon="-71.31868">
        <ele>483.18</ele>
      </trkpt>
      <trkpt lat="43.50579" lon="-71.31866">
        <ele>483.94</ele>
      </trkpt>
      <trkpt lat="43.50575" lon="-71.31866">
        <ele>484.37</ele>
      </trkpt>
      <trkpt lat="43.5057" lon="-71.31865">
        <ele>485.02</ele>
      </trkpt>
      <trkpt lat="43.50566" lon="-71.31862">
        <ele>485.78</ele>
      </trkpt>
      <trkpt lat="43.50562" lon="-71.31858">
        <ele>486.98</ele>
      </trkpt>
      <trkpt lat="43.50558" lon="-71.31856">
        <ele>487.84</ele>
      </trkpt>
      <trkpt lat="43.50554" lon="-71.31851">
        <ele>489.26</ele>
      </trkpt>
      <trkpt lat="43.50552" lon="-71.31845">
        <ele>490.12</ele>
      </trkpt>
      <trkpt lat="43.5055" lon="-71.3184">
        <ele>490.88</ele>
      </trkpt>
      <trkpt lat="43.50548" lon="-71.31833">
        <ele>491.88</ele>
      </trkpt>
      <trkpt lat="43.50547" lon="-71.31826">
        <ele>493.45</ele>
      </trkpt>
      <trkpt lat="43.50544" lon="-71.3182">
        <ele>494.69</ele>
      </trkpt>
      <trkpt lat="43.5054" lon="-71.31815">
        <ele>495.66</ele>
      </trkpt>
      <trkpt lat="43.50537" lon="-71.31811">
        <ele>496.42</ele>
      </trkpt>
      <trkpt lat="43.50532" lon="-71.31807">
        <ele>497.39</ele>
      </trkpt>
      <trkpt lat="43.50528" lon="-71.31804">
        <ele>498.14</ele>
      </trkpt>
      <trkpt lat="43.50525" lon="-71.31798">
        <ele>499.36</ele>
      </trkpt>
      <trkpt lat="43.50521" lon="-71.31794">
        <ele>500.96</ele>
      </trkpt>
      <trkpt lat="43.50518" lon="-71.31789">
        <ele>502.63</ele>
      </trkpt>
      <trkpt lat="43.50515" lon="-71.31784">
        <ele>504.24</ele>
      </trkpt>
      <trkpt lat="43.50511" lon="-71.3178">
        <ele>505.47</ele>
      </trkpt>
      <trkpt lat="43.50507" lon="-71.31775">
        <ele>506.77</ele>
      </trkpt>
      <trkpt lat="43.50503" lon="-71.31771">
        <ele>507.65</ele>
      </trkpt>
      <trkpt lat="43.50498" lon="-71.31768">
        <ele>507.84</ele>
      </trkpt>
      <trkpt lat="43.50493" lon="-71.31767">
        <ele>507.41</ele>
      </trkpt>
      <trkpt lat="43.50489" lon="-71.31764">
        <ele>507.49</ele>
      </trkpt>
      <trkpt lat="43.50484" lon="-71.31762">
        <ele>507.7</ele>
      </trkpt>
      <trkpt lat="43.50479" lon="-71.3176">
        <ele>507.67</ele>
      </trkpt>
      <trkpt lat="43.50475" lon="-71.31755">
        <ele>507.62</ele>
      </trkpt>
      <trkpt lat="43.50471" lon="-71.31749">
        <ele>508.0</ele>
      </trkpt>
      <trkpt lat="43.50467" lon="-71.31745">
        <ele>508.0</ele>
      </trkpt>
      <trkpt lat="43.50464" lon="-71.31739">
        <ele>508.02</ele>
      </trkpt>
      <trkpt lat="43.50461" lon="-71.31734">
        <ele>508.0</ele>
      </trkpt>
      <trkpt lat="43.50457" lon="-71.3173">
        <ele>508.06</ele>
      </trkpt>
      <trkpt lat="43.50452" lon="-71.31729">
        <ele>508.0</ele>
      </trkpt>
      <trkpt lat="43.50447" lon="-71.31729">
        <ele>508.0</ele>
      </trkpt>
      <trkpt lat="43.50444" lon="-71.31724">
        <ele>507.95</ele>
      </trkpt>
      <trkpt lat="43.50443" lon="-71.31721">
        <ele>507.86</ele>
      </trkpt>
      <trkpt lat="43.5044" lon="-71.31715">
        <ele>507.89</ele>
      </trkpt>
      <trkpt lat="43.50437" lon="-71.3171">
        <ele>508.0</ele>
      </trkpt>
      <trkpt lat="43.50435" lon="-71.31704">
        <ele>507.98</ele>
      </trkpt>
      <trkpt lat="43.50433" lon="-71.31697">
        <ele>507.76</ele>
      </trkpt>
      <trkpt lat="43.5043" lon="-71.31692">
        <ele>507.32</ele>
      </trkpt>
      <trkpt lat="43.50425" lon="-71.31687">
        <ele>506.92</ele>
      </trkpt>
      <trkpt lat="43.50422" lon="-71.31682">
        <ele>506.58</ele>
      </trkpt>
      <trkpt lat="43.5042" lon="-71.31677">
        <ele>506.36</ele>
      </trkpt>
      <trkpt lat="43.50418" lon="-71.31669">
        <ele>505.4</ele>
      </trkpt>
      <trkpt lat="43.50417" lon="-71.31663">
        <ele>504.64</ele>
      </trkpt>
      <trkpt lat="43.50415" lon="-71.31655">
        <ele>503.77</ele>
      </trkpt>
      <trkpt lat="43.50412" lon="-71.31649">
        <ele>503.04</ele>
      </trkpt>
      <trkpt lat="43.50409" lon="-71.31643">
        <ele>501.79</ele>
      </trkpt>
      <trkpt lat="43.50405" lon="-71.3164">
        <ele>500.86</ele>
      </trkpt>
      <trkpt lat="43.50401" lon="-71.31637">
        <ele>500.17</ele>
      </trkpt>
      <trkpt lat="43.50396" lon="-71.31634">
        <ele>499.24</ele>
      </trkpt>
      <trkpt lat="43.50392" lon="-71.31632">
        <ele>498.59</ele>
      </trkpt>
      <trkpt lat="43.50388" lon="-71.31628">
        <ele>497.63</ele>
      </trkpt>
      <trkpt lat="43.50384" lon="-71.31625">
        <ele>496.44</ele>
      </trkpt>
      <trkpt lat="43.50379" lon="-71.31625">
        <ele>495.43</ele>
      </trkpt>
      <trkpt lat="43.50374" lon="-71.31626">
        <ele>495.0</ele>
      </trkpt>
      <trkpt lat="43.5037" lon="-71.31628">
        <ele>494.78</ele>
      </trkpt>
      <trkpt lat="43.50365" lon="-71.31626">
        <ele>493.8</ele>
      </trkpt>
      <trkpt lat="43.50361" lon="-71.31624">
        <ele>492.77</ele>
      </trkpt>
      <trkpt lat="43.50356" lon="-71.31623">
        <ele>491.86</ele>
      </trkpt>
      <trkpt lat="43.50351" lon="-71.31623">
        <ele>491.1</ele>
      </trkpt>
      <trkpt lat="43.50349" lon="-71.3162">
        <ele>490.3</ele>
      </trkpt>
      <trkpt lat="43.50344" lon="-71.3162">
        <ele>489.22</ele>
      </trkpt>
      <trkpt lat="43.50343" lon="-71.31621">
        <ele>489.16</ele>
      </trkpt>
      <trkpt lat="43.50343" lon="-71.31621">
        <ele>489.16</ele>
      </trkpt>
      <trkpt lat="43.50343" lon="-71.31621">
        <ele>489.16</ele>
      </trkpt>
      <trkpt lat="43.50343" lon="-71.3162">
        <ele>489.01</ele>
      </trkpt>
      <trkpt lat="43.5034" lon="-71.31617">
        <ele>487.71</ele>
      </trkpt>
      <trkpt lat="43.50335" lon="-71.31614">
        <ele>485.98</ele>
      </trkpt>
      <trkpt lat="43.50331" lon="-71.31614">
        <ele>485.12</ele>
      </trkpt>
      <trkpt lat="43.50326" lon="-71.31612">
        <ele>483.61</ele>
      </trkpt>
      <trkpt lat="43.50322" lon="-71.31609">
        <ele>482.1</ele>
      </trkpt>
      <trkpt lat="43.50318" lon="-71.31604">
        <ele>480.15</ele>
      </trkpt>
      <trkpt lat="43.50316" lon="-71.31599">
        <ele>478.95</ele>
      </trkpt>
      <trkpt lat="43.50311" lon="-71.31599">
        <ele>477.87</ele>
      </trkpt>
      <trkpt lat="43.50305" lon="-71.316">
        <ele>476.68</ele>
      </trkpt>
      <trkpt lat="43.50301" lon="-71.31599">
        <ele>475.71</ele>
      </trkpt>
      <trkpt lat="43.50296" lon="-71.31597">
        <ele>474.44</ele>
      </trkpt>
      <trkpt lat="43.50291" lon="-71.31595">
        <ele>473.69</ele>
      </trkpt>
      <trkpt lat="43.50286" lon="-71.31593">
        <ele>472.93</ele>
      </trkpt>
      <trkpt lat="43.50281" lon="-71.31592">
        <ele>472.28</ele>
      </trkpt>
      <trkpt lat="43.50277" lon="-71.31591">
        <ele>471.74</ele>
      </trkpt>
      <trkpt lat="43.50272" lon="-71.31587">
        <ele>470.77</ele>
      </trkpt>
      <trkpt lat="43.50267" lon="-71.31585">
        <ele>469.85</ele>
      </trkpt>
      <trkpt lat="43.50263" lon="-71.3158">
        <ele>468.3</ele>
      </trkpt>
      <trkpt lat="43.50258" lon="-71.31576">
        <ele>467.07</ele>
      </trkpt>
      <trkpt lat="43.50254" lon="-71.31573">
        <ele>466.32</ele>
      </trkpt>
      <trkpt lat="43.50249" lon="-71.31571">
        <ele>465.45</ele>
      </trkpt>
      <trkpt lat="43.50244" lon="-71.3157">
        <ele>464.26</ele>
      </trkpt>
      <trkpt lat="43.50239" lon="-71.31569">
        <ele>463.26</ele>
      </trkpt>
      <trkpt lat="43.50234" lon="-71.31566">
        <ele>462.4</ele>
      </trkpt>
      <trkpt lat="43.50231" lon="-71.3156">
        <ele>461.43</ele>
      </trkpt>
      <trkpt lat="43.50231" lon="-71.31554">
        <ele>460.78</ele>
      </trkpt>
      <trkpt lat="43.50229" lon="-71.31548">
        <ele>459.92</ele>
      </trkpt>
      <trkpt lat="43.50226" lon="-71.31543">
        <ele>459.05</ele>
      </trkpt>
      <trkpt lat="43.50222" lon="-71.31541">
        <ele>458.39</ele>
      </trkpt>
      <trkpt lat="43.50218" lon="-71.31537">
        <ele>457.54</ele>
      </trkpt>
      <trkpt lat="43.50213" lon="-71.31535">
        <ele>456.78</ele>
      </trkpt>
      <trkpt lat="43.5021" lon="-71.3153">
        <ele>455.84</ele>
      </trkpt>
      <trkpt lat="43.50205" lon="-71.31526">
        <ele>454.78</ele>
      </trkpt>
      <trkpt lat="43.502" lon="-71.31524">
        <ele>453.78</ele>
      </trkpt>
      <trkpt lat="43.50195" lon="-71.31521">
        <ele>452.6</ele>
      </trkpt>
      <trkpt lat="43.50191" lon="-71.31516">
        <ele>451.36</ele>
      </trkpt>
      <trkpt lat="43.50187" lon="-71.31511">
        <ele>450.38</ele>
      </trkpt>
      <trkpt lat="43.50182" lon="-71.3151">
        <ele>449.74</ele>
      </trkpt>
      <trkpt lat="43.50178" lon="-71.31508">
        <ele>448.95</ele>
      </trkpt>
      <trkpt lat="43.50174" lon="-71.31505">
        <ele>447.87</ele>
      </trkpt>
      <trkpt lat="43.50169" lon="-71.315">
        <ele>446.25</ele>
      </trkpt>
      <trkpt lat="43.50165" lon="-71.31496">
        <ele>444.96</ele>
      </trkpt>
      <trkpt lat="43.50161" lon="-71.31493">
        <ele>443.88</ele>
      </trkpt>
      <trkpt lat="43.50155" lon="-71.31491">
        <ele>442.8</ele>
      </trkpt>
      <trkpt lat="43.50151" lon="-71.31489">
        <ele>441.93</ele>
      </trkpt>
      <trkpt lat="43.50146" lon="-71.31487">
        <ele>440.82</ele>
      </trkpt>
      <trkpt lat="43.50141" lon="-71.31487">
        <ele>439.96</ele>
      </trkpt>
      <trkpt lat="43.50137" lon="-71.31486">
        <ele>439.18</ele>
      </trkpt>
      <trkpt lat="43.50132" lon="-71.31486">
        <ele>438.36</ele>
      </trkpt>
      <trkpt lat="43.50128" lon="-71.31483">
        <ele>437.12</ele>
      </trkpt>
      <trkpt lat="43.50123" lon="-71.31482">
        <ele>436.36</ele>
      </trkpt>
      <trkpt lat="43.50119" lon="-71.3148">
        <ele>435.41</ele>
      </trkpt>
      <trkpt lat="43.50114" lon="-71.31478">
        <ele>434.13</ele>
      </trkpt>
      <trkpt lat="43.50108" lon="-71.31478">
        <ele>433.29</ele>
      </trkpt>
      <trkpt lat="43.50104" lon="-71.31475">
        <ele>432.53</ele>
      </trkpt>
      <trkpt lat="43.50099" lon="-71.31473">
        <ele>431.16</ele>
      </trkpt>
      <trkpt lat="43.50094" lon="-71.31472">
        <ele>429.43</ele>
      </trkpt>
      <trkpt lat="43.50089" lon="-71.31472">
        <ele>427.81</ele>
      </trkpt>
      <trkpt lat="43.50083" lon="-71.31471">
        <ele>425.8</ele>
      </trkpt>
      <trkpt lat="43.50079" lon="-71.3147">
        <ele>424.82</ele>
      </trkpt>
      <trkpt lat="43.50074" lon="-71.31467">
        <ele>423.42</ele>
      </trkpt>
      <trkpt lat="43.5007" lon="-71.31465">
        <ele>422.34</ele>
      </trkpt>
      <trkpt lat="43.50065" lon="-71.31465">
        <ele>421.26</ele>
      </trkpt>
      <trkpt lat="43.5006" lon="-71.31465">
        <ele>420.18</ele>
      </trkpt>
      <trkpt lat="43.50055" lon="-71.31461">
        <ele>418.67</ele>
      </trkpt>
      <trkpt lat="43.50051" lon="-71.31457">
        <ele>417.37</ele>
      </trkpt>
      <trkpt lat="43.50047" lon="-71.31454">
        <ele>416.18</ele>
      </trkpt>
      <trkpt lat="43.50043" lon="-71.3145">
        <ele>414.89</ele>
      </trkpt>
      <trkpt lat="43.50039" lon="-71.31446">
        <ele>413.59</ele>
      </trkpt>
      <trkpt lat="43.50035" lon="-71.31441">
        <ele>412.05</ele>
      </trkpt>
      <trkpt lat="43.50032" lon="-71.31436">
        <ele>410.95</ele>
      </trkpt>
      <trkpt lat="43.5003" lon="-71.3143">
        <ele>409.92</ele>
      </trkpt>
      <trkpt lat="43.50026" lon="-71.31428">
        <ele>408.84</ele>
      </trkpt>
      <trkpt lat="43.5002" lon="-71.31425">
        <ele>407.22</ele>
      </trkpt>
      <trkpt lat="43.50017" lon="-71.31421">
        <ele>406.05</ele>
      </trkpt>
      <trkpt lat="43.50015" lon="-71.31414">
        <ele>404.57</ele>
      </trkpt>
      <trkpt lat="43.50012" lon="-71.3141">
        <ele>403.17</ele>
      </trkpt>
      <trkpt lat="43.5001" lon="-71.31413">
        <ele>402.84</ele>
      </trkpt>
      <trkpt lat="43.50006" lon="-71.31416">
        <ele>401.87</ele>
      </trkpt>
      <trkpt lat="43.50001" lon="-71.31414">
        <ele>400.04</ele>
      </trkpt>
      <trkpt lat="43.49998" lon="-71.31409">
        <ele>398.56</ele>
      </trkpt>
      <trkpt lat="43.49995" lon="-71.31405">
        <ele>397.0</ele>
      </trkpt>
      <trkpt lat="43.49993" lon="-71.31399">
        <ele>395.6</ele>
      </trkpt>
      <trkpt lat="43.4999" lon="-71.31393">
        <ele>393.73</ele>
      </trkpt>
      <trkpt lat="43.49986" lon="-71.31389">
        <ele>392.0</ele>
      </trkpt>
      <trkpt lat="43.49982" lon="-71.31387">
        <ele>390.72</ele>
      </trkpt>
      <trkpt lat="43.49978" lon="-71.31383">
        <ele>388.74</ele>
      </trkpt>
      <trkpt lat="43.49971" lon="-71.31379">
        <ele>385.67</ele>
      </trkpt>
      <trkpt lat="43.49965" lon="-71.31377">
        <ele>384.16</ele>
      </trkpt>
      <trkpt lat="43.4996" lon="-71.31376">
        <ele>382.84</ele>
      </trkpt>
      <trkpt lat="43.49953" lon="-71.31376">
        <ele>381.06</ele>
      </trkpt>
      <trkpt lat="43.49947" lon="-71.31374">
        <ele>379.34</ele>
      </trkpt>
      <trkpt lat="43.49945" lon="-71.3137">
        <ele>378.08</ele>
      </trkpt>
      <trkpt lat="43.49945" lon="-71.3137">
        <ele>378.08</ele>
      </trkpt>
      <trkpt lat="43.49945" lon="-71.31363">
        <ele>377.32</ele>
      </trkpt>
      <trkpt lat="43.49938" lon="-71.3136">
        <ele>376.46</ele>
      </trkpt>
      <trkpt lat="43.49934" lon="-71.31358">
        <ele>376.04</ele>
      </trkpt>
      <trkpt lat="43.49928" lon="-71.31355">
        <ele>374.6</ele>
      </trkpt>
      <trkpt lat="43.49921" lon="-71.31358">
        <ele>372.58</ele>
      </trkpt>
      <trkpt lat="43.49915" lon="-71.31359">
        <ele>371.01</ele>
      </trkpt>
      <trkpt lat="43.49908" lon="-71.31358">
        <ele>370.09</ele>
      </trkpt>
      <trkpt lat="43.49902" lon="-71.31356">
        <ele>368.25</ele>
      </trkpt>
      <trkpt lat="43.49895" lon="-71.31354">
        <ele>365.98</ele>
      </trkpt>
      <trkpt lat="43.49891" lon="-71.3135">
        <ele>364.88</ele>
      </trkpt>
      <trkpt lat="43.49884" lon="-71.31346">
        <ele>363.24</ele>
      </trkpt>
      <trkpt lat="43.4988" lon="-71.31344">
        <ele>362.11</ele>
      </trkpt>
      <trkpt lat="43.49875" lon="-71.31339">
        <ele>361.39</ele>
      </trkpt>
      <trkpt lat="43.49871" lon="-71.31337">
        <ele>360.74</ele>
      </trkpt>
      <trkpt lat="43.49866" lon="-71.31336">
        <ele>359.77</ele>
      </trkpt>
      <trkpt lat="43.49862" lon="-71.31335">
        <ele>359.01</ele>
      </trkpt>
      <trkpt lat="43.49856" lon="-71.31332">
        <ele>358.74</ele>
      </trkpt>
      <trkpt lat="43.49851" lon="-71.31328">
        <ele>359.01</ele>
      </trkpt>
      <trkpt lat="43.49847" lon="-71.31325">
        <ele>358.8</ele>
      </trkpt>
      <trkpt lat="43.49843" lon="-71.31322">
        <ele>358.53</ele>
      </trkpt>
      <trkpt lat="43.49842" lon="-71.31316">
        <ele>359.68</ele>
      </trkpt>
      <trkpt lat="43.49838" lon="-71.31313">
        <ele>359.8</ele>
      </trkpt>
      <trkpt lat="43.49833" lon="-71.31311">
        <ele>359.34</ele>
      </trkpt>
      <trkpt lat="43.49828" lon="-71.31309">
        <ele>358.48</ele>
      </trkpt>
      <trkpt lat="43.49823" lon="-71.31306">
        <ele>357.83</ele>
      </trkpt>
      <trkpt lat="43.49817" lon="-71.31305">
        <ele>357.31</ele>
      </trkpt>
      <trkpt lat="43.49814" lon="-71.313">
        <ele>357.42</ele>
      </trkpt>
      <trkpt lat="43.4981" lon="-71.31296">
        <ele>357.02</ele>
      </trkpt>
      <trkpt lat="43.49805" lon="-71.31297">
        <ele>355.86</ele>
      </trkpt>
      <trkpt lat="43.49799" lon="-71.31297">
        <ele>355.16</ele>
      </trkpt>
      <trkpt lat="43.49795" lon="-71.31294">
        <ele>354.97</ele>
      </trkpt>
      <trkpt lat="43.49789" lon="-71.31293">
        <ele>353.78</ele>
      </trkpt>
      <trkpt lat="43.49784" lon="-71.31292">
        <ele>352.63</ele>
      </trkpt>
      <trkpt lat="43.4978" lon="-71.3129">
        <ele>351.92</ele>
      </trkpt>
      <trkpt lat="43.49776" lon="-71.31286">
        <ele>351.73</ele>
      </trkpt>
      <trkpt lat="43.49772" lon="-71.31282">
        <ele>351.3</ele>
      </trkpt>
      <trkpt lat="43.49771" lon="-71.31275">
        <ele>351.84</ele>
      </trkpt>
      <trkpt lat="43.49766" lon="-71.31275">
        <ele>350.76</ele>
      </trkpt>
      <trkpt lat="43.4976" lon="-71.31275">
        <ele>349.46</ele>
      </trkpt>
      <trkpt lat="43.49754" lon="-71.31275">
        <ele>348.16</ele>
      </trkpt>
      <trkpt lat="43.49747" lon="-71.31275">
        <ele>346.43</ele>
      </trkpt>
      <trkpt lat="43.49741" lon="-71.31275">
        <ele>344.68</ele>
      </trkpt>
      <trkpt lat="43.49735" lon="-71.31276">
        <ele>343.02</ele>
      </trkpt>
      <trkpt lat="43.49729" lon="-71.31277">
        <ele>341.28</ele>
      </trkpt>
      <trkpt lat="43.49724" lon="-71.31278">
        <ele>339.55</ele>
      </trkpt>
      <trkpt lat="43.49719" lon="-71.31279">
        <ele>338.17</ele>
      </trkpt>
      <trkpt lat="43.49714" lon="-71.3128">
        <ele>336.98</ele>
      </trkpt>
      <trkpt lat="43.49708" lon="-71.31281">
        <ele>335.58</ele>
      </trkpt>
      <trkpt lat="43.49703" lon="-71.3128">
        <ele>334.53</ele>
      </trkpt>
      <trkpt lat="43.49699" lon="-71.31276">
        <ele>333.48</ele>
      </trkpt>
      <trkpt lat="43.49694" lon="-71.31274">
        <ele>331.86</ele>
      </trkpt>
      <trkpt lat="43.4969" lon="-71.31273">
        <ele>330.56</ele>
      </trkpt>
      <trkpt lat="43.49685" lon="-71.31271">
        <ele>328.96</ele>
      </trkpt>
      <trkpt lat="43.49681" lon="-71.31268">
        <ele>328.15</ele>
      </trkpt>
      <trkpt lat="43.49676" lon="-71.31264">
        <ele>327.5</ele>
      </trkpt>
      <trkpt lat="43.49672" lon="-71.31263">
        <ele>326.75</ele>
      </trkpt>
      <trkpt lat="43.49666" lon="-71.31262">
        <ele>325.56</ele>
      </trkpt>
      <trkpt lat="43.49661" lon="-71.31259">
        <ele>324.85</ele>
      </trkpt>
      <trkpt lat="43.49656" lon="-71.31256">
        <ele>324.85</ele>
      </trkpt>
      <trkpt lat="43.4965" lon="-71.31254">
        <ele>324.45</ele>
      </trkpt>
      <trkpt lat="43.49644" lon="-71.31253">
        <ele>323.46</ele>
      </trkpt>
      <trkpt lat="43.49639" lon="-71.31251">
        <ele>322.81</ele>
      </trkpt>
      <trkpt lat="43.49635" lon="-71.31249">
        <ele>322.38</ele>
      </trkpt>
      <trkpt lat="43.4963" lon="-71.31247">
        <ele>321.73</ele>
      </trkpt>
      <trkpt lat="43.49625" lon="-71.31245">
        <ele>320.08</ele>
      </trkpt>
      <trkpt lat="43.49621" lon="-71.31243">
        <ele>318.78</ele>
      </trkpt>
      <trkpt lat="43.49616" lon="-71.31242">
        <ele>316.84</ele>
      </trkpt>
      <trkpt lat="43.49611" lon="-71.31239">
        <ele>315.34</ele>
      </trkpt>
      <trkpt lat="43.49607" lon="-71.31236">
        <ele>314.46</ele>
      </trkpt>
      <trkpt lat="43.49603" lon="-71.3123">
        <ele>313.66</ele>
      </trkpt>
      <trkpt lat="43.49598" lon="-71.31226">
        <ele>311.93</ele>
      </trkpt>
      <trkpt lat="43.49594" lon="-71.31222">
        <ele>310.63</ele>
      </trkpt>
      <trkpt lat="43.4959" lon="-71.31217">
        <ele>309.72</ele>
      </trkpt>
      <trkpt lat="43.49587" lon="-71.31212">
        <ele>309.19</ele>
      </trkpt>
      <trkpt lat="43.49584" lon="-71.31206">
        <ele>308.22</ele>
      </trkpt>
      <trkpt lat="43.49582" lon="-71.312">
        <ele>307.57</ele>
      </trkpt>
      <trkpt lat="43.4958" lon="-71.31194">
        <ele>306.97</ele>
      </trkpt>
      <trkpt lat="43.49577" lon="-71.31188">
        <ele>306.64</ele>
      </trkpt>
      <trkpt lat="43.49574" lon="-71.31182">
        <ele>305.98</ele>
      </trkpt>
      <trkpt lat="43.49571" lon="-71.31177">
        <ele>305.0</ele>
      </trkpt>
      <trkpt lat="43.49571" lon="-71.3117">
        <ele>305.0</ele>
      </trkpt>
      <trkpt lat="43.49567" lon="-71.31167">
        <ele>303.71</ele>
      </trkpt>
      <trkpt lat="43.49563" lon="-71.31163">
        <ele>302.73</ele>
      </trkpt>
      <trkpt lat="43.49561" lon="-71.31157">
        <ele>302.37</ele>
      </trkpt>
      <trkpt lat="43.4956" lon="-71.31151">
        <ele>302.28</ele>
      </trkpt>
      <trkpt lat="43.49558" lon="-71.31146">
        <ele>301.79</ele>
      </trkpt>
      <trkpt lat="43.49554" lon="-71.31141">
        <ele>300.33</ele>
      </trkpt>
      <trkpt lat="43.49552" lon="-71.31135">
        <ele>299.63</ele>
      </trkpt>
      <trkpt lat="43.4955" lon="-71.3113">
        <ele>299.18</ele>
      </trkpt>
      <trkpt lat="43.49548" lon="-71.31124">
        <ele>298.55</ele>
      </trkpt>
      <trkpt lat="43.49545" lon="-71.31119">
        <ele>297.44</ele>
      </trkpt>
      <trkpt lat="43.49541" lon="-71.31116">
        <ele>295.71</ele>
      </trkpt>
      <trkpt lat="43.49537" lon="-71.31112">
        <ele>293.99</ele>
      </trkpt>
      <trkpt lat="43.49535" lon="-71.31105">
        <ele>293.41</ele>
      </trkpt>
      <trkpt lat="43.49534" lon="-71.31098">
        <ele>293.02</ele>
      </trkpt>
      <trkpt lat="43.49533" lon="-71.31092">
        <ele>292.69</ele>
      </trkpt>
      <trkpt lat="43.49529" lon="-71.31087">
        <ele>291.4</ele>
      </trkpt>
      <trkpt lat="43.49527" lon="-71.31081">
        <ele>290.58</ele>
      </trkpt>
      <trkpt lat="43.49524" lon="-71.31075">
        <ele>289.28</ele>
      </trkpt>
      <trkpt lat="43.49522" lon="-71.31069">
        <ele>288.75</ele>
      </trkpt>
      <trkpt lat="43.49521" lon="-71.31062">
        <ele>288.15</ele>
      </trkpt>
      <trkpt lat="43.49519" lon="-71.31056">
        <ele>287.1</ele>
      </trkpt>
      <trkpt lat="43.49517" lon="-71.31051">
        <ele>286.34</ele>
      </trkpt>
      <trkpt lat="43.49513" lon="-71.31046">
        <ele>285.37</ele>
      </trkpt>
      <trkpt lat="43.49509" lon="-71.31043">
        <ele>284.63</ele>
      </trkpt>
      <trkpt lat="43.49504" lon="-71.3104">
        <ele>284.14</ele>
      </trkpt>
      <trkpt lat="43.49502" lon="-71.31034">
        <ele>283.74</ele>
      </trkpt>
      <trkpt lat="43.49505" lon="-71.31033">
        <ele>283.8</ele>
      </trkpt>
      <trkpt lat="43.49503" lon="-71.31028">
        <ele>283.34</ele>
      </trkpt>
      <trkpt lat="43.495" lon="-71.31022">
        <ele>282.38</ele>
      </trkpt>
      <trkpt lat="43.49497" lon="-71.31016">
        <ele>281.91</ele>
      </trkpt>
      <trkpt lat="43.49494" lon="-71.31011">
        <ele>281.47</ele>
      </trkpt>
      <trkpt lat="43.49491" lon="-71.31007">
        <ele>281.02</ele>
      </trkpt>
      <trkpt lat="43.49488" lon="-71.31001">
        <ele>280.7</ele>
      </trkpt>
      <trkpt lat="43.49485" lon="-71.30996">
        <ele>279.95</ele>
      </trkpt>
      <trkpt lat="43.49481" lon="-71.30994">
        <ele>279.25</ele>
      </trkpt>
      <trkpt lat="43.49477" lon="-71.30989">
        <ele>277.84</ele>
      </trkpt>
      <trkpt lat="43.49471" lon="-71.30986">
        <ele>276.36</ele>
      </trkpt>
      <trkpt lat="43.49466" lon="-71.30983">
        <ele>275.49</ele>
      </trkpt>
      <trkpt lat="43.49461" lon="-71.30981">
        <ele>274.74</ele>
      </trkpt>
      <trkpt lat="43.49457" lon="-71.30977">
        <ele>273.87</ele>
      </trkpt>
      <trkpt lat="43.49453" lon="-71.30974">
        <ele>273.19</ele>
      </trkpt>
      <trkpt lat="43.49448" lon="-71.30971">
        <ele>272.92</ele>
      </trkpt>
      <trkpt lat="43.49444" lon="-71.30967">
        <ele>272.44</ele>
      </trkpt>
      <trkpt lat="43.49442" lon="-71.30961">
        <ele>271.94</ele>
      </trkpt>
      <trkpt lat="43.49439" lon="-71.30957">
        <ele>271.62</ele>
      </trkpt>
      <trkpt lat="43.49434" lon="-71.30949">
        <ele>270.93</ele>
      </trkpt>
      <trkpt lat="43.49428" lon="-71.30946">
        <ele>270.35</ele>
      </trkpt>
      <trkpt lat="43.49422" lon="-71.30943">
        <ele>269.49</ele>
      </trkpt>
      <trkpt lat="43.49415" lon="-71.30939">
        <ele>268.89</ele>
      </trkpt>
      <trkpt lat="43.4941" lon="-71.30936">
        <ele>268.34</ele>
      </trkpt>
      <trkpt lat="43.49406" lon="-71.30929">
        <ele>267.18</ele>
      </trkpt>
      <trkpt lat="43.49399" lon="-71.30927">
        <ele>266.21</ele>
      </trkpt>
      <trkpt lat="43.49393" lon="-71.30926">
        <ele>265.45</ele>
      </trkpt>
      <trkpt lat="43.49386" lon="-71.30924">
        <ele>264.48</ele>
      </trkpt>
      <trkpt lat="43.49381" lon="-71.3092">
        <ele>263.51</ele>
      </trkpt>
      <trkpt lat="43.49376" lon="-71.30917">
        <ele>262.64</ele>
      </trkpt>
      <trkpt lat="43.49371" lon="-71.30918">
        <ele>262.21</ele>
      </trkpt>
      <trkpt lat="43.49367" lon="-71.3092">
        <ele>262.0</ele>
      </trkpt>
      <trkpt lat="43.49362" lon="-71.30921">
        <ele>261.56</ele>
      </trkpt>
      <trkpt lat="43.49357" lon="-71.30924">
        <ele>261.44</ele>
      </trkpt>
      <trkpt lat="43.49352" lon="-71.30924">
        <ele>261.01</ele>
      </trkpt>
      <trkpt lat="43.49347" lon="-71.30925">
        <ele>260.48</ele>
      </trkpt>
      <trkpt lat="43.49341" lon="-71.30925">
        <ele>259.83</ele>
      </trkpt>
      <trkpt lat="43.49337" lon="-71.30922">
        <ele>259.4</ele>
      </trkpt>
      <trkpt lat="43.49334" lon="-71.30916">
        <ele>259.0</ele>
      </trkpt>
      <trkpt lat="43.4933" lon="-71.30911">
        <ele>258.03</ele>
      </trkpt>
      <trkpt lat="43.49326" lon="-71.30906">
        <ele>257.21</ele>
      </trkpt>
      <trkpt lat="43.49323" lon="-71.30899">
        <ele>257.12</ele>
      </trkpt>
      <trkpt lat="43.49318" lon="-71.30891">
        <ele>257.66</ele>
      </trkpt>
      <trkpt lat="43.49313" lon="-71.30886">
        <ele>258.39</ele>
      </trkpt>
      <trkpt lat="43.49309" lon="-71.30882">
        <ele>259.26</ele>
      </trkpt>
      <trkpt lat="43.49308" lon="-71.30875">
        <ele>259.47</ele>
      </trkpt>
      <trkpt lat="43.49309" lon="-71.30868">
        <ele>259.26</ele>
      </trkpt>
      <trkpt lat="43.49304" lon="-71.30864">
        <ele>260.22</ele>
      </trkpt>
      <trkpt lat="43.49301" lon="-71.30863">
        <ele>260.59</ele>
      </trkpt>
      <trkpt lat="43.49301" lon="-71.30863">
        <ele>260.59</ele>
      </trkpt>
      <trkpt lat="43.49301" lon="-71.30862">
        <ele>260.54</ele>
      </trkpt>
      <trkpt lat="43.493" lon="-71.30856">
        <ele>260.38</ele>
      </trkpt>
      <trkpt lat="43.49303" lon="-71.30848">
        <ele>259.44</ele>
      </trkpt>
      <trkpt lat="43.49307" lon="-71.30845">
        <ele>258.73</ele>
      </trkpt>
      <trkpt lat="43.49304" lon="-71.30838">
        <ele>258.76</ele>
      </trkpt>
      <trkpt lat="43.49302" lon="-71.30833">
        <ele>258.75</ele>
      </trkpt>
      <trkpt lat="43.49301" lon="-71.30825">
        <ele>258.54</ele>
      </trkpt>
      <trkpt lat="43.49299" lon="-71.30818">
        <ele>258.71</ele>
      </trkpt>
      <trkpt lat="43.49296" lon="-71.30814">
        <ele>259.03</ele>
      </trkpt>
      <trkpt lat="43.49291" lon="-71.3081">
        <ele>259.57</ele>
      </trkpt>
      <trkpt lat="43.49288" lon="-71.30806">
        <ele>259.9</ele>
      </trkpt>
      <trkpt lat="43.49285" lon="-71.30799">
        <ele>260.22</ele>
      </trkpt>
      <trkpt lat="43.49284" lon="-71.30792">
        <ele>260.33</ele>
      </trkpt>
      <trkpt lat="43.49283" lon="-71.30786">
        <ele>260.37</ele>
      </trkpt>
      <trkpt lat="43.49283" lon="-71.30778">
        <ele>259.89</ele>
      </trkpt>
      <trkpt lat="43.49281" lon="-71.30772">
        <ele>260.3</ele>
      </trkpt>
      <trkpt lat="43.49276" lon="-71.30769">
        <ele>261.19</ele>
      </trkpt>
      <trkpt lat="43.49273" lon="-71.30764">
        <ele>261.52</ele>
      </trkpt>
      <trkpt lat="43.49271" lon="-71.30759">
        <ele>261.72</ele>
      </trkpt>
      <trkpt lat="43.49268" lon="-71.30754">
        <ele>262.06</ele>
      </trkpt>
      <trkpt lat="43.49265" lon="-71.30748">
        <ele>262.38</ele>
      </trkpt>
      <trkpt lat="43.49262" lon="-71.30743">
        <ele>262.7</ele>
      </trkpt>
      <trkpt lat="43.49259" lon="-71.30737">
        <ele>263.03</ele>
      </trkpt>
      <trkpt lat="43.49255" lon="-71.30732">
        <ele>263.46</ele>
      </trkpt>
      <trkpt lat="43.49252" lon="-71.30727">
        <ele>263.3</ele>
      </trkpt>
      <trkpt lat="43.49253" lon="-71.3072">
        <ele>262.68</ele>
      </trkpt>
      <trkpt lat="43.49256" lon="-71.30714">
        <ele>262.35</ele>
      </trkpt>
      <trkpt lat="43.49257" lon="-71.30708">
        <ele>262.24</ele>
      </trkpt>
      <trkpt lat="43.49259" lon="-71.30701">
        <ele>261.74</ele>
      </trkpt>
      <trkpt lat="43.4926" lon="-71.30695">
        <ele>260.98</ele>
      </trkpt>
      <trkpt lat="43.49259" lon="-71.30688">
        <ele>260.35</ele>
      </trkpt>
      <trkpt lat="43.49256" lon="-71.30683">
        <ele>260.62</ele>
      </trkpt>
      <trkpt lat="43.49253" lon="-71.30678">
        <ele>260.83</ele>
      </trkpt>
      <trkpt lat="43.49249" lon="-71.30675">
        <ele>261.01</ele>
      </trkpt>
      <trkpt lat="43.49245" lon="-71.30671">
        <ele>261.01</ele>
      </trkpt>
      <trkpt lat="43.4924" lon="-71.30667">
        <ele>261.04</ele>
      </trkpt>
      <trkpt lat="43.49234" lon="-71.30664">
        <ele>260.71</ele>
      </trkpt>
      <trkpt lat="43.49229" lon="-71.30662">
        <ele>260.76</ele>
      </trkpt>
      <trkpt lat="43.49224" lon="-71.3066">
        <ele>261.09</ele>
      </trkpt>
      <trkpt lat="43.49219" lon="-71.30656">
        <ele>260.7</ele>
      </trkpt>
      <trkpt lat="43.49214" lon="-71.30653">
        <ele>260.05</ele>
      </trkpt>
      <trkpt lat="43.4921" lon="-71.3065">
        <ele>259.34</ele>
      </trkpt>
      <trkpt lat="43.49208" lon="-71.30643">
        <ele>258.15</ele>
      </trkpt>
      <trkpt lat="43.49203" lon="-71.30642">
        <ele>257.65</ele>
      </trkpt>
      <trkpt lat="43.49199" lon="-71.30639">
        <ele>257.02</ele>
      </trkpt>
      <trkpt lat="43.49195" lon="-71.30635">
        <ele>256.58</ele>
      </trkpt>
      <trkpt lat="43.4919" lon="-71.30633">
        <ele>255.88</ele>
      </trkpt>
      <trkpt lat="43.49184" lon="-71.30631">
        <ele>255.15</ele>
      </trkpt>
      <trkpt lat="43.49181" lon="-71.30626">
        <ele>255.0</ele>
      </trkpt>
      <trkpt lat="43.49182" lon="-71.30618">
        <ele>255.0</ele>
      </trkpt>
      <trkpt lat="43.4918" lon="-71.30611">
        <ele>254.99</ele>
      </trkpt>
      <trkpt lat="43.4918" lon="-71.30605">
        <ele>254.34</ele>
      </trkpt>
      <trkpt lat="43.4918" lon="-71.30598">
        <ele>254.0</ele>
      </trkpt>
      <trkpt lat="43.49179" lon="-71.30592">
        <ele>253.94</ele>
      </trkpt>
      <trkpt lat="43.49174" lon="-71.30588">
        <ele>253.61</ele>
      </trkpt>
      <trkpt lat="43.49173" lon="-71.30581">
        <ele>253.24</ele>
      </trkpt>
      <trkpt lat="43.49173" lon="-71.30575">
        <ele>253.03</ele>
      </trkpt>
      <trkpt lat="43.49172" lon="-71.30568">
        <ele>253.0</ele>
      </trkpt>
      <trkpt lat="43.49169" lon="-71.30563">
        <ele>252.8</ele>
      </trkpt>
      <trkpt lat="43.49169" lon="-71.30556">
        <ele>252.05</ele>
      </trkpt>
      <trkpt lat="43.49169" lon="-71.30549">
        <ele>252.0</ele>
      </trkpt>
      <trkpt lat="43.49168" lon="-71.30542">
        <ele>252.0</ele>
      </trkpt>
      <trkpt lat="43.49167" lon="-71.30535">
        <ele>251.78</ele>
      </trkpt>
      <trkpt lat="43.49166" lon="-71.30528">
        <ele>251.02</ele>
      </trkpt>
      <trkpt lat="43.49165" lon="-71.30521">
        <ele>251.0</ele>
      </trkpt>
      <trkpt lat="43.49163" lon="-71.30514">
        <ele>251.0</ele>
      </trkpt>
      <trkpt lat="43.49162" lon="-71.30507">
        <ele>251.0</ele>
      </trkpt>
      <trkpt lat="43.49162" lon="-71.30501">
        <ele>251.0</ele>
      </trkpt>
      <trkpt lat="43.49163" lon="-71.30494">
        <ele>251.0</ele>
      </trkpt>
      <trkpt lat="43.49163" lon="-71.30488">
        <ele>251.3</ele>
      </trkpt>
      <trkpt lat="43.49162" lon="-71.3048">
        <ele>252.08</ele>
      </trkpt>
      <trkpt lat="43.49162" lon="-71.30473">
        <ele>252.45</ele>
      </trkpt>
      <trkpt lat="43.49163" lon="-71.30466">
        <ele>252.87</ele>
      </trkpt>
      <trkpt lat="43.49163" lon="-71.30459">
        <ele>253.43</ele>
      </trkpt>
      <trkpt lat="43.49162" lon="-71.30453">
        <ele>254.04</ele>
      </trkpt>
      <trkpt lat="43.49159" lon="-71.30447">
        <ele>254.12</ele>
      </trkpt>
      <trkpt lat="43.49161" lon="-71.30442">
        <ele>254.55</ele>
      </trkpt>
      <trkpt lat="43.49165" lon="-71.30437">
        <ele>254.96</ele>
      </trkpt>
      <trkpt lat="43.49169" lon="-71.30431">
        <ele>255.45</ele>
      </trkpt>
      <trkpt lat="43.49173" lon="-71.30426">
        <ele>255.99</ele>
      </trkpt>
      <trkpt lat="43.49177" lon="-71.30421">
        <ele>256.0</ele>
      </trkpt>
      <trkpt lat="43.49179" lon="-71.30414">
        <ele>256.29</ele>
      </trkpt>
      <trkpt lat="43.49181" lon="-71.30408">
        <ele>256.94</ele>
      </trkpt>
      <trkpt lat="43.49182" lon="-71.30402">
        <ele>257.0</ele>
      </trkpt>
      <trkpt lat="43.49183" lon="-71.30395">
        <ele>257.34</ele>
      </trkpt>
      <trkpt lat="43.49181" lon="-71.30389">
        <ele>257.99</ele>
      </trkpt>
      <trkpt lat="43.4918" lon="-71.30383">
        <ele>258.0</ele>
      </trkpt>
      <trkpt lat="43.4918" lon="-71.30377">
        <ele>258.28</ele>
      </trkpt>
      <trkpt lat="43.49182" lon="-71.30371">
        <ele>258.93</ele>
      </trkpt>
      <trkpt lat="43.49181" lon="-71.30365">
        <ele>259.0</ele>
      </trkpt>
      <trkpt lat="43.49179" lon="-71.30358">
        <ele>259.34</ele>
      </trkpt>
      <trkpt lat="43.49174" lon="-71.30354">
        <ele>259.82</ele>
      </trkpt>
      <trkpt lat="43.49173" lon="-71.30347">
        <ele>260.52</ele>
      </trkpt>
      <trkpt lat="43.49174" lon="-71.30341">
        <ele>261.04</ele>
      </trkpt>
      <trkpt lat="43.49172" lon="-71.30335">
        <ele>261.35</ele>
      </trkpt>
      <trkpt lat="43.49172" lon="-71.30328">
        <ele>262.0</ele>
      </trkpt>
      <trkpt lat="43.49173" lon="-71.30321">
        <ele>262.65</ele>
      </trkpt>
      <trkpt lat="43.49172" lon="-71.30314">
        <ele>263.51</ele>
      </trkpt>
      <trkpt lat="43.49171" lon="-71.30307">
        <ele>264.38</ele>
      </trkpt>
      <trkpt lat="43.4917" lon="-71.30301">
        <ele>265.31</ele>
      </trkpt>
      <trkpt lat="43.49167" lon="-71.30296">
        <ele>266.03</ele>
      </trkpt>
      <trkpt lat="43.49163" lon="-71.30291">
        <ele>266.97</ele>
      </trkpt>
      <trkpt lat="43.49159" lon="-71.30286">
        <ele>267.96</ele>
      </trkpt>
      <trkpt lat="43.49155" lon="-71.30282">
        <ele>268.69</ele>
      </trkpt>
      <trkpt lat="43.49152" lon="-71.30277">
        <ele>269.7</ele>
      </trkpt>
      <trkpt lat="43.4915" lon="-71.3027">
        <ele>270.81</ele>
      </trkpt>
      <trkpt lat="43.49148" lon="-71.30263">
        <ele>272.2</ele>
      </trkpt>
      <trkpt lat="43.49148" lon="-71.30256">
        <ele>273.7</ele>
      </trkpt>
      <trkpt lat="43.49146" lon="-71.3025">
        <ele>275.0</ele>
      </trkpt>
      <trkpt lat="43.49145" lon="-71.30244">
        <ele>275.65</ele>
      </trkpt>
      <trkpt lat="43.49146" lon="-71.30237">
        <ele>276.4</ele>
      </trkpt>
      <trkpt lat="43.49144" lon="-71.3023">
        <ele>277.32</ele>
      </trkpt>
      <trkpt lat="43.4914" lon="-71.30226">
        <ele>278.18</ele>
      </trkpt>
      <trkpt lat="43.49137" lon="-71.3022">
        <ele>279.24</ele>
      </trkpt>
      <trkpt lat="43.49134" lon="-71.30214">
        <ele>279.89</ele>
      </trkpt>
      <trkpt lat="43.49135" lon="-71.30207">
        <ele>280.64</ele>
      </trkpt>
      <trkpt lat="43.49132" lon="-71.30202">
        <ele>281.18</ele>
      </trkpt>
      <trkpt lat="43.4913" lon="-71.30196">
        <ele>281.83</ele>
      </trkpt>
      <trkpt lat="43.49129" lon="-71.30189">
        <ele>282.59</ele>
      </trkpt>
      <trkpt lat="43.49129" lon="-71.30182">
        <ele>283.02</ele>
      </trkpt>
      <trkpt lat="43.49124" lon="-71.30178">
        <ele>283.47</ele>
      </trkpt>
      <trkpt lat="43.49123" lon="-71.30171">
        <ele>283.87</ele>
      </trkpt>
      <trkpt lat="43.49119" lon="-71.30165">
        <ele>284.18</ele>
      </trkpt>
      <trkpt lat="43.49114" lon="-71.30163">
        <ele>284.4</ele>
      </trkpt>
      <trkpt lat="43.4911" lon="-71.30162">
        <ele>284.56</ele>
      </trkpt>
      <trkpt lat="43.49108" lon="-71.30155">
        <ele>285.26</ele>
      </trkpt>
      <trkpt lat="43.49105" lon="-71.30149">
        <ele>285.91</ele>
      </trkpt>
      <trkpt lat="43.49102" lon="-71.30143">
        <ele>286.56</ele>
      </trkpt>
      <trkpt lat="43.491" lon="-71.30137">
        <ele>287.0</ele>
      </trkpt>
      <trkpt lat="43.49096" lon="-71.30131">
        <ele>287.0</ele>
      </trkpt>
      <trkpt lat="43.49093" lon="-71.30126">
        <ele>287.39</ele>
      </trkpt>
      <trkpt lat="43.49089" lon="-71.30119">
        <ele>288.0</ele>
      </trkpt>
      <trkpt lat="43.49088" lon="-71.30113">
        <ele>288.0</ele>
      </trkpt>
      <trkpt lat="43.49087" lon="-71.30106">
        <ele>288.0</ele>
      </trkpt>
      <trkpt lat="43.49084" lon="-71.301">
        <ele>288.2</ele>
      </trkpt>
      <trkpt lat="43.49081" lon="-71.30095">
        <ele>288.74</ele>
      </trkpt>
      <trkpt lat="43.49078" lon="-71.30089">
        <ele>289.0</ele>
      </trkpt>
      <trkpt lat="43.49076" lon="-71.30082">
        <ele>289.14</ele>
      </trkpt>
      <trkpt lat="43.49075" lon="-71.30075">
        <ele>289.9</ele>
      </trkpt>
      <trkpt lat="43.49075" lon="-71.30069">
        <ele>290.0</ele>
      </trkpt>
      <trkpt lat="43.49074" lon="-71.30062">
        <ele>290.3</ele>
      </trkpt>
      <trkpt lat="43.49072" lon="-71.30057">
        <ele>290.84</ele>
      </trkpt>
      <trkpt lat="43.49068" lon="-71.30052">
        <ele>291.0</ele>
      </trkpt>
      <trkpt lat="43.49066" lon="-71.30046">
        <ele>291.03</ele>
      </trkpt>
      <trkpt lat="43.49063" lon="-71.3004">
        <ele>291.68</ele>
      </trkpt>
      <trkpt lat="43.4906" lon="-71.30034">
        <ele>292.0</ele>
      </trkpt>
      <trkpt lat="43.49058" lon="-71.30028">
        <ele>292.0</ele>
      </trkpt>
      <trkpt lat="43.49056" lon="-71.30022">
        <ele>292.0</ele>
      </trkpt>
      <trkpt lat="43.49053" lon="-71.30018">
        <ele>292.06</ele>
      </trkpt>
      <trkpt lat="43.49049" lon="-71.30013">
        <ele>292.6</ele>
      </trkpt>
      <trkpt lat="43.49047" lon="-71.30007">
        <ele>293.0</ele>
      </trkpt>
      <trkpt lat="43.49045" lon="-71.3">
        <ele>293.0</ele>
      </trkpt>
      <trkpt lat="43.49044" lon="-71.29994">
        <ele>293.0</ele>
      </trkpt>
      <trkpt lat="43.49044" lon="-71.29987">
        <ele>293.0</ele>
      </trkpt>
      <trkpt lat="43.49043" lon="-71.2998">
        <ele>293.1</ele>
      </trkpt>
      <trkpt lat="43.49044" lon="-71.29972">
        <ele>293.76</ele>
      </trkpt>
      <trkpt lat="43.49046" lon="-71.29966">
        <ele>293.99</ele>
      </trkpt>
      <trkpt lat="43.49047" lon="-71.29961">
        <ele>294.0</ele>
      </trkpt>
      <trkpt lat="43.49047" lon="-71.2996">
        <ele>294.0</ele>
      </trkpt>
      <trkpt lat="43.49048" lon="-71.29956">
        <ele>294.0</ele>
      </trkpt>
      <trkpt lat="43.49048" lon="-71.29952">
        <ele>294.0</ele>
      </trkpt>
      <trkpt lat="43.49048" lon="-71.29945">
        <ele>294.0</ele>
      </trkpt>
      <trkpt lat="43.49051" lon="-71.29941">
        <ele>294.0</ele>
      </trkpt>
      <trkpt lat="43.49056" lon="-71.29938">
        <ele>294.0</ele>
      </trkpt>
      <trkpt lat="43.49056" lon="-71.29938">
        <ele>294.0</ele>
      </trkpt>
    </trkseg>
  </trk>
</gpx>
