<?xml version="1.0"?>
<gpx xmlns="http://www.topografix.com/GPX/1/1" xmlns:xsi="http://www.w3.org/2001/XMLSchema-instance" version="1.1" creator="AllTrails.com" xsi:schemaLocation="http://www.topografix.com/GPX/1/1 http://www.topografix.com/GPX/1/1/gpx.xsd">
  <metadata>
    <name><![CDATA[Eastern Belknap Range Circuit]]></name>
    <desc><![CDATA[]]></desc>
    <link href="http://www.alltrails.com">
      <text>AllTrails, LLC</text>
    </link>
    <bounds minlat="43.50422" minlon="-71.33425" maxlat="43.52332" maxlon="-71.27371"/>
  </metadata>
  <trk>
    <name><![CDATA[Eastern Belknap Range Circuit]]></name>
    <src>AllTrails</src>
    <trkseg>
      <trkpt lat="43.51922" lon="-71.27378">
        <ele>198.9</ele>
      </trkpt>
      <trkpt lat="43.51923" lon="-71.27378">
        <ele>198.88</ele>
      </trkpt>
      <trkpt lat="43.51923" lon="-71.27387">
        <ele>199.8</ele>
      </trkpt>
      <trkpt lat="43.51922" lon="-71.27391">
        <ele>200.0</ele>
      </trkpt>
      <trkpt lat="43.51921" lon="-71.27395">
        <ele>200.0</ele>
      </trkpt>
      <trkpt lat="43.51918" lon="-71.27401">
        <ele>200.31</ele>
      </trkpt>
      <trkpt lat="43.51919" lon="-71.27409">
        <ele>201.04</ele>
      </trkpt>
      <trkpt lat="43.51922" lon="-71.27416">
        <ele>201.53</ele>
      </trkpt>
      <trkpt lat="43.51925" lon="-71.27423">
        <ele>201.97</ele>
      </trkpt>
      <trkpt lat="43.5193" lon="-71.27428">
        <ele>202.57</ele>
      </trkpt>
      <trkpt lat="43.51934" lon="-71.27433">
        <ele>202.97</ele>
      </trkpt>
      <trkpt lat="43.51939" lon="-71.27439">
        <ele>203.82</ele>
      </trkpt>
      <trkpt lat="43.51944" lon="-71.27444">
        <ele>204.9</ele>
      </trkpt>
      <trkpt lat="43.51947" lon="-71.27451">
        <ele>205.28</ele>
      </trkpt>
      <trkpt lat="43.5195" lon="-71.27457">
        <ele>205.6</ele>
      </trkpt>
      <trkpt lat="43.5195" lon="-71.27466">
        <ele>205.73</ele>
      </trkpt>
      <trkpt lat="43.51951" lon="-71.27475">
        <ele>206.21</ele>
      </trkpt>
      <trkpt lat="43.51952" lon="-71.27483">
        <ele>206.98</ele>
      </trkpt>
      <trkpt lat="43.51953" lon="-71.27491">
        <ele>207.93</ele>
      </trkpt>
      <trkpt lat="43.51954" lon="-71.275">
        <ele>208.03</ele>
      </trkpt>
      <trkpt lat="43.51956" lon="-71.27507">
        <ele>209.0</ele>
      </trkpt>
      <trkpt lat="43.51957" lon="-71.27511">
        <ele>209.36</ele>
      </trkpt>
      <trkpt lat="43.51958" lon="-71.27515">
        <ele>209.46</ele>
      </trkpt>
      <trkpt lat="43.51962" lon="-71.27521">
        <ele>210.16</ele>
      </trkpt>
      <trkpt lat="43.51968" lon="-71.27525">
        <ele>211.24</ele>
      </trkpt>
      <trkpt lat="43.51973" lon="-71.2753">
        <ele>212.02</ele>
      </trkpt>
      <trkpt lat="43.51979" lon="-71.27534">
        <ele>212.49</ele>
      </trkpt>
      <trkpt lat="43.51984" lon="-71.27539">
        <ele>213.76</ele>
      </trkpt>
      <trkpt lat="43.51989" lon="-71.27544">
        <ele>215.38</ele>
      </trkpt>
      <trkpt lat="43.51993" lon="-71.2755">
        <ele>216.79</ele>
      </trkpt>
      <trkpt lat="43.51997" lon="-71.27555">
        <ele>217.66</ele>
      </trkpt>
      <trkpt lat="43.52002" lon="-71.27561">
        <ele>218.89</ele>
      </trkpt>
      <trkpt lat="43.52005" lon="-71.27567">
        <ele>219.78</ele>
      </trkpt>
      <trkpt lat="43.5201" lon="-71.27572">
        <ele>220.94</ele>
      </trkpt>
      <trkpt lat="43.52014" lon="-71.27578">
        <ele>222.23</ele>
      </trkpt>
      <trkpt lat="43.52019" lon="-71.27583">
        <ele>223.1</ele>
      </trkpt>
      <trkpt lat="43.52023" lon="-71.27589">
        <ele>224.28</ele>
      </trkpt>
      <trkpt lat="43.52029" lon="-71.27593">
        <ele>225.31</ele>
      </trkpt>
      <trkpt lat="43.52034" lon="-71.27598">
        <ele>226.93</ele>
      </trkpt>
      <trkpt lat="43.52038" lon="-71.27604">
        <ele>228.34</ele>
      </trkpt>
      <trkpt lat="43.5204" lon="-71.27612">
        <ele>229.42</ele>
      </trkpt>
      <trkpt lat="43.5204" lon="-71.27621">
        <ele>230.34</ele>
      </trkpt>
      <trkpt lat="43.5204" lon="-71.2763">
        <ele>230.68</ele>
      </trkpt>
      <trkpt lat="43.5204" lon="-71.27639">
        <ele>231.65</ele>
      </trkpt>
      <trkpt lat="43.5204" lon="-71.27649">
        <ele>232.64</ele>
      </trkpt>
      <trkpt lat="43.52041" lon="-71.27657">
        <ele>232.86</ele>
      </trkpt>
      <trkpt lat="43.52042" lon="-71.27665">
        <ele>233.51</ele>
      </trkpt>
      <trkpt lat="43.52043" lon="-71.27674">
        <ele>233.93</ele>
      </trkpt>
      <trkpt lat="43.52044" lon="-71.27682">
        <ele>234.26</ele>
      </trkpt>
      <trkpt lat="43.52046" lon="-71.27689">
        <ele>234.9</ele>
      </trkpt>
      <trkpt lat="43.52047" lon="-71.27697">
        <ele>235.3</ele>
      </trkpt>
      <trkpt lat="43.52048" lon="-71.27706">
        <ele>235.74</ele>
      </trkpt>
      <trkpt lat="43.52051" lon="-71.27713">
        <ele>237.03</ele>
      </trkpt>
      <trkpt lat="43.52054" lon="-71.2772">
        <ele>237.7</ele>
      </trkpt>
      <trkpt lat="43.52056" lon="-71.27727">
        <ele>238.17</ele>
      </trkpt>
      <trkpt lat="43.52059" lon="-71.27733">
        <ele>239.01</ele>
      </trkpt>
      <trkpt lat="43.52064" lon="-71.27739">
        <ele>240.66</ele>
      </trkpt>
      <trkpt lat="43.52067" lon="-71.27745">
        <ele>241.25</ele>
      </trkpt>
      <trkpt lat="43.52071" lon="-71.27752">
        <ele>241.79</ele>
      </trkpt>
      <trkpt lat="43.52075" lon="-71.27757">
        <ele>242.64</ele>
      </trkpt>
      <trkpt lat="43.52079" lon="-71.27763">
        <ele>243.91</ele>
      </trkpt>
      <trkpt lat="43.52084" lon="-71.27768">
        <ele>245.34</ele>
      </trkpt>
      <trkpt lat="43.52089" lon="-71.27772">
        <ele>246.93</ele>
      </trkpt>
      <trkpt lat="43.52095" lon="-71.27777">
        <ele>249.36</ele>
      </trkpt>
      <trkpt lat="43.52101" lon="-71.2778">
        <ele>252.28</ele>
      </trkpt>
      <trkpt lat="43.52106" lon="-71.27782">
        <ele>254.34</ele>
      </trkpt>
      <trkpt lat="43.52112" lon="-71.27785">
        <ele>256.51</ele>
      </trkpt>
      <trkpt lat="43.52117" lon="-71.27788">
        <ele>257.87</ele>
      </trkpt>
      <trkpt lat="43.52123" lon="-71.2779">
        <ele>259.85</ele>
      </trkpt>
      <trkpt lat="43.52128" lon="-71.27795">
        <ele>261.47</ele>
      </trkpt>
      <trkpt lat="43.52134" lon="-71.27799">
        <ele>262.32</ele>
      </trkpt>
      <trkpt lat="43.52139" lon="-71.27804">
        <ele>263.01</ele>
      </trkpt>
      <trkpt lat="43.52145" lon="-71.27808">
        <ele>263.57</ele>
      </trkpt>
      <trkpt lat="43.5215" lon="-71.27813">
        <ele>264.4</ele>
      </trkpt>
      <trkpt lat="43.52154" lon="-71.27816">
        <ele>265.14</ele>
      </trkpt>
      <trkpt lat="43.52156" lon="-71.27817">
        <ele>265.46</ele>
      </trkpt>
      <trkpt lat="43.52162" lon="-71.27822">
        <ele>266.1</ele>
      </trkpt>
      <trkpt lat="43.52166" lon="-71.27827">
        <ele>266.86</ele>
      </trkpt>
      <trkpt lat="43.5217" lon="-71.27833">
        <ele>267.72</ele>
      </trkpt>
      <trkpt lat="43.52175" lon="-71.27838">
        <ele>268.3</ele>
      </trkpt>
      <trkpt lat="43.52178" lon="-71.27845">
        <ele>268.45</ele>
      </trkpt>
      <trkpt lat="43.52182" lon="-71.27851">
        <ele>269.31</ele>
      </trkpt>
      <trkpt lat="43.52186" lon="-71.27857">
        <ele>270.18</ele>
      </trkpt>
      <trkpt lat="43.5219" lon="-71.27862">
        <ele>271.14</ele>
      </trkpt>
      <trkpt lat="43.52195" lon="-71.27868">
        <ele>272.8</ele>
      </trkpt>
      <trkpt lat="43.522" lon="-71.27872">
        <ele>273.78</ele>
      </trkpt>
      <trkpt lat="43.52206" lon="-71.27877">
        <ele>274.96</ele>
      </trkpt>
      <trkpt lat="43.52212" lon="-71.27881">
        <ele>275.9</ele>
      </trkpt>
      <trkpt lat="43.52217" lon="-71.27886">
        <ele>276.44</ele>
      </trkpt>
      <trkpt lat="43.52223" lon="-71.2789">
        <ele>277.16</ele>
      </trkpt>
      <trkpt lat="43.52228" lon="-71.27895">
        <ele>277.84</ele>
      </trkpt>
      <trkpt lat="43.52233" lon="-71.279">
        <ele>278.16</ele>
      </trkpt>
      <trkpt lat="43.52238" lon="-71.27905">
        <ele>278.7</ele>
      </trkpt>
      <trkpt lat="43.5224" lon="-71.27912">
        <ele>278.46</ele>
      </trkpt>
      <trkpt lat="43.52243" lon="-71.27919">
        <ele>278.18</ele>
      </trkpt>
      <trkpt lat="43.52244" lon="-71.27928">
        <ele>278.0</ele>
      </trkpt>
      <trkpt lat="43.52245" lon="-71.27936">
        <ele>278.05</ele>
      </trkpt>
      <trkpt lat="43.52245" lon="-71.27945">
        <ele>278.54</ele>
      </trkpt>
      <trkpt lat="43.52245" lon="-71.27954">
        <ele>278.54</ele>
      </trkpt>
      <trkpt lat="43.52245" lon="-71.27964">
        <ele>278.54</ele>
      </trkpt>
      <trkpt lat="43.52245" lon="-71.27973">
        <ele>278.58</ele>
      </trkpt>
      <trkpt lat="43.52246" lon="-71.27981">
        <ele>278.97</ele>
      </trkpt>
      <trkpt lat="43.52247" lon="-71.2799">
        <ele>279.3</ele>
      </trkpt>
      <trkpt lat="43.52249" lon="-71.27997">
        <ele>279.11</ele>
      </trkpt>
      <trkpt lat="43.5225" lon="-71.28005">
        <ele>279.0</ele>
      </trkpt>
      <trkpt lat="43.52249" lon="-71.28013">
        <ele>279.11</ele>
      </trkpt>
      <trkpt lat="43.52247" lon="-71.28021">
        <ele>279.32</ele>
      </trkpt>
      <trkpt lat="43.52246" lon="-71.28029">
        <ele>279.43</ele>
      </trkpt>
      <trkpt lat="43.52245" lon="-71.28038">
        <ele>279.54</ele>
      </trkpt>
      <trkpt lat="43.52245" lon="-71.28047">
        <ele>279.54</ele>
      </trkpt>
      <trkpt lat="43.52246" lon="-71.28055">
        <ele>279.43</ele>
      </trkpt>
      <trkpt lat="43.52247" lon="-71.28063">
        <ele>280.13</ele>
      </trkpt>
      <trkpt lat="43.52248" lon="-71.28072">
        <ele>280.22</ele>
      </trkpt>
      <trkpt lat="43.52249" lon="-71.2808">
        <ele>280.11</ele>
      </trkpt>
      <trkpt lat="43.5225" lon="-71.28088">
        <ele>280.0</ele>
      </trkpt>
      <trkpt lat="43.52251" lon="-71.28097">
        <ele>279.89</ele>
      </trkpt>
      <trkpt lat="43.52252" lon="-71.28105">
        <ele>279.78</ele>
      </trkpt>
      <trkpt lat="43.52253" lon="-71.28113">
        <ele>279.68</ele>
      </trkpt>
      <trkpt lat="43.52255" lon="-71.28122">
        <ele>279.36</ele>
      </trkpt>
      <trkpt lat="43.52256" lon="-71.2813">
        <ele>278.7</ele>
      </trkpt>
      <trkpt lat="43.52256" lon="-71.28139">
        <ele>278.7</ele>
      </trkpt>
      <trkpt lat="43.52256" lon="-71.28148">
        <ele>278.7</ele>
      </trkpt>
      <trkpt lat="43.52254" lon="-71.28157">
        <ele>278.59</ele>
      </trkpt>
      <trkpt lat="43.52253" lon="-71.28165">
        <ele>278.68</ele>
      </trkpt>
      <trkpt lat="43.52252" lon="-71.28173">
        <ele>278.78</ele>
      </trkpt>
      <trkpt lat="43.52251" lon="-71.28182">
        <ele>278.82</ele>
      </trkpt>
      <trkpt lat="43.52249" lon="-71.28189">
        <ele>279.11</ele>
      </trkpt>
      <trkpt lat="43.52248" lon="-71.28198">
        <ele>279.22</ele>
      </trkpt>
      <trkpt lat="43.52247" lon="-71.28206">
        <ele>279.16</ele>
      </trkpt>
      <trkpt lat="43.52244" lon="-71.28213">
        <ele>279.3</ele>
      </trkpt>
      <trkpt lat="43.52242" lon="-71.28221">
        <ele>279.73</ele>
      </trkpt>
      <trkpt lat="43.52241" lon="-71.28229">
        <ele>279.23</ele>
      </trkpt>
      <trkpt lat="43.52239" lon="-71.28237">
        <ele>279.38</ele>
      </trkpt>
      <trkpt lat="43.52236" lon="-71.28244">
        <ele>280.02</ele>
      </trkpt>
      <trkpt lat="43.52234" lon="-71.28251">
        <ele>280.46</ele>
      </trkpt>
      <trkpt lat="43.52232" lon="-71.28259">
        <ele>280.89</ele>
      </trkpt>
      <trkpt lat="43.5223" lon="-71.28266">
        <ele>281.32</ele>
      </trkpt>
      <trkpt lat="43.52228" lon="-71.28274">
        <ele>281.75</ele>
      </trkpt>
      <trkpt lat="43.52225" lon="-71.28281">
        <ele>282.4</ele>
      </trkpt>
      <trkpt lat="43.52224" lon="-71.28289">
        <ele>282.79</ele>
      </trkpt>
      <trkpt lat="43.52222" lon="-71.28297">
        <ele>284.05</ele>
      </trkpt>
      <trkpt lat="43.52222" lon="-71.28306">
        <ele>284.12</ele>
      </trkpt>
      <trkpt lat="43.52224" lon="-71.28314">
        <ele>284.53</ele>
      </trkpt>
      <trkpt lat="43.52225" lon="-71.28322">
        <ele>284.94</ele>
      </trkpt>
      <trkpt lat="43.52226" lon="-71.2833">
        <ele>285.04</ele>
      </trkpt>
      <trkpt lat="43.52229" lon="-71.28338">
        <ele>285.04</ele>
      </trkpt>
      <trkpt lat="43.52229" lon="-71.28347">
        <ele>285.54</ele>
      </trkpt>
      <trkpt lat="43.52232" lon="-71.28353">
        <ele>285.01</ele>
      </trkpt>
      <trkpt lat="43.52234" lon="-71.2836">
        <ele>285.34</ele>
      </trkpt>
      <trkpt lat="43.52236" lon="-71.28368">
        <ele>285.02</ele>
      </trkpt>
      <trkpt lat="43.52239" lon="-71.28375">
        <ele>284.88</ele>
      </trkpt>
      <trkpt lat="43.52241" lon="-71.28383">
        <ele>284.94</ele>
      </trkpt>
      <trkpt lat="43.52242" lon="-71.28391">
        <ele>284.96</ele>
      </trkpt>
      <trkpt lat="43.52244" lon="-71.28398">
        <ele>285.28</ele>
      </trkpt>
      <trkpt lat="43.52246" lon="-71.28406">
        <ele>284.86</ele>
      </trkpt>
      <trkpt lat="43.52248" lon="-71.28413">
        <ele>284.91</ele>
      </trkpt>
      <trkpt lat="43.52251" lon="-71.2842">
        <ele>284.78</ele>
      </trkpt>
      <trkpt lat="43.52253" lon="-71.28428">
        <ele>284.42</ele>
      </trkpt>
      <trkpt lat="43.52255" lon="-71.28435">
        <ele>284.45</ele>
      </trkpt>
      <trkpt lat="43.52257" lon="-71.28442">
        <ele>284.42</ele>
      </trkpt>
      <trkpt lat="43.52258" lon="-71.28451">
        <ele>284.27</ele>
      </trkpt>
      <trkpt lat="43.5226" lon="-71.28459">
        <ele>284.45</ele>
      </trkpt>
      <trkpt lat="43.52262" lon="-71.28466">
        <ele>284.51</ele>
      </trkpt>
      <trkpt lat="43.52262" lon="-71.28475">
        <ele>284.7</ele>
      </trkpt>
      <trkpt lat="43.52265" lon="-71.28482">
        <ele>284.4</ele>
      </trkpt>
      <trkpt lat="43.52267" lon="-71.28489">
        <ele>284.3</ele>
      </trkpt>
      <trkpt lat="43.52269" lon="-71.28497">
        <ele>283.95</ele>
      </trkpt>
      <trkpt lat="43.52272" lon="-71.28504">
        <ele>283.89</ele>
      </trkpt>
      <trkpt lat="43.52274" lon="-71.28511">
        <ele>283.93</ele>
      </trkpt>
      <trkpt lat="43.52275" lon="-71.2852">
        <ele>284.3</ele>
      </trkpt>
      <trkpt lat="43.52276" lon="-71.28528">
        <ele>284.19</ele>
      </trkpt>
      <trkpt lat="43.52278" lon="-71.28535">
        <ele>283.97</ele>
      </trkpt>
      <trkpt lat="43.52279" lon="-71.28544">
        <ele>283.87</ele>
      </trkpt>
      <trkpt lat="43.52281" lon="-71.28551">
        <ele>283.98</ele>
      </trkpt>
      <trkpt lat="43.52283" lon="-71.28559">
        <ele>283.87</ele>
      </trkpt>
      <trkpt lat="43.52281" lon="-71.28567">
        <ele>284.39</ele>
      </trkpt>
      <trkpt lat="43.52279" lon="-71.28575">
        <ele>284.87</ele>
      </trkpt>
      <trkpt lat="43.52278" lon="-71.28584">
        <ele>284.98</ele>
      </trkpt>
      <trkpt lat="43.52277" lon="-71.28592">
        <ele>285.08</ele>
      </trkpt>
      <trkpt lat="43.52278" lon="-71.28598">
        <ele>284.98</ele>
      </trkpt>
      <trkpt lat="43.52278" lon="-71.286">
        <ele>284.98</ele>
      </trkpt>
      <trkpt lat="43.52278" lon="-71.28609">
        <ele>284.98</ele>
      </trkpt>
      <trkpt lat="43.52281" lon="-71.28616">
        <ele>284.65</ele>
      </trkpt>
      <trkpt lat="43.52284" lon="-71.28623">
        <ele>284.33</ele>
      </trkpt>
      <trkpt lat="43.52287" lon="-71.28629">
        <ele>284.0</ele>
      </trkpt>
      <trkpt lat="43.52289" lon="-71.28637">
        <ele>283.79</ele>
      </trkpt>
      <trkpt lat="43.52291" lon="-71.28644">
        <ele>283.57</ele>
      </trkpt>
      <trkpt lat="43.52294" lon="-71.28652">
        <ele>283.25</ele>
      </trkpt>
      <trkpt lat="43.52296" lon="-71.28659">
        <ele>283.03</ele>
      </trkpt>
      <trkpt lat="43.52298" lon="-71.28666">
        <ele>282.82</ele>
      </trkpt>
      <trkpt lat="43.523" lon="-71.28674">
        <ele>282.6</ele>
      </trkpt>
      <trkpt lat="43.52304" lon="-71.2868">
        <ele>281.8</ele>
      </trkpt>
      <trkpt lat="43.52306" lon="-71.28687">
        <ele>280.95</ele>
      </trkpt>
      <trkpt lat="43.52308" lon="-71.28695">
        <ele>280.74</ele>
      </trkpt>
      <trkpt lat="43.5231" lon="-71.28702">
        <ele>280.52</ele>
      </trkpt>
      <trkpt lat="43.52312" lon="-71.28709">
        <ele>280.3</ele>
      </trkpt>
      <trkpt lat="43.52315" lon="-71.28717">
        <ele>279.53</ele>
      </trkpt>
      <trkpt lat="43.52317" lon="-71.28724">
        <ele>278.76</ele>
      </trkpt>
      <trkpt lat="43.5232" lon="-71.28731">
        <ele>278.44</ele>
      </trkpt>
      <trkpt lat="43.52322" lon="-71.28738">
        <ele>278.22</ele>
      </trkpt>
      <trkpt lat="43.52325" lon="-71.28745">
        <ele>277.9</ele>
      </trkpt>
      <trkpt lat="43.52327" lon="-71.28753">
        <ele>277.68</ele>
      </trkpt>
      <trkpt lat="43.52329" lon="-71.2876">
        <ele>277.47</ele>
      </trkpt>
      <trkpt lat="43.5233" lon="-71.28768">
        <ele>277.36</ele>
      </trkpt>
      <trkpt lat="43.52331" lon="-71.28777">
        <ele>277.25</ele>
      </trkpt>
      <trkpt lat="43.52332" lon="-71.28785">
        <ele>276.48</ele>
      </trkpt>
      <trkpt lat="43.52332" lon="-71.28794">
        <ele>276.18</ele>
      </trkpt>
      <trkpt lat="43.52332" lon="-71.28803">
        <ele>276.14</ele>
      </trkpt>
      <trkpt lat="43.52332" lon="-71.28813">
        <ele>276.14</ele>
      </trkpt>
      <trkpt lat="43.52332" lon="-71.28822">
        <ele>275.37</ele>
      </trkpt>
      <trkpt lat="43.52331" lon="-71.2883">
        <ele>275.25</ele>
      </trkpt>
      <trkpt lat="43.52327" lon="-71.28836">
        <ele>275.59</ele>
      </trkpt>
      <trkpt lat="43.52323" lon="-71.28842">
        <ele>276.12</ele>
      </trkpt>
      <trkpt lat="43.52319" lon="-71.28848">
        <ele>275.96</ele>
      </trkpt>
      <trkpt lat="43.52314" lon="-71.28854">
        <ele>276.16</ele>
      </trkpt>
      <trkpt lat="43.5231" lon="-71.28859">
        <ele>276.64</ele>
      </trkpt>
      <trkpt lat="43.52304" lon="-71.28864">
        <ele>277.34</ele>
      </trkpt>
      <trkpt lat="43.52299" lon="-71.28869">
        <ele>278.42</ele>
      </trkpt>
      <trkpt lat="43.52294" lon="-71.28874">
        <ele>279.1</ele>
      </trkpt>
      <trkpt lat="43.5229" lon="-71.2888">
        <ele>279.36</ele>
      </trkpt>
      <trkpt lat="43.52285" lon="-71.28886">
        <ele>280.44</ele>
      </trkpt>
      <trkpt lat="43.52281" lon="-71.28891">
        <ele>281.3</ele>
      </trkpt>
      <trkpt lat="43.52278" lon="-71.28898">
        <ele>281.95</ele>
      </trkpt>
      <trkpt lat="43.52273" lon="-71.28903">
        <ele>282.26</ele>
      </trkpt>
      <trkpt lat="43.52269" lon="-71.28909">
        <ele>282.9</ele>
      </trkpt>
      <trkpt lat="43.52264" lon="-71.28915">
        <ele>283.58</ele>
      </trkpt>
      <trkpt lat="43.5226" lon="-71.2892">
        <ele>283.92</ele>
      </trkpt>
      <trkpt lat="43.52254" lon="-71.28925">
        <ele>285.14</ele>
      </trkpt>
      <trkpt lat="43.52249" lon="-71.2893">
        <ele>285.72</ele>
      </trkpt>
      <trkpt lat="43.52243" lon="-71.28933">
        <ele>286.57</ele>
      </trkpt>
      <trkpt lat="43.52238" lon="-71.28936">
        <ele>287.23</ele>
      </trkpt>
      <trkpt lat="43.52232" lon="-71.28938">
        <ele>287.93</ele>
      </trkpt>
      <trkpt lat="43.52226" lon="-71.28939">
        <ele>288.59</ele>
      </trkpt>
      <trkpt lat="43.52221" lon="-71.28939">
        <ele>289.13</ele>
      </trkpt>
      <trkpt lat="43.52215" lon="-71.2894">
        <ele>289.78</ele>
      </trkpt>
      <trkpt lat="43.5221" lon="-71.28939">
        <ele>290.51</ele>
      </trkpt>
      <trkpt lat="43.52204" lon="-71.28938">
        <ele>291.64</ele>
      </trkpt>
      <trkpt lat="43.52199" lon="-71.28937">
        <ele>292.31</ele>
      </trkpt>
      <trkpt lat="43.52193" lon="-71.28938">
        <ele>292.85</ele>
      </trkpt>
      <trkpt lat="43.52187" lon="-71.28938">
        <ele>293.5</ele>
      </trkpt>
      <trkpt lat="43.52182" lon="-71.2894">
        <ele>294.0</ele>
      </trkpt>
      <trkpt lat="43.52178" lon="-71.28946">
        <ele>294.42</ele>
      </trkpt>
      <trkpt lat="43.52174" lon="-71.28952">
        <ele>294.39</ele>
      </trkpt>
      <trkpt lat="43.52171" lon="-71.28959">
        <ele>294.53</ele>
      </trkpt>
      <trkpt lat="43.52167" lon="-71.28966">
        <ele>294.95</ele>
      </trkpt>
      <trkpt lat="43.52164" lon="-71.28972">
        <ele>295.29</ele>
      </trkpt>
      <trkpt lat="43.52161" lon="-71.28979">
        <ele>295.61</ele>
      </trkpt>
      <trkpt lat="43.52161" lon="-71.28988">
        <ele>295.61</ele>
      </trkpt>
      <trkpt lat="43.5216" lon="-71.28996">
        <ele>295.72</ele>
      </trkpt>
      <trkpt lat="43.52158" lon="-71.29005">
        <ele>295.94</ele>
      </trkpt>
      <trkpt lat="43.52157" lon="-71.29013">
        <ele>296.47</ele>
      </trkpt>
      <trkpt lat="43.52156" lon="-71.29021">
        <ele>297.15</ele>
      </trkpt>
      <trkpt lat="43.52155" lon="-71.2903">
        <ele>297.32</ele>
      </trkpt>
      <trkpt lat="43.52153" lon="-71.29037">
        <ele>297.95</ele>
      </trkpt>
      <trkpt lat="43.52152" lon="-71.29045">
        <ele>298.53</ele>
      </trkpt>
      <trkpt lat="43.52151" lon="-71.29054">
        <ele>298.69</ele>
      </trkpt>
      <trkpt lat="43.52148" lon="-71.29061">
        <ele>299.61</ele>
      </trkpt>
      <trkpt lat="43.52146" lon="-71.29069">
        <ele>300.23</ele>
      </trkpt>
      <trkpt lat="43.52144" lon="-71.29076">
        <ele>300.45</ele>
      </trkpt>
      <trkpt lat="43.52142" lon="-71.29083">
        <ele>300.66</ele>
      </trkpt>
      <trkpt lat="43.52138" lon="-71.2909">
        <ele>301.1</ele>
      </trkpt>
      <trkpt lat="43.52136" lon="-71.29097">
        <ele>301.31</ele>
      </trkpt>
      <trkpt lat="43.52131" lon="-71.29102">
        <ele>301.85</ele>
      </trkpt>
      <trkpt lat="43.52126" lon="-71.29108">
        <ele>302.39</ele>
      </trkpt>
      <trkpt lat="43.5212" lon="-71.29112">
        <ele>303.04</ele>
      </trkpt>
      <trkpt lat="43.52115" lon="-71.29117">
        <ele>303.95</ele>
      </trkpt>
      <trkpt lat="43.52109" lon="-71.29122">
        <ele>305.23</ele>
      </trkpt>
      <trkpt lat="43.52104" lon="-71.29127">
        <ele>305.77</ele>
      </trkpt>
      <trkpt lat="43.52098" lon="-71.29131">
        <ele>306.42</ele>
      </trkpt>
      <trkpt lat="43.52094" lon="-71.29137">
        <ele>306.85</ele>
      </trkpt>
      <trkpt lat="43.52088" lon="-71.29142">
        <ele>307.5</ele>
      </trkpt>
      <trkpt lat="43.52086" lon="-71.29149">
        <ele>307.62</ele>
      </trkpt>
      <trkpt lat="43.52083" lon="-71.29156">
        <ele>307.19</ele>
      </trkpt>
      <trkpt lat="43.52079" lon="-71.29162">
        <ele>307.2</ele>
      </trkpt>
      <trkpt lat="43.52076" lon="-71.29169">
        <ele>307.38</ele>
      </trkpt>
      <trkpt lat="43.52073" lon="-71.29175">
        <ele>307.22</ele>
      </trkpt>
      <trkpt lat="43.52068" lon="-71.29181">
        <ele>307.11</ele>
      </trkpt>
      <trkpt lat="43.52065" lon="-71.29187">
        <ele>306.98</ele>
      </trkpt>
      <trkpt lat="43.52061" lon="-71.29194">
        <ele>307.43</ele>
      </trkpt>
      <trkpt lat="43.52057" lon="-71.292">
        <ele>307.15</ele>
      </trkpt>
      <trkpt lat="43.52053" lon="-71.29205">
        <ele>307.14</ele>
      </trkpt>
      <trkpt lat="43.52048" lon="-71.29211">
        <ele>307.03</ele>
      </trkpt>
      <trkpt lat="43.52042" lon="-71.29216">
        <ele>306.96</ele>
      </trkpt>
      <trkpt lat="43.52038" lon="-71.29221">
        <ele>306.94</ele>
      </trkpt>
      <trkpt lat="43.52033" lon="-71.29226">
        <ele>306.62</ele>
      </trkpt>
      <trkpt lat="43.5203" lon="-71.29233">
        <ele>305.6</ele>
      </trkpt>
      <trkpt lat="43.52027" lon="-71.2924">
        <ele>305.16</ele>
      </trkpt>
      <trkpt lat="43.52025" lon="-71.29247">
        <ele>304.62</ele>
      </trkpt>
      <trkpt lat="43.52022" lon="-71.29255">
        <ele>304.08</ele>
      </trkpt>
      <trkpt lat="43.5202" lon="-71.29262">
        <ele>303.84</ele>
      </trkpt>
      <trkpt lat="43.52018" lon="-71.2927">
        <ele>304.22</ele>
      </trkpt>
      <trkpt lat="43.52016" lon="-71.29277">
        <ele>305.19</ele>
      </trkpt>
      <trkpt lat="43.52013" lon="-71.29285">
        <ele>305.6</ele>
      </trkpt>
      <trkpt lat="43.5201" lon="-71.29291">
        <ele>306.31</ele>
      </trkpt>
      <trkpt lat="43.52008" lon="-71.29299">
        <ele>307.18</ele>
      </trkpt>
      <trkpt lat="43.52005" lon="-71.29305">
        <ele>307.89</ele>
      </trkpt>
      <trkpt lat="43.52002" lon="-71.29312">
        <ele>309.26</ele>
      </trkpt>
      <trkpt lat="43.51997" lon="-71.29317">
        <ele>310.4</ele>
      </trkpt>
      <trkpt lat="43.51992" lon="-71.29323">
        <ele>311.63</ele>
      </trkpt>
      <trkpt lat="43.51987" lon="-71.29326">
        <ele>313.42</ele>
      </trkpt>
      <trkpt lat="43.51981" lon="-71.29329">
        <ele>315.66</ele>
      </trkpt>
      <trkpt lat="43.51976" lon="-71.29332">
        <ele>317.55</ele>
      </trkpt>
      <trkpt lat="43.5197" lon="-71.29334">
        <ele>319.57</ele>
      </trkpt>
      <trkpt lat="43.51964" lon="-71.29336">
        <ele>321.32</ele>
      </trkpt>
      <trkpt lat="43.51959" lon="-71.29338">
        <ele>322.65</ele>
      </trkpt>
      <trkpt lat="43.51953" lon="-71.29341">
        <ele>323.9</ele>
      </trkpt>
      <trkpt lat="43.51948" lon="-71.29344">
        <ele>324.86</ele>
      </trkpt>
      <trkpt lat="43.51942" lon="-71.29345">
        <ele>325.78</ele>
      </trkpt>
      <trkpt lat="43.51937" lon="-71.29349">
        <ele>327.19</ele>
      </trkpt>
      <trkpt lat="43.51931" lon="-71.29349">
        <ele>327.38</ele>
      </trkpt>
      <trkpt lat="43.51925" lon="-71.2935">
        <ele>327.62</ele>
      </trkpt>
      <trkpt lat="43.5192" lon="-71.29349">
        <ele>327.58</ele>
      </trkpt>
      <trkpt lat="43.51914" lon="-71.2935">
        <ele>327.8</ele>
      </trkpt>
      <trkpt lat="43.51909" lon="-71.29349">
        <ele>327.69</ele>
      </trkpt>
      <trkpt lat="43.51903" lon="-71.2935">
        <ele>327.7</ele>
      </trkpt>
      <trkpt lat="43.51903" lon="-71.29351">
        <ele>327.86</ele>
      </trkpt>
      <trkpt lat="43.51898" lon="-71.29351">
        <ele>327.8</ele>
      </trkpt>
      <trkpt lat="43.51892" lon="-71.29352">
        <ele>327.35</ele>
      </trkpt>
      <trkpt lat="43.51887" lon="-71.29354">
        <ele>327.23</ele>
      </trkpt>
      <trkpt lat="43.51881" lon="-71.29355">
        <ele>327.34</ele>
      </trkpt>
      <trkpt lat="43.51877" lon="-71.29359">
        <ele>327.77</ele>
      </trkpt>
      <trkpt lat="43.51873" lon="-71.29365">
        <ele>328.42</ele>
      </trkpt>
      <trkpt lat="43.5187" lon="-71.29372">
        <ele>329.0</ele>
      </trkpt>
      <trkpt lat="43.51867" lon="-71.29378">
        <ele>329.0</ele>
      </trkpt>
      <trkpt lat="43.51863" lon="-71.29384">
        <ele>329.47</ele>
      </trkpt>
      <trkpt lat="43.5186" lon="-71.29391">
        <ele>330.0</ele>
      </trkpt>
      <trkpt lat="43.51856" lon="-71.29398">
        <ele>330.0</ele>
      </trkpt>
      <trkpt lat="43.51853" lon="-71.29404">
        <ele>330.63</ele>
      </trkpt>
      <trkpt lat="43.5185" lon="-71.29411">
        <ele>331.39</ele>
      </trkpt>
      <trkpt lat="43.51846" lon="-71.29417">
        <ele>332.04</ele>
      </trkpt>
      <trkpt lat="43.51843" lon="-71.29424">
        <ele>332.79</ele>
      </trkpt>
      <trkpt lat="43.51841" lon="-71.29431">
        <ele>333.0</ele>
      </trkpt>
      <trkpt lat="43.51835" lon="-71.29436">
        <ele>333.09</ele>
      </trkpt>
      <trkpt lat="43.51831" lon="-71.29441">
        <ele>333.63</ele>
      </trkpt>
      <trkpt lat="43.51825" lon="-71.29444">
        <ele>333.95</ele>
      </trkpt>
      <trkpt lat="43.5182" lon="-71.29447">
        <ele>334.0</ele>
      </trkpt>
      <trkpt lat="43.51814" lon="-71.2945">
        <ele>334.05</ele>
      </trkpt>
      <trkpt lat="43.51809" lon="-71.29453">
        <ele>334.58</ele>
      </trkpt>
      <trkpt lat="43.51803" lon="-71.29456">
        <ele>335.52</ele>
      </trkpt>
      <trkpt lat="43.51797" lon="-71.29459">
        <ele>336.5</ele>
      </trkpt>
      <trkpt lat="43.51792" lon="-71.29462">
        <ele>337.82</ele>
      </trkpt>
      <trkpt lat="43.51786" lon="-71.29464">
        <ele>339.22</ele>
      </trkpt>
      <trkpt lat="43.51781" lon="-71.29467">
        <ele>340.09</ele>
      </trkpt>
      <trkpt lat="43.51775" lon="-71.2947">
        <ele>340.83</ele>
      </trkpt>
      <trkpt lat="43.5177" lon="-71.29475">
        <ele>341.3</ele>
      </trkpt>
      <trkpt lat="43.51764" lon="-71.2948">
        <ele>342.82</ele>
      </trkpt>
      <trkpt lat="43.51758" lon="-71.29484">
        <ele>344.51</ele>
      </trkpt>
      <trkpt lat="43.51753" lon="-71.29489">
        <ele>345.62</ele>
      </trkpt>
      <trkpt lat="43.51747" lon="-71.29494">
        <ele>347.21</ele>
      </trkpt>
      <trkpt lat="43.51743" lon="-71.29499">
        <ele>348.49</ele>
      </trkpt>
      <trkpt lat="43.51738" lon="-71.29505">
        <ele>349.89</ele>
      </trkpt>
      <trkpt lat="43.51734" lon="-71.29511">
        <ele>351.18</ele>
      </trkpt>
      <trkpt lat="43.5173" lon="-71.29516">
        <ele>352.48</ele>
      </trkpt>
      <trkpt lat="43.51725" lon="-71.29522">
        <ele>354.21</ele>
      </trkpt>
      <trkpt lat="43.51719" lon="-71.29527">
        <ele>356.39</ele>
      </trkpt>
      <trkpt lat="43.51715" lon="-71.29532">
        <ele>358.22</ele>
      </trkpt>
      <trkpt lat="43.51711" lon="-71.29538">
        <ele>359.61</ele>
      </trkpt>
      <trkpt lat="43.51706" lon="-71.29544">
        <ele>360.69</ele>
      </trkpt>
      <trkpt lat="43.51702" lon="-71.29549">
        <ele>361.55</ele>
      </trkpt>
      <trkpt lat="43.51697" lon="-71.29555">
        <ele>363.17</ele>
      </trkpt>
      <trkpt lat="43.51692" lon="-71.2956">
        <ele>364.67</ele>
      </trkpt>
      <trkpt lat="43.51686" lon="-71.29564">
        <ele>365.9</ele>
      </trkpt>
      <trkpt lat="43.5168" lon="-71.29569">
        <ele>367.99</ele>
      </trkpt>
      <trkpt lat="43.51675" lon="-71.29574">
        <ele>369.31</ele>
      </trkpt>
      <trkpt lat="43.51669" lon="-71.29579">
        <ele>370.71</ele>
      </trkpt>
      <trkpt lat="43.51664" lon="-71.29583">
        <ele>371.9</ele>
      </trkpt>
      <trkpt lat="43.51658" lon="-71.29588">
        <ele>373.3</ele>
      </trkpt>
      <trkpt lat="43.51653" lon="-71.29593">
        <ele>374.38</ele>
      </trkpt>
      <trkpt lat="43.51647" lon="-71.29597">
        <ele>375.9</ele>
      </trkpt>
      <trkpt lat="43.51641" lon="-71.29602">
        <ele>377.3</ele>
      </trkpt>
      <trkpt lat="43.51636" lon="-71.29607">
        <ele>378.38</ele>
      </trkpt>
      <trkpt lat="43.5163" lon="-71.29612">
        <ele>379.78</ele>
      </trkpt>
      <trkpt lat="43.51625" lon="-71.29614">
        <ele>380.84</ele>
      </trkpt>
      <trkpt lat="43.51619" lon="-71.29617">
        <ele>382.35</ele>
      </trkpt>
      <trkpt lat="43.51614" lon="-71.2962">
        <ele>383.4</ele>
      </trkpt>
      <trkpt lat="43.51608" lon="-71.29621">
        <ele>384.94</ele>
      </trkpt>
      <trkpt lat="43.51603" lon="-71.29626">
        <ele>386.02</ele>
      </trkpt>
      <trkpt lat="43.51599" lon="-71.29633">
        <ele>387.12</ele>
      </trkpt>
      <trkpt lat="43.51596" lon="-71.29639">
        <ele>387.88</ele>
      </trkpt>
      <trkpt lat="43.51591" lon="-71.29645">
        <ele>389.03</ele>
      </trkpt>
      <trkpt lat="43.51586" lon="-71.29647">
        <ele>390.97</ele>
      </trkpt>
      <trkpt lat="43.5158" lon="-71.29645">
        <ele>393.66</ele>
      </trkpt>
      <trkpt lat="43.51575" lon="-71.2964">
        <ele>395.69</ele>
      </trkpt>
      <trkpt lat="43.51569" lon="-71.29636">
        <ele>397.41</ele>
      </trkpt>
      <trkpt lat="43.51564" lon="-71.29631">
        <ele>398.95</ele>
      </trkpt>
      <trkpt lat="43.51558" lon="-71.29627">
        <ele>399.74</ele>
      </trkpt>
      <trkpt lat="43.51553" lon="-71.29622">
        <ele>400.55</ele>
      </trkpt>
      <trkpt lat="43.51547" lon="-71.29618">
        <ele>401.87</ele>
      </trkpt>
      <trkpt lat="43.51541" lon="-71.29613">
        <ele>403.14</ele>
      </trkpt>
      <trkpt lat="43.51536" lon="-71.29609">
        <ele>404.22</ele>
      </trkpt>
      <trkpt lat="43.5153" lon="-71.29604">
        <ele>405.52</ele>
      </trkpt>
      <trkpt lat="43.51526" lon="-71.29599">
        <ele>406.38</ele>
      </trkpt>
      <trkpt lat="43.51521" lon="-71.29593">
        <ele>407.46</ele>
      </trkpt>
      <trkpt lat="43.51518" lon="-71.29587">
        <ele>408.72</ele>
      </trkpt>
      <trkpt lat="43.51514" lon="-71.29584">
        <ele>409.9</ele>
      </trkpt>
      <trkpt lat="43.51508" lon="-71.29584">
        <ele>411.2</ele>
      </trkpt>
      <trkpt lat="43.51503" lon="-71.29583">
        <ele>412.35</ele>
      </trkpt>
      <trkpt lat="43.51497" lon="-71.29584">
        <ele>413.6</ele>
      </trkpt>
      <trkpt lat="43.51491" lon="-71.29584">
        <ele>414.94</ele>
      </trkpt>
      <trkpt lat="43.51486" lon="-71.29585">
        <ele>416.54</ele>
      </trkpt>
      <trkpt lat="43.5148" lon="-71.29584">
        <ele>418.48</ele>
      </trkpt>
      <trkpt lat="43.51475" lon="-71.29585">
        <ele>420.1</ele>
      </trkpt>
      <trkpt lat="43.51469" lon="-71.29584">
        <ele>422.04</ele>
      </trkpt>
      <trkpt lat="43.51464" lon="-71.29585">
        <ele>423.66</ele>
      </trkpt>
      <trkpt lat="43.51462" lon="-71.29585">
        <ele>424.31</ele>
      </trkpt>
      <trkpt lat="43.51458" lon="-71.29584">
        <ele>425.61</ele>
      </trkpt>
      <trkpt lat="43.51453" lon="-71.29585">
        <ele>427.23</ele>
      </trkpt>
      <trkpt lat="43.51447" lon="-71.29586">
        <ele>429.17</ele>
      </trkpt>
      <trkpt lat="43.51441" lon="-71.29587">
        <ele>430.74</ele>
      </trkpt>
      <trkpt lat="43.51436" lon="-71.29588">
        <ele>431.82</ele>
      </trkpt>
      <trkpt lat="43.5143" lon="-71.29591">
        <ele>433.68</ele>
      </trkpt>
      <trkpt lat="43.51425" lon="-71.29592">
        <ele>435.3</ele>
      </trkpt>
      <trkpt lat="43.51419" lon="-71.29593">
        <ele>437.2</ele>
      </trkpt>
      <trkpt lat="43.51414" lon="-71.29596">
        <ele>438.5</ele>
      </trkpt>
      <trkpt lat="43.51408" lon="-71.29597">
        <ele>440.33</ele>
      </trkpt>
      <trkpt lat="43.51402" lon="-71.29598">
        <ele>441.93</ele>
      </trkpt>
      <trkpt lat="43.51397" lon="-71.29601">
        <ele>443.37</ele>
      </trkpt>
      <trkpt lat="43.51391" lon="-71.29602">
        <ele>445.3</ele>
      </trkpt>
      <trkpt lat="43.51386" lon="-71.29605">
        <ele>446.7</ele>
      </trkpt>
      <trkpt lat="43.5138" lon="-71.29601">
        <ele>448.88</ele>
      </trkpt>
      <trkpt lat="43.51375" lon="-71.296">
        <ele>451.0</ele>
      </trkpt>
      <trkpt lat="43.51369" lon="-71.29597">
        <ele>453.59</ele>
      </trkpt>
      <trkpt lat="43.51364" lon="-71.29594">
        <ele>455.75</ele>
      </trkpt>
      <trkpt lat="43.51358" lon="-71.29594">
        <ele>458.01</ele>
      </trkpt>
      <trkpt lat="43.51352" lon="-71.29593">
        <ele>459.95</ele>
      </trkpt>
      <trkpt lat="43.51347" lon="-71.2959">
        <ele>461.57</ele>
      </trkpt>
      <trkpt lat="43.51341" lon="-71.29587">
        <ele>463.34</ele>
      </trkpt>
      <trkpt lat="43.51336" lon="-71.29585">
        <ele>464.42</ele>
      </trkpt>
      <trkpt lat="43.5133" lon="-71.2958">
        <ele>465.72</ele>
      </trkpt>
      <trkpt lat="43.51325" lon="-71.29576">
        <ele>466.8</ele>
      </trkpt>
      <trkpt lat="43.51319" lon="-71.29571">
        <ele>468.1</ele>
      </trkpt>
      <trkpt lat="43.51315" lon="-71.29566">
        <ele>468.96</ele>
      </trkpt>
      <trkpt lat="43.5131" lon="-71.2956">
        <ele>470.04</ele>
      </trkpt>
      <trkpt lat="43.51306" lon="-71.29555">
        <ele>470.9</ele>
      </trkpt>
      <trkpt lat="43.51303" lon="-71.29548">
        <ele>471.55</ele>
      </trkpt>
      <trkpt lat="43.51299" lon="-71.29542">
        <ele>472.28</ele>
      </trkpt>
      <trkpt lat="43.51296" lon="-71.29536">
        <ele>472.96</ele>
      </trkpt>
      <trkpt lat="43.51293" lon="-71.29529">
        <ele>473.15</ele>
      </trkpt>
      <trkpt lat="43.5129" lon="-71.29522">
        <ele>473.62</ele>
      </trkpt>
      <trkpt lat="43.51288" lon="-71.29515">
        <ele>473.79</ele>
      </trkpt>
      <trkpt lat="43.51286" lon="-71.29507">
        <ele>474.22</ele>
      </trkpt>
      <trkpt lat="43.51285" lon="-71.29499">
        <ele>474.44</ele>
      </trkpt>
      <trkpt lat="43.5128" lon="-71.29493">
        <ele>475.52</ele>
      </trkpt>
      <trkpt lat="43.51275" lon="-71.29489">
        <ele>476.9</ele>
      </trkpt>
      <trkpt lat="43.51269" lon="-71.29488">
        <ele>478.84</ele>
      </trkpt>
      <trkpt lat="43.51264" lon="-71.29485">
        <ele>479.98</ele>
      </trkpt>
      <trkpt lat="43.51258" lon="-71.29485">
        <ele>481.14</ele>
      </trkpt>
      <trkpt lat="43.51253" lon="-71.29484">
        <ele>481.68</ele>
      </trkpt>
      <trkpt lat="43.51247" lon="-71.29481">
        <ele>482.36</ele>
      </trkpt>
      <trkpt lat="43.51241" lon="-71.2948">
        <ele>482.98</ele>
      </trkpt>
      <trkpt lat="43.51236" lon="-71.29478">
        <ele>483.51</ele>
      </trkpt>
      <trkpt lat="43.5123" lon="-71.2948">
        <ele>484.0</ele>
      </trkpt>
      <trkpt lat="43.51226" lon="-71.29486">
        <ele>484.29</ele>
      </trkpt>
      <trkpt lat="43.51224" lon="-71.29493">
        <ele>484.81</ele>
      </trkpt>
      <trkpt lat="43.5122" lon="-71.295">
        <ele>485.24</ele>
      </trkpt>
      <trkpt lat="43.51218" lon="-71.29507">
        <ele>485.46</ele>
      </trkpt>
      <trkpt lat="43.51215" lon="-71.29514">
        <ele>485.89</ele>
      </trkpt>
      <trkpt lat="43.51213" lon="-71.29521">
        <ele>486.27</ele>
      </trkpt>
      <trkpt lat="43.5121" lon="-71.29529">
        <ele>487.45</ele>
      </trkpt>
      <trkpt lat="43.51208" lon="-71.29536">
        <ele>488.42</ele>
      </trkpt>
      <trkpt lat="43.51205" lon="-71.29543">
        <ele>489.5</ele>
      </trkpt>
      <trkpt lat="43.51202" lon="-71.2955">
        <ele>490.66</ele>
      </trkpt>
      <trkpt lat="43.51199" lon="-71.29557">
        <ele>492.17</ele>
      </trkpt>
      <trkpt lat="43.51196" lon="-71.29563">
        <ele>493.47</ele>
      </trkpt>
      <trkpt lat="43.51194" lon="-71.29571">
        <ele>494.72</ele>
      </trkpt>
      <trkpt lat="43.51191" lon="-71.29578">
        <ele>495.8</ele>
      </trkpt>
      <trkpt lat="43.51188" lon="-71.29585">
        <ele>496.82</ele>
      </trkpt>
      <trkpt lat="43.51186" lon="-71.29592">
        <ele>497.77</ele>
      </trkpt>
      <trkpt lat="43.51182" lon="-71.29599">
        <ele>499.04</ele>
      </trkpt>
      <trkpt lat="43.51179" lon="-71.29605">
        <ele>500.01</ele>
      </trkpt>
      <trkpt lat="43.51176" lon="-71.29612">
        <ele>501.18</ele>
      </trkpt>
      <trkpt lat="43.51173" lon="-71.29619">
        <ele>503.34</ele>
      </trkpt>
      <trkpt lat="43.5117" lon="-71.29626">
        <ele>505.11</ele>
      </trkpt>
      <trkpt lat="43.51168" lon="-71.29633">
        <ele>506.53</ele>
      </trkpt>
      <trkpt lat="43.51165" lon="-71.2964">
        <ele>508.3</ele>
      </trkpt>
      <trkpt lat="43.51164" lon="-71.29649">
        <ele>509.38</ele>
      </trkpt>
      <trkpt lat="43.51163" lon="-71.29657">
        <ele>510.35</ele>
      </trkpt>
      <trkpt lat="43.51163" lon="-71.29667">
        <ele>511.43</ele>
      </trkpt>
      <trkpt lat="43.51164" lon="-71.29675">
        <ele>512.19</ele>
      </trkpt>
      <trkpt lat="43.51166" lon="-71.29683">
        <ele>512.89</ele>
      </trkpt>
      <trkpt lat="43.51167" lon="-71.29691">
        <ele>513.56</ele>
      </trkpt>
      <trkpt lat="43.51169" lon="-71.29699">
        <ele>514.36</ele>
      </trkpt>
      <trkpt lat="43.51169" lon="-71.29708">
        <ele>515.71</ele>
      </trkpt>
      <trkpt lat="43.51167" lon="-71.29716">
        <ele>517.22</ele>
      </trkpt>
      <trkpt lat="43.51163" lon="-71.29722">
        <ele>518.77</ele>
      </trkpt>
      <trkpt lat="43.51161" lon="-71.2973">
        <ele>519.55</ele>
      </trkpt>
      <trkpt lat="43.51158" lon="-71.29736">
        <ele>520.39</ele>
      </trkpt>
      <trkpt lat="43.51156" lon="-71.29744">
        <ele>521.15</ele>
      </trkpt>
      <trkpt lat="43.51151" lon="-71.29749">
        <ele>521.69</ele>
      </trkpt>
      <trkpt lat="43.51148" lon="-71.29756">
        <ele>522.66</ele>
      </trkpt>
      <trkpt lat="43.51143" lon="-71.29761">
        <ele>523.56</ele>
      </trkpt>
      <trkpt lat="43.51139" lon="-71.29767">
        <ele>523.99</ele>
      </trkpt>
      <trkpt lat="43.51134" lon="-71.29772">
        <ele>524.9</ele>
      </trkpt>
      <trkpt lat="43.5113" lon="-71.29778">
        <ele>525.96</ele>
      </trkpt>
      <trkpt lat="43.51124" lon="-71.29783">
        <ele>526.61</ele>
      </trkpt>
      <trkpt lat="43.5112" lon="-71.29788">
        <ele>527.14</ele>
      </trkpt>
      <trkpt lat="43.51114" lon="-71.29793">
        <ele>527.89</ele>
      </trkpt>
      <trkpt lat="43.51112" lon="-71.29801">
        <ele>528.46</ele>
      </trkpt>
      <trkpt lat="43.51109" lon="-71.29807">
        <ele>529.16</ele>
      </trkpt>
      <trkpt lat="43.51106" lon="-71.29815">
        <ele>530.01</ele>
      </trkpt>
      <trkpt lat="43.51104" lon="-71.29822">
        <ele>530.6</ele>
      </trkpt>
      <trkpt lat="43.51102" lon="-71.29829">
        <ele>531.52</ele>
      </trkpt>
      <trkpt lat="43.511" lon="-71.29837">
        <ele>531.88</ele>
      </trkpt>
      <trkpt lat="43.51097" lon="-71.29844">
        <ele>532.0</ele>
      </trkpt>
      <trkpt lat="43.51095" lon="-71.29852">
        <ele>532.0</ele>
      </trkpt>
      <trkpt lat="43.51092" lon="-71.29858">
        <ele>531.94</ele>
      </trkpt>
      <trkpt lat="43.5109" lon="-71.29866">
        <ele>531.34</ele>
      </trkpt>
      <trkpt lat="43.51087" lon="-71.29872">
        <ele>530.82</ele>
      </trkpt>
      <trkpt lat="43.51085" lon="-71.29879">
        <ele>530.07</ele>
      </trkpt>
      <trkpt lat="43.51082" lon="-71.29885">
        <ele>529.92</ele>
      </trkpt>
      <trkpt lat="43.51084" lon="-71.29893">
        <ele>529.52</ele>
      </trkpt>
      <trkpt lat="43.51085" lon="-71.29899">
        <ele>528.91</ele>
      </trkpt>
      <trkpt lat="43.51088" lon="-71.29905">
        <ele>528.26</ele>
      </trkpt>
      <trkpt lat="43.51091" lon="-71.29913">
        <ele>527.4</ele>
      </trkpt>
      <trkpt lat="43.51095" lon="-71.29918">
        <ele>526.6</ele>
      </trkpt>
      <trkpt lat="43.51095" lon="-71.29928">
        <ele>525.52</ele>
      </trkpt>
      <trkpt lat="43.51097" lon="-71.29935">
        <ele>524.54</ele>
      </trkpt>
      <trkpt lat="43.51098" lon="-71.29943">
        <ele>523.57</ele>
      </trkpt>
      <trkpt lat="43.51099" lon="-71.29951">
        <ele>522.6</ele>
      </trkpt>
      <trkpt lat="43.51102" lon="-71.29959">
        <ele>520.83</ele>
      </trkpt>
      <trkpt lat="43.51105" lon="-71.29965">
        <ele>519.44</ele>
      </trkpt>
      <trkpt lat="43.51107" lon="-71.29973">
        <ele>518.36</ele>
      </trkpt>
      <trkpt lat="43.51111" lon="-71.29978">
        <ele>517.39</ele>
      </trkpt>
      <trkpt lat="43.51111" lon="-71.29985">
        <ele>516.63</ele>
      </trkpt>
      <trkpt lat="43.51107" lon="-71.29991">
        <ele>516.44</ele>
      </trkpt>
      <trkpt lat="43.51105" lon="-71.29999">
        <ele>516.66</ele>
      </trkpt>
      <trkpt lat="43.51102" lon="-71.30005">
        <ele>516.44</ele>
      </trkpt>
      <trkpt lat="43.51098" lon="-71.30012">
        <ele>516.12</ele>
      </trkpt>
      <trkpt lat="43.51096" lon="-71.30019">
        <ele>515.63</ele>
      </trkpt>
      <trkpt lat="43.51093" lon="-71.30026">
        <ele>515.96</ele>
      </trkpt>
      <trkpt lat="43.51088" lon="-71.30031">
        <ele>516.32</ele>
      </trkpt>
      <trkpt lat="43.51084" lon="-71.30037">
        <ele>516.0</ele>
      </trkpt>
      <trkpt lat="43.5108" lon="-71.30043">
        <ele>516.36</ele>
      </trkpt>
      <trkpt lat="43.51075" lon="-71.30048">
        <ele>516.92</ele>
      </trkpt>
      <trkpt lat="43.51073" lon="-71.30056">
        <ele>517.16</ele>
      </trkpt>
      <trkpt lat="43.5107" lon="-71.30063">
        <ele>517.89</ele>
      </trkpt>
      <trkpt lat="43.51068" lon="-71.3007">
        <ele>518.56</ele>
      </trkpt>
      <trkpt lat="43.51066" lon="-71.30078">
        <ele>519.37</ele>
      </trkpt>
      <trkpt lat="43.51064" lon="-71.30085">
        <ele>520.27</ele>
      </trkpt>
      <trkpt lat="43.51061" lon="-71.30093">
        <ele>521.46</ele>
      </trkpt>
      <trkpt lat="43.51058" lon="-71.30099">
        <ele>522.43</ele>
      </trkpt>
      <trkpt lat="43.51056" lon="-71.30106">
        <ele>523.38</ele>
      </trkpt>
      <trkpt lat="43.5105" lon="-71.30111">
        <ele>524.59</ele>
      </trkpt>
      <trkpt lat="43.51047" lon="-71.30118">
        <ele>524.92</ele>
      </trkpt>
      <trkpt lat="43.51042" lon="-71.30123">
        <ele>525.75</ele>
      </trkpt>
      <trkpt lat="43.51039" lon="-71.3013">
        <ele>526.83</ele>
      </trkpt>
      <trkpt lat="43.51036" lon="-71.30137">
        <ele>527.91</ele>
      </trkpt>
      <trkpt lat="43.51036" lon="-71.30146">
        <ele>528.88</ele>
      </trkpt>
      <trkpt lat="43.51033" lon="-71.30153">
        <ele>529.96</ele>
      </trkpt>
      <trkpt lat="43.51032" lon="-71.30162">
        <ele>531.04</ele>
      </trkpt>
      <trkpt lat="43.5103" lon="-71.30169">
        <ele>532.01</ele>
      </trkpt>
      <trkpt lat="43.51029" lon="-71.30178">
        <ele>533.29</ele>
      </trkpt>
      <trkpt lat="43.5103" lon="-71.30185">
        <ele>534.48</ele>
      </trkpt>
      <trkpt lat="43.51032" lon="-71.30193">
        <ele>535.32</ele>
      </trkpt>
      <trkpt lat="43.51033" lon="-71.30201">
        <ele>536.45</ele>
      </trkpt>
      <trkpt lat="43.51034" lon="-71.3021">
        <ele>537.79</ele>
      </trkpt>
      <trkpt lat="43.51034" lon="-71.30219">
        <ele>539.63</ele>
      </trkpt>
      <trkpt lat="43.51034" lon="-71.30228">
        <ele>542.0</ele>
      </trkpt>
      <trkpt lat="43.51036" lon="-71.30236">
        <ele>543.98</ele>
      </trkpt>
      <trkpt lat="43.51036" lon="-71.30245">
        <ele>546.38</ele>
      </trkpt>
      <trkpt lat="43.51039" lon="-71.30252">
        <ele>548.86</ele>
      </trkpt>
      <trkpt lat="43.51041" lon="-71.30259">
        <ele>551.34</ele>
      </trkpt>
      <trkpt lat="43.51044" lon="-71.30266">
        <ele>553.94</ele>
      </trkpt>
      <trkpt lat="43.51047" lon="-71.30273">
        <ele>556.45</ele>
      </trkpt>
      <trkpt lat="43.5105" lon="-71.3028">
        <ele>558.58</ele>
      </trkpt>
      <trkpt lat="43.51052" lon="-71.30287">
        <ele>560.61</ele>
      </trkpt>
      <trkpt lat="43.51058" lon="-71.30291">
        <ele>562.98</ele>
      </trkpt>
      <trkpt lat="43.51061" lon="-71.30298">
        <ele>566.14</ele>
      </trkpt>
      <trkpt lat="43.51065" lon="-71.30303">
        <ele>568.21</ele>
      </trkpt>
      <trkpt lat="43.5107" lon="-71.30309">
        <ele>571.24</ele>
      </trkpt>
      <trkpt lat="43.51073" lon="-71.30315">
        <ele>573.79</ele>
      </trkpt>
      <trkpt lat="43.51079" lon="-71.3032">
        <ele>575.09</ele>
      </trkpt>
      <trkpt lat="43.51084" lon="-71.30322">
        <ele>575.85</ele>
      </trkpt>
      <trkpt lat="43.5109" lon="-71.30321">
        <ele>576.39</ele>
      </trkpt>
      <trkpt lat="43.51095" lon="-71.30322">
        <ele>576.83</ele>
      </trkpt>
      <trkpt lat="43.51101" lon="-71.30317">
        <ele>576.93</ele>
      </trkpt>
      <trkpt lat="43.51107" lon="-71.30317">
        <ele>577.13</ele>
      </trkpt>
      <trkpt lat="43.51112" lon="-71.30312">
        <ele>576.82</ele>
      </trkpt>
      <trkpt lat="43.51118" lon="-71.30313">
        <ele>577.69</ele>
      </trkpt>
      <trkpt lat="43.51123" lon="-71.30313">
        <ele>578.28</ele>
      </trkpt>
      <trkpt lat="43.51129" lon="-71.30314">
        <ele>578.93</ele>
      </trkpt>
      <trkpt lat="43.51133" lon="-71.30316">
        <ele>579.36</ele>
      </trkpt>
      <trkpt lat="43.51138" lon="-71.30317">
        <ele>579.9</ele>
      </trkpt>
      <trkpt lat="43.51141" lon="-71.30322">
        <ele>580.05</ele>
      </trkpt>
      <trkpt lat="43.51144" lon="-71.30329">
        <ele>579.47</ele>
      </trkpt>
      <trkpt lat="43.51145" lon="-71.30337">
        <ele>578.6</ele>
      </trkpt>
      <trkpt lat="43.51148" lon="-71.30344">
        <ele>577.85</ele>
      </trkpt>
      <trkpt lat="43.5115" lon="-71.30352">
        <ele>576.98</ele>
      </trkpt>
      <trkpt lat="43.51152" lon="-71.30359">
        <ele>576.23</ele>
      </trkpt>
      <trkpt lat="43.51155" lon="-71.30366">
        <ele>575.47</ele>
      </trkpt>
      <trkpt lat="43.51159" lon="-71.30372">
        <ele>574.82</ele>
      </trkpt>
      <trkpt lat="43.51162" lon="-71.30378">
        <ele>574.18</ele>
      </trkpt>
      <trkpt lat="43.51164" lon="-71.30386">
        <ele>572.82</ele>
      </trkpt>
      <trkpt lat="43.51168" lon="-71.30392">
        <ele>571.18</ele>
      </trkpt>
      <trkpt lat="43.51169" lon="-71.304">
        <ele>569.15</ele>
      </trkpt>
      <trkpt lat="43.51173" lon="-71.30406">
        <ele>566.77</ele>
      </trkpt>
      <trkpt lat="43.51179" lon="-71.3041">
        <ele>565.02</ele>
      </trkpt>
      <trkpt lat="43.51184" lon="-71.30413">
        <ele>563.39</ele>
      </trkpt>
      <trkpt lat="43.5119" lon="-71.3041">
        <ele>563.12</ele>
      </trkpt>
      <trkpt lat="43.51195" lon="-71.30409">
        <ele>562.31</ele>
      </trkpt>
      <trkpt lat="43.51201" lon="-71.30408">
        <ele>560.73</ele>
      </trkpt>
      <trkpt lat="43.51206" lon="-71.30409">
        <ele>559.16</ele>
      </trkpt>
      <trkpt lat="43.51212" lon="-71.3041">
        <ele>557.65</ele>
      </trkpt>
      <trkpt lat="43.51218" lon="-71.30411">
        <ele>555.38</ele>
      </trkpt>
      <trkpt lat="43.51223" lon="-71.30411">
        <ele>553.53</ele>
      </trkpt>
      <trkpt lat="43.51229" lon="-71.3041">
        <ele>551.44</ele>
      </trkpt>
      <trkpt lat="43.51234" lon="-71.30409">
        <ele>549.89</ele>
      </trkpt>
      <trkpt lat="43.5124" lon="-71.30407">
        <ele>548.33</ele>
      </trkpt>
      <trkpt lat="43.51244" lon="-71.3041">
        <ele>546.92</ele>
      </trkpt>
      <trkpt lat="43.51248" lon="-71.30416">
        <ele>544.78</ele>
      </trkpt>
      <trkpt lat="43.51252" lon="-71.30422">
        <ele>542.78</ele>
      </trkpt>
      <trkpt lat="43.51256" lon="-71.30427">
        <ele>540.82</ele>
      </trkpt>
      <trkpt lat="43.51262" lon="-71.3043">
        <ele>538.36</ele>
      </trkpt>
      <trkpt lat="43.51268" lon="-71.30434">
        <ele>536.25</ele>
      </trkpt>
      <trkpt lat="43.51273" lon="-71.30434">
        <ele>535.64</ele>
      </trkpt>
      <trkpt lat="43.51279" lon="-71.30434">
        <ele>535.11</ele>
      </trkpt>
      <trkpt lat="43.51284" lon="-71.3043">
        <ele>535.18</ele>
      </trkpt>
      <trkpt lat="43.5129" lon="-71.30429">
        <ele>535.0</ele>
      </trkpt>
      <trkpt lat="43.51295" lon="-71.30424">
        <ele>535.03</ele>
      </trkpt>
      <trkpt lat="43.51301" lon="-71.30427">
        <ele>535.0</ele>
      </trkpt>
      <trkpt lat="43.51302" lon="-71.30428">
        <ele>535.0</ele>
      </trkpt>
      <trkpt lat="43.51306" lon="-71.30431">
        <ele>535.0</ele>
      </trkpt>
      <trkpt lat="43.51312" lon="-71.30436">
        <ele>535.09</ele>
      </trkpt>
      <trkpt lat="43.51318" lon="-71.30438">
        <ele>535.3</ele>
      </trkpt>
      <trkpt lat="43.51323" lon="-71.30441">
        <ele>535.63</ele>
      </trkpt>
      <trkpt lat="43.51329" lon="-71.30444">
        <ele>535.95</ele>
      </trkpt>
      <trkpt lat="43.51334" lon="-71.30446">
        <ele>536.17</ele>
      </trkpt>
      <trkpt lat="43.5134" lon="-71.30449">
        <ele>536.49</ele>
      </trkpt>
      <trkpt lat="43.51345" lon="-71.30452">
        <ele>536.82</ele>
      </trkpt>
      <trkpt lat="43.51351" lon="-71.30456">
        <ele>537.0</ele>
      </trkpt>
      <trkpt lat="43.51356" lon="-71.30455">
        <ele>537.06</ele>
      </trkpt>
      <trkpt lat="43.51362" lon="-71.30456">
        <ele>537.32</ele>
      </trkpt>
      <trkpt lat="43.51368" lon="-71.30455">
        <ele>537.78</ele>
      </trkpt>
      <trkpt lat="43.51373" lon="-71.30456">
        <ele>538.07</ele>
      </trkpt>
      <trkpt lat="43.51379" lon="-71.30455">
        <ele>538.13</ele>
      </trkpt>
      <trkpt lat="43.51384" lon="-71.30459">
        <ele>539.04</ele>
      </trkpt>
      <trkpt lat="43.5139" lon="-71.3046">
        <ele>539.8</ele>
      </trkpt>
      <trkpt lat="43.51395" lon="-71.30463">
        <ele>540.66</ele>
      </trkpt>
      <trkpt lat="43.51401" lon="-71.30465">
        <ele>541.53</ele>
      </trkpt>
      <trkpt lat="43.51406" lon="-71.30468">
        <ele>542.39</ele>
      </trkpt>
      <trkpt lat="43.51412" lon="-71.30469">
        <ele>542.82</ele>
      </trkpt>
      <trkpt lat="43.51418" lon="-71.30473">
        <ele>543.23</ele>
      </trkpt>
      <trkpt lat="43.51423" lon="-71.30472">
        <ele>543.67</ele>
      </trkpt>
      <trkpt lat="43.51428" lon="-71.30474">
        <ele>544.37</ele>
      </trkpt>
      <trkpt lat="43.51433" lon="-71.30474">
        <ele>544.81</ele>
      </trkpt>
      <trkpt lat="43.51436" lon="-71.30478">
        <ele>545.05</ele>
      </trkpt>
      <trkpt lat="43.51441" lon="-71.30479">
        <ele>545.46</ele>
      </trkpt>
      <trkpt lat="43.51445" lon="-71.30483">
        <ele>546.21</ele>
      </trkpt>
      <trkpt lat="43.51451" lon="-71.30484">
        <ele>546.79</ele>
      </trkpt>
      <trkpt lat="43.51456" lon="-71.30483">
        <ele>547.04</ele>
      </trkpt>
      <trkpt lat="43.51462" lon="-71.30484">
        <ele>547.24</ele>
      </trkpt>
      <trkpt lat="43.51468" lon="-71.30483">
        <ele>547.71</ele>
      </trkpt>
      <trkpt lat="43.51473" lon="-71.30482">
        <ele>548.06</ele>
      </trkpt>
      <trkpt lat="43.51479" lon="-71.30481">
        <ele>547.99</ele>
      </trkpt>
      <trkpt lat="43.51484" lon="-71.3048">
        <ele>548.23</ele>
      </trkpt>
      <trkpt lat="43.5149" lon="-71.30479">
        <ele>548.67</ele>
      </trkpt>
      <trkpt lat="43.51495" lon="-71.30478">
        <ele>548.8</ele>
      </trkpt>
      <trkpt lat="43.51501" lon="-71.30476">
        <ele>549.04</ele>
      </trkpt>
      <trkpt lat="43.51506" lon="-71.30475">
        <ele>549.19</ele>
      </trkpt>
      <trkpt lat="43.51512" lon="-71.30474">
        <ele>549.49</ele>
      </trkpt>
      <trkpt lat="43.51518" lon="-71.30473">
        <ele>550.03</ele>
      </trkpt>
      <trkpt lat="43.51523" lon="-71.30472">
        <ele>550.46</ele>
      </trkpt>
      <trkpt lat="43.51529" lon="-71.30471">
        <ele>551.0</ele>
      </trkpt>
      <trkpt lat="43.51534" lon="-71.30472">
        <ele>551.65</ele>
      </trkpt>
      <trkpt lat="43.5154" lon="-71.30473">
        <ele>552.4</ele>
      </trkpt>
      <trkpt lat="43.51545" lon="-71.30475">
        <ele>553.16</ele>
      </trkpt>
      <trkpt lat="43.51551" lon="-71.30473">
        <ele>553.59</ele>
      </trkpt>
      <trkpt lat="43.51557" lon="-71.30468">
        <ele>553.63</ele>
      </trkpt>
      <trkpt lat="43.51562" lon="-71.30465">
        <ele>553.37</ele>
      </trkpt>
      <trkpt lat="43.51568" lon="-71.30462">
        <ele>553.24</ele>
      </trkpt>
      <trkpt lat="43.51573" lon="-71.3046">
        <ele>553.56</ele>
      </trkpt>
      <trkpt lat="43.51579" lon="-71.30457">
        <ele>553.36</ele>
      </trkpt>
      <trkpt lat="43.51584" lon="-71.30454">
        <ele>553.03</ele>
      </trkpt>
      <trkpt lat="43.5159" lon="-71.30449">
        <ele>552.49</ele>
      </trkpt>
      <trkpt lat="43.51595" lon="-71.30444">
        <ele>551.9</ele>
      </trkpt>
      <trkpt lat="43.51601" lon="-71.30441">
        <ele>551.26</ele>
      </trkpt>
      <trkpt lat="43.51607" lon="-71.30437">
        <ele>550.39</ele>
      </trkpt>
      <trkpt lat="43.51612" lon="-71.30437">
        <ele>550.39</ele>
      </trkpt>
      <trkpt lat="43.51618" lon="-71.30437">
        <ele>550.39</ele>
      </trkpt>
      <trkpt lat="43.51623" lon="-71.30441">
        <ele>551.26</ele>
      </trkpt>
      <trkpt lat="43.51628" lon="-71.30443">
        <ele>551.69</ele>
      </trkpt>
      <trkpt lat="43.51632" lon="-71.30448">
        <ele>552.23</ele>
      </trkpt>
      <trkpt lat="43.51636" lon="-71.30453">
        <ele>552.87</ele>
      </trkpt>
      <trkpt lat="43.5164" lon="-71.30457">
        <ele>553.63</ele>
      </trkpt>
      <trkpt lat="43.51645" lon="-71.3045">
        <ele>551.54</ele>
      </trkpt>
      <trkpt lat="43.51647" lon="-71.30448">
        <ele>550.89</ele>
      </trkpt>
      <trkpt lat="43.51652" lon="-71.30449">
        <ele>550.36</ele>
      </trkpt>
      <trkpt lat="43.51654" lon="-71.30452">
        <ele>550.88</ele>
      </trkpt>
      <trkpt lat="43.51655" lon="-71.30459">
        <ele>552.98</ele>
      </trkpt>
      <trkpt lat="43.51657" lon="-71.30466">
        <ele>554.69</ele>
      </trkpt>
      <trkpt lat="43.51655" lon="-71.30474">
        <ele>556.19</ele>
      </trkpt>
      <trkpt lat="43.51651" lon="-71.3048">
        <ele>556.84</ele>
      </trkpt>
      <trkpt lat="43.51648" lon="-71.30487">
        <ele>557.6</ele>
      </trkpt>
      <trkpt lat="43.51645" lon="-71.3049">
        <ele>557.92</ele>
      </trkpt>
      <trkpt lat="43.51644" lon="-71.30498">
        <ele>558.43</ele>
      </trkpt>
      <trkpt lat="43.51641" lon="-71.30503">
        <ele>558.48</ele>
      </trkpt>
      <trkpt lat="43.51637" lon="-71.30504">
        <ele>558.43</ele>
      </trkpt>
      <trkpt lat="43.51632" lon="-71.30503">
        <ele>558.32</ele>
      </trkpt>
      <trkpt lat="43.51628" lon="-71.3051">
        <ele>559.08</ele>
      </trkpt>
      <trkpt lat="43.51625" lon="-71.30517">
        <ele>559.84</ele>
      </trkpt>
      <trkpt lat="43.51623" lon="-71.30526">
        <ele>560.81</ele>
      </trkpt>
      <trkpt lat="43.5161" lon="-71.30544">
        <ele>564.5</ele>
      </trkpt>
      <trkpt lat="43.51607" lon="-71.30552">
        <ele>565.89</ele>
      </trkpt>
      <trkpt lat="43.51605" lon="-71.30559">
        <ele>567.16</ele>
      </trkpt>
      <trkpt lat="43.51606" lon="-71.30574">
        <ele>569.98</ele>
      </trkpt>
      <trkpt lat="43.51605" lon="-71.30581">
        <ele>571.0</ele>
      </trkpt>
      <trkpt lat="43.51606" lon="-71.3059">
        <ele>572.17</ele>
      </trkpt>
      <trkpt lat="43.51611" lon="-71.30605">
        <ele>573.99</ele>
      </trkpt>
      <trkpt lat="43.51612" lon="-71.30606">
        <ele>574.04</ele>
      </trkpt>
      <trkpt lat="43.51614" lon="-71.30613">
        <ele>574.31</ele>
      </trkpt>
      <trkpt lat="43.51615" lon="-71.30621">
        <ele>574.42</ele>
      </trkpt>
      <trkpt lat="43.51616" lon="-71.3063">
        <ele>574.53</ele>
      </trkpt>
      <trkpt lat="43.51618" lon="-71.30637">
        <ele>574.74</ele>
      </trkpt>
      <trkpt lat="43.5162" lon="-71.30645">
        <ele>574.96</ele>
      </trkpt>
      <trkpt lat="43.51621" lon="-71.30654">
        <ele>574.34</ele>
      </trkpt>
      <trkpt lat="43.51622" lon="-71.30662">
        <ele>573.42</ele>
      </trkpt>
      <trkpt lat="43.51622" lon="-71.30664">
        <ele>573.16</ele>
      </trkpt>
      <trkpt lat="43.51621" lon="-71.30671">
        <ele>572.0</ele>
      </trkpt>
      <trkpt lat="43.51621" lon="-71.30677">
        <ele>570.59</ele>
      </trkpt>
      <trkpt lat="43.51621" lon="-71.30684">
        <ele>568.38</ele>
      </trkpt>
      <trkpt lat="43.51621" lon="-71.30687">
        <ele>567.59</ele>
      </trkpt>
      <trkpt lat="43.51619" lon="-71.30695">
        <ele>565.82</ele>
      </trkpt>
      <trkpt lat="43.51617" lon="-71.30703">
        <ele>563.23</ele>
      </trkpt>
      <trkpt lat="43.51615" lon="-71.3071">
        <ele>560.67</ele>
      </trkpt>
      <trkpt lat="43.51614" lon="-71.30718">
        <ele>557.68</ele>
      </trkpt>
      <trkpt lat="43.51612" lon="-71.30726">
        <ele>555.18</ele>
      </trkpt>
      <trkpt lat="43.51609" lon="-71.30733">
        <ele>553.65</ele>
      </trkpt>
      <trkpt lat="43.51607" lon="-71.30744">
        <ele>553.0</ele>
      </trkpt>
      <trkpt lat="43.5161" lon="-71.30754">
        <ele>553.48</ele>
      </trkpt>
      <trkpt lat="43.5161" lon="-71.30761">
        <ele>554.5</ele>
      </trkpt>
      <trkpt lat="43.5161" lon="-71.30762">
        <ele>554.71</ele>
      </trkpt>
      <trkpt lat="43.51608" lon="-71.30765">
        <ele>555.58</ele>
      </trkpt>
      <trkpt lat="43.516" lon="-71.30769">
        <ele>557.16</ele>
      </trkpt>
      <trkpt lat="43.51597" lon="-71.30771">
        <ele>557.8</ele>
      </trkpt>
      <trkpt lat="43.51593" lon="-71.30775">
        <ele>559.1</ele>
      </trkpt>
      <trkpt lat="43.51591" lon="-71.3078">
        <ele>560.65</ele>
      </trkpt>
      <trkpt lat="43.51583" lon="-71.30789">
        <ele>563.0</ele>
      </trkpt>
      <trkpt lat="43.51572" lon="-71.30798">
        <ele>563.0</ele>
      </trkpt>
      <trkpt lat="43.51569" lon="-71.30802">
        <ele>563.0</ele>
      </trkpt>
      <trkpt lat="43.51565" lon="-71.30808">
        <ele>563.0</ele>
      </trkpt>
      <trkpt lat="43.51561" lon="-71.30815">
        <ele>562.98</ele>
      </trkpt>
      <trkpt lat="43.51559" lon="-71.30822">
        <ele>562.22</ele>
      </trkpt>
      <trkpt lat="43.51556" lon="-71.30829">
        <ele>562.0</ele>
      </trkpt>
      <trkpt lat="43.51552" lon="-71.30835">
        <ele>561.82</ele>
      </trkpt>
      <trkpt lat="43.5155" lon="-71.30843">
        <ele>561.0</ele>
      </trkpt>
      <trkpt lat="43.51547" lon="-71.30849">
        <ele>561.0</ele>
      </trkpt>
      <trkpt lat="43.51542" lon="-71.30855">
        <ele>561.0</ele>
      </trkpt>
      <trkpt lat="43.51538" lon="-71.3086">
        <ele>561.0</ele>
      </trkpt>
      <trkpt lat="43.51535" lon="-71.30867">
        <ele>561.0</ele>
      </trkpt>
      <trkpt lat="43.5153" lon="-71.30873">
        <ele>561.22</ele>
      </trkpt>
      <trkpt lat="43.51526" lon="-71.30878">
        <ele>561.67</ele>
      </trkpt>
      <trkpt lat="43.51522" lon="-71.30885">
        <ele>561.38</ele>
      </trkpt>
      <trkpt lat="43.51519" lon="-71.30891">
        <ele>561.27</ele>
      </trkpt>
      <trkpt lat="43.51515" lon="-71.30897">
        <ele>561.54</ele>
      </trkpt>
      <trkpt lat="43.51511" lon="-71.30903">
        <ele>561.19</ele>
      </trkpt>
      <trkpt lat="43.51506" lon="-71.30908">
        <ele>561.04</ele>
      </trkpt>
      <trkpt lat="43.515" lon="-71.30909">
        <ele>561.0</ele>
      </trkpt>
      <trkpt lat="43.51495" lon="-71.30911">
        <ele>561.0</ele>
      </trkpt>
      <trkpt lat="43.5149" lon="-71.30914">
        <ele>561.06</ele>
      </trkpt>
      <trkpt lat="43.51487" lon="-71.30921">
        <ele>561.68</ele>
      </trkpt>
      <trkpt lat="43.51482" lon="-71.30926">
        <ele>562.0</ele>
      </trkpt>
      <trkpt lat="43.51479" lon="-71.30933">
        <ele>562.0</ele>
      </trkpt>
      <trkpt lat="43.51474" lon="-71.30938">
        <ele>562.25</ele>
      </trkpt>
      <trkpt lat="43.51473" lon="-71.30947">
        <ele>562.92</ele>
      </trkpt>
      <trkpt lat="43.51471" lon="-71.30954">
        <ele>562.87</ele>
      </trkpt>
      <trkpt lat="43.51471" lon="-71.30963">
        <ele>562.86</ele>
      </trkpt>
      <trkpt lat="43.51468" lon="-71.3097">
        <ele>562.13</ele>
      </trkpt>
      <trkpt lat="43.51465" lon="-71.30977">
        <ele>561.6</ele>
      </trkpt>
      <trkpt lat="43.51462" lon="-71.30984">
        <ele>560.9</ele>
      </trkpt>
      <trkpt lat="43.5146" lon="-71.30991">
        <ele>560.65</ele>
      </trkpt>
      <trkpt lat="43.51454" lon="-71.30996">
        <ele>559.46</ele>
      </trkpt>
      <trkpt lat="43.51454" lon="-71.30996">
        <ele>559.46</ele>
      </trkpt>
      <trkpt lat="43.51451" lon="-71.31002">
        <ele>558.2</ele>
      </trkpt>
      <trkpt lat="43.51446" lon="-71.31007">
        <ele>556.58</ele>
      </trkpt>
      <trkpt lat="43.51445" lon="-71.31016">
        <ele>556.08</ele>
      </trkpt>
      <trkpt lat="43.51443" lon="-71.31024">
        <ele>555.19</ele>
      </trkpt>
      <trkpt lat="43.51443" lon="-71.31033">
        <ele>554.84</ele>
      </trkpt>
      <trkpt lat="43.5144" lon="-71.3104">
        <ele>554.52</ele>
      </trkpt>
      <trkpt lat="43.51438" lon="-71.31047">
        <ele>554.3</ele>
      </trkpt>
      <trkpt lat="43.51434" lon="-71.31054">
        <ele>553.74</ele>
      </trkpt>
      <trkpt lat="43.51432" lon="-71.31061">
        <ele>552.93</ele>
      </trkpt>
      <trkpt lat="43.51432" lon="-71.31062">
        <ele>552.86</ele>
      </trkpt>
      <trkpt lat="43.51429" lon="-71.31068">
        <ele>552.33</ele>
      </trkpt>
      <trkpt lat="43.51426" lon="-71.31075">
        <ele>551.91</ele>
      </trkpt>
      <trkpt lat="43.51423" lon="-71.31082">
        <ele>550.78</ele>
      </trkpt>
      <trkpt lat="43.51423" lon="-71.31091">
        <ele>550.68</ele>
      </trkpt>
      <trkpt lat="43.51421" lon="-71.31098">
        <ele>550.16</ele>
      </trkpt>
      <trkpt lat="43.51421" lon="-71.31107">
        <ele>549.68</ele>
      </trkpt>
      <trkpt lat="43.51417" lon="-71.31114">
        <ele>549.04</ele>
      </trkpt>
      <trkpt lat="43.51414" lon="-71.31121">
        <ele>548.71</ele>
      </trkpt>
      <trkpt lat="43.51411" lon="-71.31127">
        <ele>548.39</ele>
      </trkpt>
      <trkpt lat="43.51407" lon="-71.31134">
        <ele>548.0</ele>
      </trkpt>
      <trkpt lat="43.51403" lon="-71.31139">
        <ele>548.0</ele>
      </trkpt>
      <trkpt lat="43.514" lon="-71.31146">
        <ele>548.0</ele>
      </trkpt>
      <trkpt lat="43.51397" lon="-71.31153">
        <ele>548.0</ele>
      </trkpt>
      <trkpt lat="43.51394" lon="-71.3116">
        <ele>548.0</ele>
      </trkpt>
      <trkpt lat="43.51392" lon="-71.31167">
        <ele>548.01</ele>
      </trkpt>
      <trkpt lat="43.5139" lon="-71.31175">
        <ele>548.11</ele>
      </trkpt>
      <trkpt lat="43.51387" lon="-71.31182">
        <ele>548.0</ele>
      </trkpt>
      <trkpt lat="43.51382" lon="-71.31187">
        <ele>548.0</ele>
      </trkpt>
      <trkpt lat="43.51378" lon="-71.31193">
        <ele>548.0</ele>
      </trkpt>
      <trkpt lat="43.51374" lon="-71.31199">
        <ele>548.3</ele>
      </trkpt>
      <trkpt lat="43.5137" lon="-71.31205">
        <ele>549.01</ele>
      </trkpt>
      <trkpt lat="43.51366" lon="-71.31209">
        <ele>549.27</ele>
      </trkpt>
      <trkpt lat="43.51361" lon="-71.31209">
        <ele>549.57</ele>
      </trkpt>
      <trkpt lat="43.51355" lon="-71.31209">
        <ele>549.57</ele>
      </trkpt>
      <trkpt lat="43.51349" lon="-71.31205">
        <ele>549.14</ele>
      </trkpt>
      <trkpt lat="43.51344" lon="-71.31202">
        <ele>548.82</ele>
      </trkpt>
      <trkpt lat="43.5134" lon="-71.31199">
        <ele>548.49</ele>
      </trkpt>
      <trkpt lat="43.51334" lon="-71.31193">
        <ele>548.0</ele>
      </trkpt>
      <trkpt lat="43.51327" lon="-71.31183">
        <ele>547.76</ele>
      </trkpt>
      <trkpt lat="43.51321" lon="-71.31178">
        <ele>547.48</ele>
      </trkpt>
      <trkpt lat="43.51315" lon="-71.31178">
        <ele>547.98</ele>
      </trkpt>
      <trkpt lat="43.51309" lon="-71.31181">
        <ele>548.0</ele>
      </trkpt>
      <trkpt lat="43.51303" lon="-71.31184">
        <ele>548.0</ele>
      </trkpt>
      <trkpt lat="43.51297" lon="-71.31187">
        <ele>548.2</ele>
      </trkpt>
      <trkpt lat="43.51291" lon="-71.31186">
        <ele>548.09</ele>
      </trkpt>
      <trkpt lat="43.51286" lon="-71.31185">
        <ele>547.98</ele>
      </trkpt>
      <trkpt lat="43.51281" lon="-71.31184">
        <ele>547.87</ele>
      </trkpt>
      <trkpt lat="43.51275" lon="-71.31183">
        <ele>547.69</ele>
      </trkpt>
      <trkpt lat="43.51269" lon="-71.31186">
        <ele>548.09</ele>
      </trkpt>
      <trkpt lat="43.51261" lon="-71.31189">
        <ele>548.41</ele>
      </trkpt>
      <trkpt lat="43.51256" lon="-71.31191">
        <ele>548.98</ele>
      </trkpt>
      <trkpt lat="43.51252" lon="-71.31194">
        <ele>549.74</ele>
      </trkpt>
      <trkpt lat="43.51247" lon="-71.31198">
        <ele>550.71</ele>
      </trkpt>
      <trkpt lat="43.51241" lon="-71.31203">
        <ele>551.9</ele>
      </trkpt>
      <trkpt lat="43.51236" lon="-71.31209">
        <ele>553.08</ele>
      </trkpt>
      <trkpt lat="43.51232" lon="-71.31212">
        <ele>553.84</ele>
      </trkpt>
      <trkpt lat="43.51226" lon="-71.31212">
        <ele>554.49</ele>
      </trkpt>
      <trkpt lat="43.51222" lon="-71.31213">
        <ele>555.06</ele>
      </trkpt>
      <trkpt lat="43.51215" lon="-71.31214">
        <ele>556.78</ele>
      </trkpt>
      <trkpt lat="43.51211" lon="-71.31215">
        <ele>557.65</ele>
      </trkpt>
      <trkpt lat="43.5121" lon="-71.31215">
        <ele>557.76</ele>
      </trkpt>
      <trkpt lat="43.51206" lon="-71.31217">
        <ele>558.62</ele>
      </trkpt>
      <trkpt lat="43.51202" lon="-71.3122">
        <ele>559.75</ele>
      </trkpt>
      <trkpt lat="43.51198" lon="-71.31219">
        <ele>560.13</ele>
      </trkpt>
      <trkpt lat="43.51193" lon="-71.31216">
        <ele>560.33</ele>
      </trkpt>
      <trkpt lat="43.51193" lon="-71.31215">
        <ele>560.22</ele>
      </trkpt>
      <trkpt lat="43.51193" lon="-71.31215">
        <ele>560.22</ele>
      </trkpt>
      <trkpt lat="43.51188" lon="-71.31213">
        <ele>560.0</ele>
      </trkpt>
      <trkpt lat="43.51184" lon="-71.31216">
        <ele>560.24</ele>
      </trkpt>
      <trkpt lat="43.51182" lon="-71.31221">
        <ele>560.82</ele>
      </trkpt>
      <trkpt lat="43.51181" lon="-71.31228">
        <ele>561.97</ele>
      </trkpt>
      <trkpt lat="43.51179" lon="-71.31234">
        <ele>562.79</ele>
      </trkpt>
      <trkpt lat="43.51177" lon="-71.31239">
        <ele>563.65</ele>
      </trkpt>
      <trkpt lat="43.51176" lon="-71.3124">
        <ele>563.84</ele>
      </trkpt>
      <trkpt lat="43.51176" lon="-71.3124">
        <ele>563.84</ele>
      </trkpt>
      <trkpt lat="43.51171" lon="-71.31242">
        <ele>564.21</ele>
      </trkpt>
      <trkpt lat="43.51167" lon="-71.31244">
        <ele>564.69</ele>
      </trkpt>
      <trkpt lat="43.51162" lon="-71.31246">
        <ele>564.92</ele>
      </trkpt>
      <trkpt lat="43.5116" lon="-71.31247">
        <ele>565.12</ele>
      </trkpt>
      <trkpt lat="43.5116" lon="-71.31247">
        <ele>565.12</ele>
      </trkpt>
      <trkpt lat="43.51155" lon="-71.31249">
        <ele>565.16</ele>
      </trkpt>
      <trkpt lat="43.51151" lon="-71.31252">
        <ele>565.2</ele>
      </trkpt>
      <trkpt lat="43.51147" lon="-71.31256">
        <ele>565.7</ele>
      </trkpt>
      <trkpt lat="43.51145" lon="-71.31261">
        <ele>566.76</ele>
      </trkpt>
      <trkpt lat="43.51145" lon="-71.31263">
        <ele>567.27</ele>
      </trkpt>
      <trkpt lat="43.51142" lon="-71.3127">
        <ele>568.55</ele>
      </trkpt>
      <trkpt lat="43.5114" lon="-71.31277">
        <ele>569.15</ele>
      </trkpt>
      <trkpt lat="43.51138" lon="-71.31285">
        <ele>570.37</ele>
      </trkpt>
      <trkpt lat="43.51136" lon="-71.31292">
        <ele>571.45</ele>
      </trkpt>
      <trkpt lat="43.51134" lon="-71.31299">
        <ele>572.24</ele>
      </trkpt>
      <trkpt lat="43.51131" lon="-71.31307">
        <ele>572.45</ele>
      </trkpt>
      <trkpt lat="43.51128" lon="-71.31314">
        <ele>572.54</ele>
      </trkpt>
      <trkpt lat="43.51128" lon="-71.31323">
        <ele>573.53</ele>
      </trkpt>
      <trkpt lat="43.51127" lon="-71.31331">
        <ele>573.43</ele>
      </trkpt>
      <trkpt lat="43.51126" lon="-71.31339">
        <ele>573.22</ele>
      </trkpt>
      <trkpt lat="43.51125" lon="-71.31348">
        <ele>573.0</ele>
      </trkpt>
      <trkpt lat="43.51123" lon="-71.31356">
        <ele>572.57</ele>
      </trkpt>
      <trkpt lat="43.51121" lon="-71.31364">
        <ele>572.11</ele>
      </trkpt>
      <trkpt lat="43.51118" lon="-71.3137">
        <ele>571.24</ele>
      </trkpt>
      <trkpt lat="43.51116" lon="-71.31378">
        <ele>570.15</ele>
      </trkpt>
      <trkpt lat="43.51112" lon="-71.31384">
        <ele>568.72</ele>
      </trkpt>
      <trkpt lat="43.5111" lon="-71.31387">
        <ele>567.94</ele>
      </trkpt>
      <trkpt lat="43.51109" lon="-71.31387">
        <ele>567.7</ele>
      </trkpt>
      <trkpt lat="43.51105" lon="-71.3139">
        <ele>566.6</ele>
      </trkpt>
      <trkpt lat="43.51102" lon="-71.31394">
        <ele>565.49</ele>
      </trkpt>
      <trkpt lat="43.51099" lon="-71.31399">
        <ele>563.77</ele>
      </trkpt>
      <trkpt lat="43.51097" lon="-71.31405">
        <ele>562.9</ele>
      </trkpt>
      <trkpt lat="43.51097" lon="-71.31412">
        <ele>562.41</ele>
      </trkpt>
      <trkpt lat="43.51097" lon="-71.31418">
        <ele>561.69</ele>
      </trkpt>
      <trkpt lat="43.51099" lon="-71.31424">
        <ele>561.43</ele>
      </trkpt>
      <trkpt lat="43.51102" lon="-71.31429">
        <ele>561.73</ele>
      </trkpt>
      <trkpt lat="43.51103" lon="-71.31431">
        <ele>561.88</ele>
      </trkpt>
      <trkpt lat="43.51103" lon="-71.31431">
        <ele>561.88</ele>
      </trkpt>
      <trkpt lat="43.51107" lon="-71.31435">
        <ele>562.7</ele>
      </trkpt>
      <trkpt lat="43.51109" lon="-71.31437">
        <ele>562.92</ele>
      </trkpt>
      <trkpt lat="43.5111" lon="-71.31438">
        <ele>563.03</ele>
      </trkpt>
      <trkpt lat="43.51115" lon="-71.31442">
        <ele>563.37</ele>
      </trkpt>
      <trkpt lat="43.51121" lon="-71.31447">
        <ele>563.79</ele>
      </trkpt>
      <trkpt lat="43.51127" lon="-71.31451">
        <ele>564.01</ele>
      </trkpt>
      <trkpt lat="43.51131" lon="-71.31457">
        <ele>563.79</ele>
      </trkpt>
      <trkpt lat="43.51132" lon="-71.31465">
        <ele>563.04</ele>
      </trkpt>
      <trkpt lat="43.51134" lon="-71.31472">
        <ele>562.5</ele>
      </trkpt>
      <trkpt lat="43.51137" lon="-71.3148">
        <ele>561.96</ele>
      </trkpt>
      <trkpt lat="43.51139" lon="-71.31487">
        <ele>561.41</ele>
      </trkpt>
      <trkpt lat="43.51143" lon="-71.31493">
        <ele>561.06</ele>
      </trkpt>
      <trkpt lat="43.51149" lon="-71.31493">
        <ele>561.78</ele>
      </trkpt>
      <trkpt lat="43.51154" lon="-71.31495">
        <ele>561.83</ele>
      </trkpt>
      <trkpt lat="43.51158" lon="-71.31498">
        <ele>562.01</ele>
      </trkpt>
      <trkpt lat="43.51162" lon="-71.31504">
        <ele>561.78</ele>
      </trkpt>
      <trkpt lat="43.51165" lon="-71.31511">
        <ele>561.6</ele>
      </trkpt>
      <trkpt lat="43.51169" lon="-71.31513">
        <ele>561.6</ele>
      </trkpt>
      <trkpt lat="43.51169" lon="-71.31514">
        <ele>561.49</ele>
      </trkpt>
      <trkpt lat="43.51172" lon="-71.31517">
        <ele>561.16</ele>
      </trkpt>
      <trkpt lat="43.51177" lon="-71.31519">
        <ele>561.06</ele>
      </trkpt>
      <trkpt lat="43.51181" lon="-71.31519">
        <ele>561.5</ele>
      </trkpt>
      <trkpt lat="43.51183" lon="-71.31519">
        <ele>561.71</ele>
      </trkpt>
      <trkpt lat="43.51183" lon="-71.31519">
        <ele>561.71</ele>
      </trkpt>
      <trkpt lat="43.51188" lon="-71.31519">
        <ele>561.96</ele>
      </trkpt>
      <trkpt lat="43.51192" lon="-71.31522">
        <ele>561.9</ele>
      </trkpt>
      <trkpt lat="43.51193" lon="-71.31523">
        <ele>561.92</ele>
      </trkpt>
      <trkpt lat="43.51193" lon="-71.31524">
        <ele>561.91</ele>
      </trkpt>
      <trkpt lat="43.51193" lon="-71.31524">
        <ele>561.91</ele>
      </trkpt>
      <trkpt lat="43.51198" lon="-71.31529">
        <ele>561.87</ele>
      </trkpt>
      <trkpt lat="43.51202" lon="-71.31535">
        <ele>561.22</ele>
      </trkpt>
      <trkpt lat="43.51206" lon="-71.31541">
        <ele>560.82</ele>
      </trkpt>
      <trkpt lat="43.5121" lon="-71.31544">
        <ele>560.93</ele>
      </trkpt>
      <trkpt lat="43.51215" lon="-71.31546">
        <ele>561.24</ele>
      </trkpt>
      <trkpt lat="43.51221" lon="-71.31548">
        <ele>561.66</ele>
      </trkpt>
      <trkpt lat="43.51223" lon="-71.31549">
        <ele>561.73</ele>
      </trkpt>
      <trkpt lat="43.51223" lon="-71.31549">
        <ele>561.73</ele>
      </trkpt>
      <trkpt lat="43.51228" lon="-71.3155">
        <ele>561.85</ele>
      </trkpt>
      <trkpt lat="43.51232" lon="-71.31554">
        <ele>562.0</ele>
      </trkpt>
      <trkpt lat="43.51235" lon="-71.31558">
        <ele>561.57</ele>
      </trkpt>
      <trkpt lat="43.51238" lon="-71.31563">
        <ele>560.96</ele>
      </trkpt>
      <trkpt lat="43.51237" lon="-71.31569">
        <ele>559.33</ele>
      </trkpt>
      <trkpt lat="43.51235" lon="-71.31574">
        <ele>557.17</ele>
      </trkpt>
      <trkpt lat="43.51237" lon="-71.31579">
        <ele>555.87</ele>
      </trkpt>
      <trkpt lat="43.51242" lon="-71.3158">
        <ele>556.66</ele>
      </trkpt>
      <trkpt lat="43.51242" lon="-71.3158">
        <ele>556.66</ele>
      </trkpt>
      <trkpt lat="43.51242" lon="-71.3158">
        <ele>556.66</ele>
      </trkpt>
      <trkpt lat="43.51247" lon="-71.3158">
        <ele>557.55</ele>
      </trkpt>
      <trkpt lat="43.51251" lon="-71.31579">
        <ele>558.57</ele>
      </trkpt>
      <trkpt lat="43.51252" lon="-71.31579">
        <ele>558.73</ele>
      </trkpt>
      <trkpt lat="43.51252" lon="-71.31579">
        <ele>558.73</ele>
      </trkpt>
      <trkpt lat="43.51257" lon="-71.31577">
        <ele>560.05</ele>
      </trkpt>
      <trkpt lat="43.51261" lon="-71.31575">
        <ele>560.82</ele>
      </trkpt>
      <trkpt lat="43.51265" lon="-71.31578">
        <ele>560.41</ele>
      </trkpt>
      <trkpt lat="43.51268" lon="-71.31583">
        <ele>559.98</ele>
      </trkpt>
      <trkpt lat="43.51269" lon="-71.31584">
        <ele>559.84</ele>
      </trkpt>
      <trkpt lat="43.51269" lon="-71.31584">
        <ele>559.84</ele>
      </trkpt>
      <trkpt lat="43.51272" lon="-71.31589">
        <ele>558.54</ele>
      </trkpt>
      <trkpt lat="43.51276" lon="-71.31592">
        <ele>558.0</ele>
      </trkpt>
      <trkpt lat="43.51281" lon="-71.31593">
        <ele>558.56</ele>
      </trkpt>
      <trkpt lat="43.51281" lon="-71.31593">
        <ele>558.56</ele>
      </trkpt>
      <trkpt lat="43.51285" lon="-71.31594">
        <ele>559.1</ele>
      </trkpt>
      <trkpt lat="43.51288" lon="-71.31595">
        <ele>559.25</ele>
      </trkpt>
      <trkpt lat="43.51293" lon="-71.31598">
        <ele>558.62</ele>
      </trkpt>
      <trkpt lat="43.51299" lon="-71.31599">
        <ele>558.82</ele>
      </trkpt>
      <trkpt lat="43.51304" lon="-71.31601">
        <ele>558.94</ele>
      </trkpt>
      <trkpt lat="43.5131" lon="-71.31604">
        <ele>558.54</ele>
      </trkpt>
      <trkpt lat="43.51315" lon="-71.31607">
        <ele>557.89</ele>
      </trkpt>
      <trkpt lat="43.51321" lon="-71.31609">
        <ele>557.46</ele>
      </trkpt>
      <trkpt lat="43.51326" lon="-71.31614">
        <ele>556.38</ele>
      </trkpt>
      <trkpt lat="43.51331" lon="-71.31618">
        <ele>555.51</ele>
      </trkpt>
      <trkpt lat="43.51332" lon="-71.31618">
        <ele>555.51</ele>
      </trkpt>
      <trkpt lat="43.51337" lon="-71.31621">
        <ele>554.84</ele>
      </trkpt>
      <trkpt lat="43.51343" lon="-71.31625">
        <ele>553.48</ele>
      </trkpt>
      <trkpt lat="43.51349" lon="-71.31625">
        <ele>553.15</ele>
      </trkpt>
      <trkpt lat="43.51354" lon="-71.31624">
        <ele>552.98</ele>
      </trkpt>
      <trkpt lat="43.5136" lon="-71.31623">
        <ele>552.55</ele>
      </trkpt>
      <trkpt lat="43.51365" lon="-71.3162">
        <ele>552.66</ele>
      </trkpt>
      <trkpt lat="43.5137" lon="-71.31622">
        <ele>551.52</ele>
      </trkpt>
      <trkpt lat="43.51371" lon="-71.31622">
        <ele>551.35</ele>
      </trkpt>
      <trkpt lat="43.51375" lon="-71.31628">
        <ele>548.94</ele>
      </trkpt>
      <trkpt lat="43.51376" lon="-71.31634">
        <ele>547.16</ele>
      </trkpt>
      <trkpt lat="43.51376" lon="-71.31634">
        <ele>547.16</ele>
      </trkpt>
      <trkpt lat="43.51374" lon="-71.3164">
        <ele>545.9</ele>
      </trkpt>
      <trkpt lat="43.51374" lon="-71.31646">
        <ele>544.21</ele>
      </trkpt>
      <trkpt lat="43.51377" lon="-71.31651">
        <ele>542.36</ele>
      </trkpt>
      <trkpt lat="43.5138" lon="-71.31655">
        <ele>540.7</ele>
      </trkpt>
      <trkpt lat="43.51382" lon="-71.31655">
        <ele>540.27</ele>
      </trkpt>
      <trkpt lat="43.51383" lon="-71.31656">
        <ele>539.73</ele>
      </trkpt>
      <trkpt lat="43.51386" lon="-71.3166">
        <ele>537.7</ele>
      </trkpt>
      <trkpt lat="43.51388" lon="-71.31666">
        <ele>535.32</ele>
      </trkpt>
      <trkpt lat="43.51389" lon="-71.31672">
        <ele>533.25</ele>
      </trkpt>
      <trkpt lat="43.51391" lon="-71.31678">
        <ele>530.87</ele>
      </trkpt>
      <trkpt lat="43.51392" lon="-71.3168">
        <ele>530.01</ele>
      </trkpt>
      <trkpt lat="43.51392" lon="-71.3168">
        <ele>530.01</ele>
      </trkpt>
      <trkpt lat="43.51396" lon="-71.31684">
        <ele>527.85</ele>
      </trkpt>
      <trkpt lat="43.514" lon="-71.31686">
        <ele>526.42</ele>
      </trkpt>
      <trkpt lat="43.51401" lon="-71.31693">
        <ele>524.7</ele>
      </trkpt>
      <trkpt lat="43.51399" lon="-71.31698">
        <ele>524.05</ele>
      </trkpt>
      <trkpt lat="43.51399" lon="-71.31698">
        <ele>524.05</ele>
      </trkpt>
      <trkpt lat="43.51399" lon="-71.31704">
        <ele>522.75</ele>
      </trkpt>
      <trkpt lat="43.51401" lon="-71.3171">
        <ele>521.23</ele>
      </trkpt>
      <trkpt lat="43.51402" lon="-71.31716">
        <ele>519.93</ele>
      </trkpt>
      <trkpt lat="43.51405" lon="-71.3172">
        <ele>518.74</ele>
      </trkpt>
      <trkpt lat="43.51403" lon="-71.31726">
        <ele>518.07</ele>
      </trkpt>
      <trkpt lat="43.51401" lon="-71.31732">
        <ele>517.58</ele>
      </trkpt>
      <trkpt lat="43.51401" lon="-71.31738">
        <ele>516.28</ele>
      </trkpt>
      <trkpt lat="43.51401" lon="-71.3174">
        <ele>515.85</ele>
      </trkpt>
      <trkpt lat="43.51401" lon="-71.31739">
        <ele>516.07</ele>
      </trkpt>
      <trkpt lat="43.51403" lon="-71.31746">
        <ele>514.91</ele>
      </trkpt>
      <trkpt lat="43.51406" lon="-71.3175">
        <ele>514.15</ele>
      </trkpt>
      <trkpt lat="43.51409" lon="-71.31753">
        <ele>513.06</ele>
      </trkpt>
      <trkpt lat="43.51409" lon="-71.31754">
        <ele>512.87</ele>
      </trkpt>
      <trkpt lat="43.5141" lon="-71.3176">
        <ele>511.56</ele>
      </trkpt>
      <trkpt lat="43.5141" lon="-71.31767">
        <ele>510.05</ele>
      </trkpt>
      <trkpt lat="43.5141" lon="-71.31773">
        <ele>508.75</ele>
      </trkpt>
      <trkpt lat="43.5141" lon="-71.3178">
        <ele>507.24</ele>
      </trkpt>
      <trkpt lat="43.51409" lon="-71.31786">
        <ele>506.05</ele>
      </trkpt>
      <trkpt lat="43.51407" lon="-71.31791">
        <ele>505.19</ele>
      </trkpt>
      <trkpt lat="43.51407" lon="-71.31791">
        <ele>505.19</ele>
      </trkpt>
      <trkpt lat="43.51407" lon="-71.31792">
        <ele>504.97</ele>
      </trkpt>
      <trkpt lat="43.51405" lon="-71.31798">
        <ele>504.08</ele>
      </trkpt>
      <trkpt lat="43.51402" lon="-71.31803">
        <ele>503.86</ele>
      </trkpt>
      <trkpt lat="43.51398" lon="-71.31806">
        <ele>503.92</ele>
      </trkpt>
      <trkpt lat="43.51394" lon="-71.31809">
        <ele>503.7</ele>
      </trkpt>
      <trkpt lat="43.51389" lon="-71.31812">
        <ele>503.6</ele>
      </trkpt>
      <trkpt lat="43.51387" lon="-71.31817">
        <ele>502.92</ele>
      </trkpt>
      <trkpt lat="43.51386" lon="-71.31823">
        <ele>502.15</ele>
      </trkpt>
      <trkpt lat="43.51387" lon="-71.31829">
        <ele>501.04</ele>
      </trkpt>
      <trkpt lat="43.5139" lon="-71.31835">
        <ele>499.8</ele>
      </trkpt>
      <trkpt lat="43.51393" lon="-71.31839">
        <ele>499.12</ele>
      </trkpt>
      <trkpt lat="43.51395" lon="-71.31843">
        <ele>498.3</ele>
      </trkpt>
      <trkpt lat="43.51395" lon="-71.31844">
        <ele>498.19</ele>
      </trkpt>
      <trkpt lat="43.51395" lon="-71.3185">
        <ele>497.54</ele>
      </trkpt>
      <trkpt lat="43.51393" lon="-71.31856">
        <ele>497.11</ele>
      </trkpt>
      <trkpt lat="43.51392" lon="-71.31859">
        <ele>496.89</ele>
      </trkpt>
      <trkpt lat="43.51392" lon="-71.31857">
        <ele>497.11</ele>
      </trkpt>
      <trkpt lat="43.5139" lon="-71.31864">
        <ele>496.57</ele>
      </trkpt>
      <trkpt lat="43.51388" lon="-71.3187">
        <ele>496.04</ele>
      </trkpt>
      <trkpt lat="43.51386" lon="-71.31877">
        <ele>494.79</ele>
      </trkpt>
      <trkpt lat="43.51382" lon="-71.31881">
        <ele>494.63</ele>
      </trkpt>
      <trkpt lat="43.51378" lon="-71.31881">
        <ele>494.85</ele>
      </trkpt>
      <trkpt lat="43.51374" lon="-71.31879">
        <ele>495.07</ele>
      </trkpt>
      <trkpt lat="43.51369" lon="-71.3188">
        <ele>494.96</ele>
      </trkpt>
      <trkpt lat="43.51366" lon="-71.31884">
        <ele>494.53</ele>
      </trkpt>
      <trkpt lat="43.51364" lon="-71.31883">
        <ele>494.64</ele>
      </trkpt>
      <trkpt lat="43.51361" lon="-71.31888">
        <ele>494.1</ele>
      </trkpt>
      <trkpt lat="43.51358" lon="-71.31892">
        <ele>493.66</ele>
      </trkpt>
      <trkpt lat="43.51354" lon="-71.31897">
        <ele>493.12</ele>
      </trkpt>
      <trkpt lat="43.5135" lon="-71.31901">
        <ele>492.94</ele>
      </trkpt>
      <trkpt lat="43.51347" lon="-71.31906">
        <ele>492.56</ele>
      </trkpt>
      <trkpt lat="43.51343" lon="-71.3191">
        <ele>492.03</ele>
      </trkpt>
      <trkpt lat="43.5134" lon="-71.31915">
        <ele>492.0</ele>
      </trkpt>
      <trkpt lat="43.51338" lon="-71.3192">
        <ele>491.82</ele>
      </trkpt>
      <trkpt lat="43.51338" lon="-71.3192">
        <ele>491.82</ele>
      </trkpt>
      <trkpt lat="43.51334" lon="-71.31922">
        <ele>491.47</ele>
      </trkpt>
      <trkpt lat="43.5133" lon="-71.31927">
        <ele>490.96</ele>
      </trkpt>
      <trkpt lat="43.51328" lon="-71.31932">
        <ele>490.62</ele>
      </trkpt>
      <trkpt lat="43.51327" lon="-71.31939">
        <ele>490.32</ele>
      </trkpt>
      <trkpt lat="43.51325" lon="-71.31944">
        <ele>490.1</ele>
      </trkpt>
      <trkpt lat="43.51321" lon="-71.31948">
        <ele>489.67</ele>
      </trkpt>
      <trkpt lat="43.51316" lon="-71.3195">
        <ele>489.13</ele>
      </trkpt>
      <trkpt lat="43.51316" lon="-71.3195">
        <ele>489.13</ele>
      </trkpt>
      <trkpt lat="43.51314" lon="-71.31947">
        <ele>488.91</ele>
      </trkpt>
      <trkpt lat="43.51309" lon="-71.31952">
        <ele>488.37</ele>
      </trkpt>
      <trkpt lat="43.51303" lon="-71.31955">
        <ele>488.0</ele>
      </trkpt>
      <trkpt lat="43.51298" lon="-71.31957">
        <ele>488.0</ele>
      </trkpt>
      <trkpt lat="43.51292" lon="-71.3196">
        <ele>487.54</ele>
      </trkpt>
      <trkpt lat="43.51287" lon="-71.31963">
        <ele>487.0</ele>
      </trkpt>
      <trkpt lat="43.51281" lon="-71.31966">
        <ele>487.21</ele>
      </trkpt>
      <trkpt lat="43.51276" lon="-71.31971">
        <ele>488.59</ele>
      </trkpt>
      <trkpt lat="43.51271" lon="-71.31976">
        <ele>491.74</ele>
      </trkpt>
      <trkpt lat="43.51266" lon="-71.31981">
        <ele>494.17</ele>
      </trkpt>
      <trkpt lat="43.51264" lon="-71.31987">
        <ele>494.79</ele>
      </trkpt>
      <trkpt lat="43.51263" lon="-71.31988">
        <ele>494.88</ele>
      </trkpt>
      <trkpt lat="43.5126" lon="-71.31995">
        <ele>494.54</ele>
      </trkpt>
      <trkpt lat="43.5126" lon="-71.32002">
        <ele>493.78</ele>
      </trkpt>
      <trkpt lat="43.51262" lon="-71.3201">
        <ele>492.98</ele>
      </trkpt>
      <trkpt lat="43.51264" lon="-71.32017">
        <ele>492.57</ele>
      </trkpt>
      <trkpt lat="43.51264" lon="-71.32027">
        <ele>491.57</ele>
      </trkpt>
      <trkpt lat="43.51263" lon="-71.32035">
        <ele>490.82</ele>
      </trkpt>
      <trkpt lat="43.5126" lon="-71.32041">
        <ele>490.53</ele>
      </trkpt>
      <trkpt lat="43.51257" lon="-71.32048">
        <ele>490.0</ele>
      </trkpt>
      <trkpt lat="43.51253" lon="-71.32054">
        <ele>490.0</ele>
      </trkpt>
      <trkpt lat="43.51251" lon="-71.32062">
        <ele>490.0</ele>
      </trkpt>
      <trkpt lat="43.51248" lon="-71.32068">
        <ele>490.0</ele>
      </trkpt>
      <trkpt lat="43.51245" lon="-71.32076">
        <ele>490.21</ele>
      </trkpt>
      <trkpt lat="43.51244" lon="-71.32084">
        <ele>491.0</ele>
      </trkpt>
      <trkpt lat="43.51242" lon="-71.32092">
        <ele>491.0</ele>
      </trkpt>
      <trkpt lat="43.5124" lon="-71.32099">
        <ele>491.61</ele>
      </trkpt>
      <trkpt lat="43.51238" lon="-71.32107">
        <ele>491.87</ele>
      </trkpt>
      <trkpt lat="43.51236" lon="-71.32115">
        <ele>492.2</ele>
      </trkpt>
      <trkpt lat="43.51236" lon="-71.32115">
        <ele>492.2</ele>
      </trkpt>
      <trkpt lat="43.51238" lon="-71.32123">
        <ele>492.79</ele>
      </trkpt>
      <trkpt lat="43.51241" lon="-71.3213">
        <ele>493.08</ele>
      </trkpt>
      <trkpt lat="43.51242" lon="-71.32138">
        <ele>494.69</ele>
      </trkpt>
      <trkpt lat="43.5124" lon="-71.32145">
        <ele>496.32</ele>
      </trkpt>
      <trkpt lat="43.51238" lon="-71.32153">
        <ele>498.2</ele>
      </trkpt>
      <trkpt lat="43.51238" lon="-71.3216">
        <ele>500.05</ele>
      </trkpt>
      <trkpt lat="43.51242" lon="-71.32166">
        <ele>501.66</ele>
      </trkpt>
      <trkpt lat="43.51246" lon="-71.32171">
        <ele>502.37</ele>
      </trkpt>
      <trkpt lat="43.51247" lon="-71.32179">
        <ele>503.99</ele>
      </trkpt>
      <trkpt lat="43.51247" lon="-71.32188">
        <ele>505.93</ele>
      </trkpt>
      <trkpt lat="43.51247" lon="-71.32198">
        <ele>508.09</ele>
      </trkpt>
      <trkpt lat="43.51246" lon="-71.32206">
        <ele>509.79</ele>
      </trkpt>
      <trkpt lat="43.51246" lon="-71.32215">
        <ele>511.3</ele>
      </trkpt>
      <trkpt lat="43.51243" lon="-71.32222">
        <ele>513.46</ele>
      </trkpt>
      <trkpt lat="43.51241" lon="-71.32229">
        <ele>515.41</ele>
      </trkpt>
      <trkpt lat="43.51238" lon="-71.32236">
        <ele>517.72</ele>
      </trkpt>
      <trkpt lat="43.51238" lon="-71.32241">
        <ele>518.59</ele>
      </trkpt>
      <trkpt lat="43.51238" lon="-71.32243">
        <ele>518.59</ele>
      </trkpt>
      <trkpt lat="43.51241" lon="-71.3225">
        <ele>517.94</ele>
      </trkpt>
      <trkpt lat="43.51243" lon="-71.32257">
        <ele>517.7</ele>
      </trkpt>
      <trkpt lat="43.51246" lon="-71.32263">
        <ele>517.43</ele>
      </trkpt>
      <trkpt lat="43.51248" lon="-71.32271">
        <ele>517.22</ele>
      </trkpt>
      <trkpt lat="43.51251" lon="-71.32277">
        <ele>516.88</ele>
      </trkpt>
      <trkpt lat="43.51253" lon="-71.32285">
        <ele>516.68</ele>
      </trkpt>
      <trkpt lat="43.51253" lon="-71.32295">
        <ele>516.68</ele>
      </trkpt>
      <trkpt lat="43.5125" lon="-71.32302">
        <ele>517.0</ele>
      </trkpt>
      <trkpt lat="43.51249" lon="-71.3231">
        <ele>517.0</ele>
      </trkpt>
      <trkpt lat="43.51249" lon="-71.32317">
        <ele>517.0</ele>
      </trkpt>
      <trkpt lat="43.5125" lon="-71.32324">
        <ele>517.0</ele>
      </trkpt>
      <trkpt lat="43.51253" lon="-71.32332">
        <ele>517.0</ele>
      </trkpt>
      <trkpt lat="43.51256" lon="-71.32338">
        <ele>517.33</ele>
      </trkpt>
      <trkpt lat="43.51258" lon="-71.32345">
        <ele>517.86</ele>
      </trkpt>
      <trkpt lat="43.51261" lon="-71.32352">
        <ele>518.0</ele>
      </trkpt>
      <trkpt lat="43.51266" lon="-71.32357">
        <ele>518.4</ele>
      </trkpt>
      <trkpt lat="43.5127" lon="-71.32363">
        <ele>519.16</ele>
      </trkpt>
      <trkpt lat="43.51274" lon="-71.32369">
        <ele>519.59</ele>
      </trkpt>
      <trkpt lat="43.51279" lon="-71.32374">
        <ele>520.47</ele>
      </trkpt>
      <trkpt lat="43.51281" lon="-71.32381">
        <ele>521.05</ele>
      </trkpt>
      <trkpt lat="43.51285" lon="-71.32388">
        <ele>521.71</ele>
      </trkpt>
      <trkpt lat="43.51285" lon="-71.32397">
        <ele>522.66</ele>
      </trkpt>
      <trkpt lat="43.51285" lon="-71.324">
        <ele>522.98</ele>
      </trkpt>
      <trkpt lat="43.51286" lon="-71.32405">
        <ele>523.63</ele>
      </trkpt>
      <trkpt lat="43.51286" lon="-71.32414">
        <ele>524.6</ele>
      </trkpt>
      <trkpt lat="43.51286" lon="-71.32424">
        <ele>526.38</ele>
      </trkpt>
      <trkpt lat="43.51286" lon="-71.32433">
        <ele>528.3</ele>
      </trkpt>
      <trkpt lat="43.51286" lon="-71.32442">
        <ele>530.25</ele>
      </trkpt>
      <trkpt lat="43.51286" lon="-71.32451">
        <ele>532.19</ele>
      </trkpt>
      <trkpt lat="43.51286" lon="-71.32461">
        <ele>534.35</ele>
      </trkpt>
      <trkpt lat="43.51286" lon="-71.3247">
        <ele>536.3</ele>
      </trkpt>
      <trkpt lat="43.51286" lon="-71.32479">
        <ele>538.24</ele>
      </trkpt>
      <trkpt lat="43.51286" lon="-71.32488">
        <ele>540.18</ele>
      </trkpt>
      <trkpt lat="43.51286" lon="-71.32497">
        <ele>542.13</ele>
      </trkpt>
      <trkpt lat="43.51287" lon="-71.32506">
        <ele>544.29</ele>
      </trkpt>
      <trkpt lat="43.51291" lon="-71.32511">
        <ele>546.42</ele>
      </trkpt>
      <trkpt lat="43.51297" lon="-71.32516">
        <ele>549.34</ele>
      </trkpt>
      <trkpt lat="43.51301" lon="-71.32521">
        <ele>551.82</ele>
      </trkpt>
      <trkpt lat="43.51306" lon="-71.32526">
        <ele>554.48</ele>
      </trkpt>
      <trkpt lat="43.51309" lon="-71.32533">
        <ele>556.5</ele>
      </trkpt>
      <trkpt lat="43.51311" lon="-71.3254">
        <ele>558.23</ele>
      </trkpt>
      <trkpt lat="43.51313" lon="-71.32548">
        <ele>560.14</ele>
      </trkpt>
      <trkpt lat="43.51315" lon="-71.32556">
        <ele>562.09</ele>
      </trkpt>
      <trkpt lat="43.51319" lon="-71.32562">
        <ele>563.6</ele>
      </trkpt>
      <trkpt lat="43.51324" lon="-71.32564">
        <ele>564.9</ele>
      </trkpt>
      <trkpt lat="43.5133" lon="-71.32565">
        <ele>566.3</ele>
      </trkpt>
      <trkpt lat="43.51336" lon="-71.32568">
        <ele>568.02</ele>
      </trkpt>
      <trkpt lat="43.51341" lon="-71.3257">
        <ele>569.68</ele>
      </trkpt>
      <trkpt lat="43.51347" lon="-71.32575">
        <ele>572.0</ele>
      </trkpt>
      <trkpt lat="43.5135" lon="-71.32578">
        <ele>572.94</ele>
      </trkpt>
      <trkpt lat="43.51351" lon="-71.32578">
        <ele>573.2</ele>
      </trkpt>
      <trkpt lat="43.51355" lon="-71.3258">
        <ele>574.2</ele>
      </trkpt>
      <trkpt lat="43.51359" lon="-71.32584">
        <ele>575.54</ele>
      </trkpt>
      <trkpt lat="43.51361" lon="-71.32589">
        <ele>575.98</ele>
      </trkpt>
      <trkpt lat="43.51361" lon="-71.32595">
        <ele>575.46</ele>
      </trkpt>
      <trkpt lat="43.51358" lon="-71.326">
        <ele>573.73</ele>
      </trkpt>
      <trkpt lat="43.51355" lon="-71.32605">
        <ele>571.66</ele>
      </trkpt>
      <trkpt lat="43.51351" lon="-71.32609">
        <ele>569.48</ele>
      </trkpt>
      <trkpt lat="43.51351" lon="-71.32609">
        <ele>569.48</ele>
      </trkpt>
      <trkpt lat="43.5135" lon="-71.32608">
        <ele>569.54</ele>
      </trkpt>
      <trkpt lat="43.51346" lon="-71.32608">
        <ele>568.53</ele>
      </trkpt>
      <trkpt lat="43.51341" lon="-71.32608">
        <ele>567.38</ele>
      </trkpt>
      <trkpt lat="43.51336" lon="-71.32607">
        <ele>566.54</ele>
      </trkpt>
      <trkpt lat="43.51333" lon="-71.32608">
        <ele>565.98</ele>
      </trkpt>
      <trkpt lat="43.51333" lon="-71.32608">
        <ele>565.98</ele>
      </trkpt>
      <trkpt lat="43.51329" lon="-71.32611">
        <ele>565.54</ele>
      </trkpt>
      <trkpt lat="43.51326" lon="-71.32616">
        <ele>565.1</ele>
      </trkpt>
      <trkpt lat="43.51321" lon="-71.32618">
        <ele>564.75</ele>
      </trkpt>
      <trkpt lat="43.51321" lon="-71.32618">
        <ele>564.75</ele>
      </trkpt>
      <trkpt lat="43.51321" lon="-71.32618">
        <ele>564.75</ele>
      </trkpt>
      <trkpt lat="43.51316" lon="-71.32618">
        <ele>564.35</ele>
      </trkpt>
      <trkpt lat="43.51312" lon="-71.32617">
        <ele>564.25</ele>
      </trkpt>
      <trkpt lat="43.51308" lon="-71.32617">
        <ele>564.1</ele>
      </trkpt>
      <trkpt lat="43.51308" lon="-71.32617">
        <ele>564.1</ele>
      </trkpt>
      <trkpt lat="43.51303" lon="-71.32618">
        <ele>563.72</ele>
      </trkpt>
      <trkpt lat="43.51299" lon="-71.32621">
        <ele>563.27</ele>
      </trkpt>
      <trkpt lat="43.51295" lon="-71.3262">
        <ele>562.86</ele>
      </trkpt>
      <trkpt lat="43.51294" lon="-71.3262">
        <ele>562.75</ele>
      </trkpt>
      <trkpt lat="43.51291" lon="-71.32616">
        <ele>562.43</ele>
      </trkpt>
      <trkpt lat="43.51288" lon="-71.32611">
        <ele>562.1</ele>
      </trkpt>
      <trkpt lat="43.51285" lon="-71.32607">
        <ele>561.56</ele>
      </trkpt>
      <trkpt lat="43.5128" lon="-71.32606">
        <ele>560.48</ele>
      </trkpt>
      <trkpt lat="43.51279" lon="-71.32606">
        <ele>560.26</ele>
      </trkpt>
      <trkpt lat="43.51279" lon="-71.32606">
        <ele>560.26</ele>
      </trkpt>
      <trkpt lat="43.51276" lon="-71.32611">
        <ele>559.42</ele>
      </trkpt>
      <trkpt lat="43.51274" lon="-71.32617">
        <ele>559.41</ele>
      </trkpt>
      <trkpt lat="43.51272" lon="-71.32622">
        <ele>559.13</ele>
      </trkpt>
      <trkpt lat="43.51271" lon="-71.32624">
        <ele>558.8</ele>
      </trkpt>
      <trkpt lat="43.51271" lon="-71.32624">
        <ele>558.8</ele>
      </trkpt>
      <trkpt lat="43.51268" lon="-71.32629">
        <ele>557.83</ele>
      </trkpt>
      <trkpt lat="43.51265" lon="-71.32631">
        <ele>557.01</ele>
      </trkpt>
      <trkpt lat="43.51262" lon="-71.32632">
        <ele>556.14</ele>
      </trkpt>
      <trkpt lat="43.51258" lon="-71.32634">
        <ele>554.86</ele>
      </trkpt>
      <trkpt lat="43.51253" lon="-71.32638">
        <ele>552.59</ele>
      </trkpt>
      <trkpt lat="43.51252" lon="-71.32646">
        <ele>552.08</ele>
      </trkpt>
      <trkpt lat="43.51252" lon="-71.32655">
        <ele>551.92</ele>
      </trkpt>
      <trkpt lat="43.51252" lon="-71.32663">
        <ele>551.26</ele>
      </trkpt>
      <trkpt lat="43.51252" lon="-71.32663">
        <ele>551.26</ele>
      </trkpt>
      <trkpt lat="43.51253" lon="-71.3267">
        <ele>551.18</ele>
      </trkpt>
      <trkpt lat="43.51253" lon="-71.32676">
        <ele>550.96</ele>
      </trkpt>
      <trkpt lat="43.51251" lon="-71.32682">
        <ele>549.67</ele>
      </trkpt>
      <trkpt lat="43.51248" lon="-71.32686">
        <ele>547.76</ele>
      </trkpt>
      <trkpt lat="43.51245" lon="-71.32691">
        <ele>545.38</ele>
      </trkpt>
      <trkpt lat="43.51244" lon="-71.32697">
        <ele>543.77</ele>
      </trkpt>
      <trkpt lat="43.51245" lon="-71.32704">
        <ele>542.68</ele>
      </trkpt>
      <trkpt lat="43.51246" lon="-71.32709">
        <ele>541.94</ele>
      </trkpt>
      <trkpt lat="43.51247" lon="-71.3271">
        <ele>542.24</ele>
      </trkpt>
      <trkpt lat="43.51246" lon="-71.3271">
        <ele>541.66</ele>
      </trkpt>
      <trkpt lat="43.51247" lon="-71.32716">
        <ele>540.4</ele>
      </trkpt>
      <trkpt lat="43.51247" lon="-71.32722">
        <ele>538.45</ele>
      </trkpt>
      <trkpt lat="43.51249" lon="-71.32728">
        <ele>537.59</ele>
      </trkpt>
      <trkpt lat="43.51251" lon="-71.32733">
        <ele>537.05</ele>
      </trkpt>
      <trkpt lat="43.51251" lon="-71.32733">
        <ele>537.05</ele>
      </trkpt>
      <trkpt lat="43.51251" lon="-71.32733">
        <ele>537.05</ele>
      </trkpt>
      <trkpt lat="43.51256" lon="-71.32736">
        <ele>538.78</ele>
      </trkpt>
      <trkpt lat="43.5126" lon="-71.32737">
        <ele>540.53</ele>
      </trkpt>
      <trkpt lat="43.51263" lon="-71.32737">
        <ele>541.83</ele>
      </trkpt>
      <trkpt lat="43.51263" lon="-71.32737">
        <ele>541.83</ele>
      </trkpt>
      <trkpt lat="43.51268" lon="-71.32739">
        <ele>543.34</ele>
      </trkpt>
      <trkpt lat="43.51271" lon="-71.32743">
        <ele>543.34</ele>
      </trkpt>
      <trkpt lat="43.51271" lon="-71.32743">
        <ele>543.34</ele>
      </trkpt>
      <trkpt lat="43.51274" lon="-71.32747">
        <ele>543.34</ele>
      </trkpt>
      <trkpt lat="43.51278" lon="-71.3275">
        <ele>544.07</ele>
      </trkpt>
      <trkpt lat="43.51278" lon="-71.3275">
        <ele>544.07</ele>
      </trkpt>
      <trkpt lat="43.51278" lon="-71.3275">
        <ele>544.07</ele>
      </trkpt>
      <trkpt lat="43.51283" lon="-71.32751">
        <ele>545.26</ele>
      </trkpt>
      <trkpt lat="43.51287" lon="-71.32751">
        <ele>546.56</ele>
      </trkpt>
      <trkpt lat="43.51288" lon="-71.32751">
        <ele>546.79</ele>
      </trkpt>
      <trkpt lat="43.51289" lon="-71.32751">
        <ele>547.01</ele>
      </trkpt>
      <trkpt lat="43.51293" lon="-71.3275">
        <ele>548.29</ele>
      </trkpt>
      <trkpt lat="43.51298" lon="-71.32752">
        <ele>548.54</ele>
      </trkpt>
      <trkpt lat="43.51299" lon="-71.32758">
        <ele>546.7</ele>
      </trkpt>
      <trkpt lat="43.51301" lon="-71.32764">
        <ele>544.72</ele>
      </trkpt>
      <trkpt lat="43.51306" lon="-71.32767">
        <ele>544.55</ele>
      </trkpt>
      <trkpt lat="43.51306" lon="-71.32767">
        <ele>544.55</ele>
      </trkpt>
      <trkpt lat="43.5131" lon="-71.32768">
        <ele>544.67</ele>
      </trkpt>
      <trkpt lat="43.51313" lon="-71.32773">
        <ele>543.26</ele>
      </trkpt>
      <trkpt lat="43.51315" lon="-71.32779">
        <ele>541.49</ele>
      </trkpt>
      <trkpt lat="43.51318" lon="-71.32784">
        <ele>539.66</ele>
      </trkpt>
      <trkpt lat="43.5132" lon="-71.32785">
        <ele>539.44</ele>
      </trkpt>
      <trkpt lat="43.51321" lon="-71.32786">
        <ele>539.12</ele>
      </trkpt>
      <trkpt lat="43.51326" lon="-71.32788">
        <ele>538.79</ele>
      </trkpt>
      <trkpt lat="43.5133" lon="-71.32791">
        <ele>537.93</ele>
      </trkpt>
      <trkpt lat="43.51333" lon="-71.32796">
        <ele>536.09</ele>
      </trkpt>
      <trkpt lat="43.51329" lon="-71.328">
        <ele>533.93</ele>
      </trkpt>
      <trkpt lat="43.51324" lon="-71.32801">
        <ele>532.96</ele>
      </trkpt>
      <trkpt lat="43.51319" lon="-71.32803">
        <ele>531.56</ele>
      </trkpt>
      <trkpt lat="43.51315" lon="-71.32807">
        <ele>529.4</ele>
      </trkpt>
      <trkpt lat="43.51315" lon="-71.32807">
        <ele>529.4</ele>
      </trkpt>
      <trkpt lat="43.51315" lon="-71.32807">
        <ele>529.4</ele>
      </trkpt>
      <trkpt lat="43.51312" lon="-71.32811">
        <ele>527.22</ele>
      </trkpt>
      <trkpt lat="43.51308" lon="-71.32815">
        <ele>525.18</ele>
      </trkpt>
      <trkpt lat="43.51306" lon="-71.32821">
        <ele>522.38</ele>
      </trkpt>
      <trkpt lat="43.51306" lon="-71.32827">
        <ele>519.78</ele>
      </trkpt>
      <trkpt lat="43.51307" lon="-71.32833">
        <ele>517.3</ele>
      </trkpt>
      <trkpt lat="43.5131" lon="-71.32838">
        <ele>516.98</ele>
      </trkpt>
      <trkpt lat="43.51312" lon="-71.32841">
        <ele>516.87</ele>
      </trkpt>
      <trkpt lat="43.51312" lon="-71.32843">
        <ele>516.71</ele>
      </trkpt>
      <trkpt lat="43.51316" lon="-71.32847">
        <ele>517.0</ele>
      </trkpt>
      <trkpt lat="43.51317" lon="-71.32853">
        <ele>517.22</ele>
      </trkpt>
      <trkpt lat="43.51314" lon="-71.32858">
        <ele>518.33</ele>
      </trkpt>
      <trkpt lat="43.51312" lon="-71.32864">
        <ele>519.41</ele>
      </trkpt>
      <trkpt lat="43.51311" lon="-71.3287">
        <ele>520.36</ele>
      </trkpt>
      <trkpt lat="43.51311" lon="-71.32876">
        <ele>521.63</ele>
      </trkpt>
      <trkpt lat="43.51309" lon="-71.32882">
        <ele>523.14</ele>
      </trkpt>
      <trkpt lat="43.51306" lon="-71.32886">
        <ele>524.33</ele>
      </trkpt>
      <trkpt lat="43.51306" lon="-71.32885">
        <ele>524.11</ele>
      </trkpt>
      <trkpt lat="43.51303" lon="-71.32891">
        <ele>525.29</ele>
      </trkpt>
      <trkpt lat="43.51298" lon="-71.32897">
        <ele>526.59</ele>
      </trkpt>
      <trkpt lat="43.51294" lon="-71.32902">
        <ele>527.66</ele>
      </trkpt>
      <trkpt lat="43.5129" lon="-71.32909">
        <ele>528.91</ele>
      </trkpt>
      <trkpt lat="43.51287" lon="-71.32915">
        <ele>529.82</ele>
      </trkpt>
      <trkpt lat="43.51284" lon="-71.32922">
        <ele>530.9</ele>
      </trkpt>
      <trkpt lat="43.51281" lon="-71.32929">
        <ele>531.77</ele>
      </trkpt>
      <trkpt lat="43.5128" lon="-71.32938">
        <ele>532.3</ele>
      </trkpt>
      <trkpt lat="43.51278" lon="-71.32945">
        <ele>533.06</ele>
      </trkpt>
      <trkpt lat="43.51278" lon="-71.32954">
        <ele>533.98</ele>
      </trkpt>
      <trkpt lat="43.51275" lon="-71.32961">
        <ele>534.0</ele>
      </trkpt>
      <trkpt lat="43.51272" lon="-71.32968">
        <ele>534.54</ele>
      </trkpt>
      <trkpt lat="43.51269" lon="-71.32975">
        <ele>535.3</ele>
      </trkpt>
      <trkpt lat="43.51269" lon="-71.32984">
        <ele>536.27</ele>
      </trkpt>
      <trkpt lat="43.51267" lon="-71.32991">
        <ele>537.06</ele>
      </trkpt>
      <trkpt lat="43.51267" lon="-71.32999">
        <ele>538.78</ele>
      </trkpt>
      <trkpt lat="43.51265" lon="-71.33006">
        <ele>539.65</ele>
      </trkpt>
      <trkpt lat="43.51267" lon="-71.33014">
        <ele>540.94</ele>
      </trkpt>
      <trkpt lat="43.51267" lon="-71.33021">
        <ele>542.37</ele>
      </trkpt>
      <trkpt lat="43.51268" lon="-71.33029">
        <ele>544.08</ele>
      </trkpt>
      <trkpt lat="43.51268" lon="-71.33039">
        <ele>545.62</ele>
      </trkpt>
      <trkpt lat="43.51268" lon="-71.33048">
        <ele>548.31</ele>
      </trkpt>
      <trkpt lat="43.51268" lon="-71.33057">
        <ele>550.4</ele>
      </trkpt>
      <trkpt lat="43.51269" lon="-71.33064">
        <ele>552.79</ele>
      </trkpt>
      <trkpt lat="43.51269" lon="-71.33065">
        <ele>553.11</ele>
      </trkpt>
      <trkpt lat="43.51269" lon="-71.33074">
        <ele>556.03</ele>
      </trkpt>
      <trkpt lat="43.51272" lon="-71.33081">
        <ele>558.9</ele>
      </trkpt>
      <trkpt lat="43.51276" lon="-71.33088">
        <ele>562.13</ele>
      </trkpt>
      <trkpt lat="43.51279" lon="-71.33094">
        <ele>564.72</ele>
      </trkpt>
      <trkpt lat="43.51283" lon="-71.331">
        <ele>567.53</ele>
      </trkpt>
      <trkpt lat="43.51284" lon="-71.33108">
        <ele>571.0</ele>
      </trkpt>
      <trkpt lat="43.51284" lon="-71.33117">
        <ele>574.25</ele>
      </trkpt>
      <trkpt lat="43.51283" lon="-71.33125">
        <ele>576.63</ele>
      </trkpt>
      <trkpt lat="43.51282" lon="-71.33134">
        <ele>578.64</ele>
      </trkpt>
      <trkpt lat="43.51281" lon="-71.33142">
        <ele>579.9</ele>
      </trkpt>
      <trkpt lat="43.5128" lon="-71.3315">
        <ele>581.4</ele>
      </trkpt>
      <trkpt lat="43.51279" lon="-71.33159">
        <ele>583.17</ele>
      </trkpt>
      <trkpt lat="43.51279" lon="-71.33168">
        <ele>584.14</ele>
      </trkpt>
      <trkpt lat="43.51279" lon="-71.33177">
        <ele>585.22</ele>
      </trkpt>
      <trkpt lat="43.5128" lon="-71.33185">
        <ele>586.72</ele>
      </trkpt>
      <trkpt lat="43.51281" lon="-71.33194">
        <ele>587.6</ele>
      </trkpt>
      <trkpt lat="43.51282" lon="-71.33202">
        <ele>588.73</ele>
      </trkpt>
      <trkpt lat="43.51284" lon="-71.33209">
        <ele>589.57</ele>
      </trkpt>
      <trkpt lat="43.51284" lon="-71.33219">
        <ele>590.65</ele>
      </trkpt>
      <trkpt lat="43.51282" lon="-71.33226">
        <ele>591.82</ele>
      </trkpt>
      <trkpt lat="43.5128" lon="-71.33234">
        <ele>593.48</ele>
      </trkpt>
      <trkpt lat="43.5128" lon="-71.33241">
        <ele>594.82</ele>
      </trkpt>
      <trkpt lat="43.51282" lon="-71.33248">
        <ele>596.11</ele>
      </trkpt>
      <trkpt lat="43.51284" lon="-71.33256">
        <ele>596.98</ele>
      </trkpt>
      <trkpt lat="43.51285" lon="-71.33262">
        <ele>597.45</ele>
      </trkpt>
      <trkpt lat="43.51287" lon="-71.33269">
        <ele>598.05</ele>
      </trkpt>
      <trkpt lat="43.51285" lon="-71.33277">
        <ele>598.92</ele>
      </trkpt>
      <trkpt lat="43.51285" lon="-71.33284">
        <ele>599.0</ele>
      </trkpt>
      <trkpt lat="43.51284" lon="-71.33292">
        <ele>599.54</ele>
      </trkpt>
      <trkpt lat="43.51284" lon="-71.33302">
        <ele>600.2</ele>
      </trkpt>
      <trkpt lat="43.51283" lon="-71.3331">
        <ele>600.71</ele>
      </trkpt>
      <trkpt lat="43.51282" lon="-71.33318">
        <ele>601.19</ele>
      </trkpt>
      <trkpt lat="43.51281" lon="-71.33327">
        <ele>601.76</ele>
      </trkpt>
      <trkpt lat="43.51279" lon="-71.33335">
        <ele>602.16</ele>
      </trkpt>
      <trkpt lat="43.51278" lon="-71.33343">
        <ele>602.98</ele>
      </trkpt>
      <trkpt lat="43.51278" lon="-71.33353">
        <ele>603.12</ele>
      </trkpt>
      <trkpt lat="43.51278" lon="-71.33362">
        <ele>604.0</ele>
      </trkpt>
      <trkpt lat="43.51278" lon="-71.33371">
        <ele>604.07</ele>
      </trkpt>
      <trkpt lat="43.51277" lon="-71.3338">
        <ele>605.0</ele>
      </trkpt>
      <trkpt lat="43.51277" lon="-71.33389">
        <ele>605.1</ele>
      </trkpt>
      <trkpt lat="43.51274" lon="-71.33395">
        <ele>606.07</ele>
      </trkpt>
      <trkpt lat="43.5127" lon="-71.33402">
        <ele>606.84</ele>
      </trkpt>
      <trkpt lat="43.51267" lon="-71.33408">
        <ele>607.23</ele>
      </trkpt>
      <trkpt lat="43.51263" lon="-71.33414">
        <ele>608.31</ele>
      </trkpt>
      <trkpt lat="43.51263" lon="-71.33421">
        <ele>608.79</ele>
      </trkpt>
      <trkpt lat="43.51264" lon="-71.33425">
        <ele>608.95</ele>
      </trkpt>
      <trkpt lat="43.51264" lon="-71.33425">
        <ele>608.95</ele>
      </trkpt>
      <trkpt lat="43.51264" lon="-71.33425">
        <ele>608.95</ele>
      </trkpt>
      <trkpt lat="43.51263" lon="-71.33421">
        <ele>608.79</ele>
      </trkpt>
      <trkpt lat="43.51263" lon="-71.33414">
        <ele>608.31</ele>
      </trkpt>
      <trkpt lat="43.51267" lon="-71.33408">
        <ele>607.23</ele>
      </trkpt>
      <trkpt lat="43.5127" lon="-71.33402">
        <ele>606.84</ele>
      </trkpt>
      <trkpt lat="43.51274" lon="-71.33395">
        <ele>606.07</ele>
      </trkpt>
      <trkpt lat="43.51277" lon="-71.33389">
        <ele>605.1</ele>
      </trkpt>
      <trkpt lat="43.51277" lon="-71.3338">
        <ele>605.0</ele>
      </trkpt>
      <trkpt lat="43.51278" lon="-71.33371">
        <ele>604.07</ele>
      </trkpt>
      <trkpt lat="43.51278" lon="-71.33362">
        <ele>604.0</ele>
      </trkpt>
      <trkpt lat="43.51278" lon="-71.33353">
        <ele>603.12</ele>
      </trkpt>
      <trkpt lat="43.51278" lon="-71.33343">
        <ele>602.98</ele>
      </trkpt>
      <trkpt lat="43.51277" lon="-71.33335">
        <ele>602.18</ele>
      </trkpt>
      <trkpt lat="43.51273" lon="-71.3333">
        <ele>602.0</ele>
      </trkpt>
      <trkpt lat="43.51269" lon="-71.33323">
        <ele>601.88</ele>
      </trkpt>
      <trkpt lat="43.51265" lon="-71.33318">
        <ele>601.34</ele>
      </trkpt>
      <trkpt lat="43.51261" lon="-71.33312">
        <ele>601.0</ele>
      </trkpt>
      <trkpt lat="43.51256" lon="-71.33307">
        <ele>600.7</ele>
      </trkpt>
      <trkpt lat="43.51251" lon="-71.33302">
        <ele>600.07</ele>
      </trkpt>
      <trkpt lat="43.51245" lon="-71.33298">
        <ele>600.0</ele>
      </trkpt>
      <trkpt lat="43.51239" lon="-71.33295">
        <ele>599.7</ele>
      </trkpt>
      <trkpt lat="43.51234" lon="-71.33292">
        <ele>599.15</ele>
      </trkpt>
      <trkpt lat="43.51228" lon="-71.3329">
        <ele>598.62</ele>
      </trkpt>
      <trkpt lat="43.51223" lon="-71.33287">
        <ele>598.08</ele>
      </trkpt>
      <trkpt lat="43.51222" lon="-71.33287">
        <ele>597.98</ele>
      </trkpt>
      <trkpt lat="43.51217" lon="-71.33286">
        <ele>597.44</ele>
      </trkpt>
      <trkpt lat="43.51212" lon="-71.33284">
        <ele>596.97</ele>
      </trkpt>
      <trkpt lat="43.51206" lon="-71.33281">
        <ele>596.51</ele>
      </trkpt>
      <trkpt lat="43.51201" lon="-71.33278">
        <ele>596.02</ele>
      </trkpt>
      <trkpt lat="43.51195" lon="-71.33277">
        <ele>595.92</ele>
      </trkpt>
      <trkpt lat="43.5119" lon="-71.33273">
        <ele>595.25</ele>
      </trkpt>
      <trkpt lat="43.51184" lon="-71.33274">
        <ele>594.87</ele>
      </trkpt>
      <trkpt lat="43.51178" lon="-71.33273">
        <ele>594.22</ele>
      </trkpt>
      <trkpt lat="43.51173" lon="-71.33274">
        <ele>593.87</ele>
      </trkpt>
      <trkpt lat="43.51167" lon="-71.3327">
        <ele>593.19</ele>
      </trkpt>
      <trkpt lat="43.51162" lon="-71.33267">
        <ele>593.0</ele>
      </trkpt>
      <trkpt lat="43.51156" lon="-71.33264">
        <ele>593.0</ele>
      </trkpt>
      <trkpt lat="43.51151" lon="-71.33262">
        <ele>593.0</ele>
      </trkpt>
      <trkpt lat="43.51145" lon="-71.33259">
        <ele>592.64</ele>
      </trkpt>
      <trkpt lat="43.5114" lon="-71.33256">
        <ele>592.08</ele>
      </trkpt>
      <trkpt lat="43.51136" lon="-71.33255">
        <ele>592.0</ele>
      </trkpt>
      <trkpt lat="43.51134" lon="-71.33254">
        <ele>592.0</ele>
      </trkpt>
      <trkpt lat="43.51128" lon="-71.33249">
        <ele>591.89</ele>
      </trkpt>
      <trkpt lat="43.51123" lon="-71.33245">
        <ele>591.46</ele>
      </trkpt>
      <trkpt lat="43.51118" lon="-71.33242">
        <ele>591.14</ele>
      </trkpt>
      <trkpt lat="43.51111" lon="-71.33241">
        <ele>591.03</ele>
      </trkpt>
      <trkpt lat="43.51101" lon="-71.3324">
        <ele>590.83</ele>
      </trkpt>
      <trkpt lat="43.51094" lon="-71.33238">
        <ele>589.86</ele>
      </trkpt>
      <trkpt lat="43.51086" lon="-71.33237">
        <ele>588.88</ele>
      </trkpt>
      <trkpt lat="43.51078" lon="-71.33238">
        <ele>588.13</ele>
      </trkpt>
      <trkpt lat="43.51069" lon="-71.33237">
        <ele>587.27</ele>
      </trkpt>
      <trkpt lat="43.51065" lon="-71.33237">
        <ele>587.01</ele>
      </trkpt>
      <trkpt lat="43.51056" lon="-71.33233">
        <ele>586.05</ele>
      </trkpt>
      <trkpt lat="43.5105" lon="-71.3323">
        <ele>585.24</ele>
      </trkpt>
      <trkpt lat="43.51044" lon="-71.33228">
        <ele>584.13</ele>
      </trkpt>
      <trkpt lat="43.51038" lon="-71.33228">
        <ele>582.83</ele>
      </trkpt>
      <trkpt lat="43.51034" lon="-71.33229">
        <ele>582.08</ele>
      </trkpt>
      <trkpt lat="43.51034" lon="-71.33229">
        <ele>582.08</ele>
      </trkpt>
      <trkpt lat="43.51029" lon="-71.33228">
        <ele>580.89</ele>
      </trkpt>
      <trkpt lat="43.51025" lon="-71.33226">
        <ele>579.33</ele>
      </trkpt>
      <trkpt lat="43.5102" lon="-71.33227">
        <ele>577.59</ele>
      </trkpt>
      <trkpt lat="43.51017" lon="-71.3323">
        <ele>577.02</ele>
      </trkpt>
      <trkpt lat="43.51016" lon="-71.3323">
        <ele>576.59</ele>
      </trkpt>
      <trkpt lat="43.51013" lon="-71.33234">
        <ele>576.05</ele>
      </trkpt>
      <trkpt lat="43.5101" lon="-71.33238">
        <ele>575.67</ele>
      </trkpt>
      <trkpt lat="43.51007" lon="-71.33244">
        <ele>575.62</ele>
      </trkpt>
      <trkpt lat="43.51005" lon="-71.33249">
        <ele>575.51</ele>
      </trkpt>
      <trkpt lat="43.51002" lon="-71.33253">
        <ele>574.9</ele>
      </trkpt>
      <trkpt lat="43.50999" lon="-71.33258">
        <ele>574.63</ele>
      </trkpt>
      <trkpt lat="43.50998" lon="-71.33257">
        <ele>574.27</ele>
      </trkpt>
      <trkpt lat="43.50996" lon="-71.33263">
        <ele>574.31</ele>
      </trkpt>
      <trkpt lat="43.50992" lon="-71.33267">
        <ele>573.99</ele>
      </trkpt>
      <trkpt lat="43.50989" lon="-71.33272">
        <ele>573.69</ele>
      </trkpt>
      <trkpt lat="43.50986" lon="-71.33276">
        <ele>573.39</ele>
      </trkpt>
      <trkpt lat="43.50984" lon="-71.33278">
        <ele>573.27</ele>
      </trkpt>
      <trkpt lat="43.50983" lon="-71.33278">
        <ele>573.16</ele>
      </trkpt>
      <trkpt lat="43.50979" lon="-71.33282">
        <ele>572.32</ele>
      </trkpt>
      <trkpt lat="43.50976" lon="-71.33286">
        <ele>571.75</ele>
      </trkpt>
      <trkpt lat="43.50972" lon="-71.3329">
        <ele>570.94</ele>
      </trkpt>
      <trkpt lat="43.50969" lon="-71.33295">
        <ele>570.26</ele>
      </trkpt>
      <trkpt lat="43.50966" lon="-71.33299">
        <ele>569.66</ele>
      </trkpt>
      <trkpt lat="43.50965" lon="-71.333">
        <ele>569.44</ele>
      </trkpt>
      <trkpt lat="43.50965" lon="-71.333">
        <ele>569.44</ele>
      </trkpt>
      <trkpt lat="43.50962" lon="-71.33303">
        <ele>568.79</ele>
      </trkpt>
      <trkpt lat="43.50958" lon="-71.33308">
        <ele>567.93</ele>
      </trkpt>
      <trkpt lat="43.50955" lon="-71.33312">
        <ele>567.28</ele>
      </trkpt>
      <trkpt lat="43.50952" lon="-71.33313">
        <ele>566.63</ele>
      </trkpt>
      <trkpt lat="43.50951" lon="-71.33313">
        <ele>566.42</ele>
      </trkpt>
      <trkpt lat="43.50947" lon="-71.33314">
        <ele>565.55</ele>
      </trkpt>
      <trkpt lat="43.50942" lon="-71.33314">
        <ele>564.45</ele>
      </trkpt>
      <trkpt lat="43.50938" lon="-71.33313">
        <ele>563.47</ele>
      </trkpt>
      <trkpt lat="43.50934" lon="-71.33313">
        <ele>562.55</ele>
      </trkpt>
      <trkpt lat="43.50934" lon="-71.33313">
        <ele>562.55</ele>
      </trkpt>
      <trkpt lat="43.5093" lon="-71.33315">
        <ele>561.88</ele>
      </trkpt>
      <trkpt lat="43.50926" lon="-71.33319">
        <ele>561.02</ele>
      </trkpt>
      <trkpt lat="43.50923" lon="-71.33323">
        <ele>560.33</ele>
      </trkpt>
      <trkpt lat="43.50922" lon="-71.33324">
        <ele>560.15</ele>
      </trkpt>
      <trkpt lat="43.50921" lon="-71.33324">
        <ele>559.93</ele>
      </trkpt>
      <trkpt lat="43.50917" lon="-71.33327">
        <ele>559.07</ele>
      </trkpt>
      <trkpt lat="43.50913" lon="-71.3333">
        <ele>557.81</ele>
      </trkpt>
      <trkpt lat="43.50908" lon="-71.33329">
        <ele>556.19</ele>
      </trkpt>
      <trkpt lat="43.50904" lon="-71.3333">
        <ele>554.76</ele>
      </trkpt>
      <trkpt lat="43.50902" lon="-71.33331">
        <ele>554.1</ele>
      </trkpt>
      <trkpt lat="43.50902" lon="-71.33331">
        <ele>554.1</ele>
      </trkpt>
      <trkpt lat="43.50898" lon="-71.33332">
        <ele>552.81</ele>
      </trkpt>
      <trkpt lat="43.50894" lon="-71.33335">
        <ele>551.74</ele>
      </trkpt>
      <trkpt lat="43.5089" lon="-71.3334">
        <ele>550.99</ele>
      </trkpt>
      <trkpt lat="43.50887" lon="-71.33345">
        <ele>550.39</ele>
      </trkpt>
      <trkpt lat="43.50887" lon="-71.33345">
        <ele>550.39</ele>
      </trkpt>
      <trkpt lat="43.50886" lon="-71.33348">
        <ele>550.06</ele>
      </trkpt>
      <trkpt lat="43.50881" lon="-71.33353">
        <ele>548.43</ele>
      </trkpt>
      <trkpt lat="43.50877" lon="-71.33359">
        <ele>547.65</ele>
      </trkpt>
      <trkpt lat="43.50872" lon="-71.33365">
        <ele>546.83</ele>
      </trkpt>
      <trkpt lat="43.50868" lon="-71.3337">
        <ele>545.77</ele>
      </trkpt>
      <trkpt lat="43.50864" lon="-71.33376">
        <ele>545.31</ele>
      </trkpt>
      <trkpt lat="43.5086" lon="-71.33382">
        <ele>544.53</ele>
      </trkpt>
      <trkpt lat="43.50856" lon="-71.33386">
        <ele>543.59</ele>
      </trkpt>
      <trkpt lat="43.5085" lon="-71.33386">
        <ele>542.8</ele>
      </trkpt>
      <trkpt lat="43.50845" lon="-71.33386">
        <ele>542.26</ele>
      </trkpt>
      <trkpt lat="43.50839" lon="-71.33382">
        <ele>541.61</ele>
      </trkpt>
      <trkpt lat="43.50835" lon="-71.3338">
        <ele>541.18</ele>
      </trkpt>
      <trkpt lat="43.50834" lon="-71.33379">
        <ele>541.07</ele>
      </trkpt>
      <trkpt lat="43.50828" lon="-71.33375">
        <ele>540.42</ele>
      </trkpt>
      <trkpt lat="43.50822" lon="-71.3337">
        <ele>539.52</ele>
      </trkpt>
      <trkpt lat="43.50817" lon="-71.33368">
        <ele>538.41</ele>
      </trkpt>
      <trkpt lat="43.50811" lon="-71.3337">
        <ele>537.98</ele>
      </trkpt>
      <trkpt lat="43.50806" lon="-71.33375">
        <ele>538.02</ele>
      </trkpt>
      <trkpt lat="43.508" lon="-71.33378">
        <ele>538.0</ele>
      </trkpt>
      <trkpt lat="43.50795" lon="-71.33381">
        <ele>538.13</ele>
      </trkpt>
      <trkpt lat="43.50789" lon="-71.33384">
        <ele>538.1</ele>
      </trkpt>
      <trkpt lat="43.50783" lon="-71.33386">
        <ele>538.0</ele>
      </trkpt>
      <trkpt lat="43.50778" lon="-71.33388">
        <ele>538.0</ele>
      </trkpt>
      <trkpt lat="43.50774" lon="-71.33389">
        <ele>538.01</ele>
      </trkpt>
      <trkpt lat="43.50772" lon="-71.3339">
        <ele>538.12</ele>
      </trkpt>
      <trkpt lat="43.50767" lon="-71.33393">
        <ele>538.44</ele>
      </trkpt>
      <trkpt lat="43.50761" lon="-71.33394">
        <ele>538.55</ele>
      </trkpt>
      <trkpt lat="43.50756" lon="-71.33393">
        <ele>538.64</ele>
      </trkpt>
      <trkpt lat="43.5075" lon="-71.33394">
        <ele>539.0</ele>
      </trkpt>
      <trkpt lat="43.50745" lon="-71.33394">
        <ele>539.54</ele>
      </trkpt>
      <trkpt lat="43.50739" lon="-71.33393">
        <ele>540.19</ele>
      </trkpt>
      <trkpt lat="43.50733" lon="-71.33392">
        <ele>540.84</ele>
      </trkpt>
      <trkpt lat="43.50728" lon="-71.33393">
        <ele>541.38</ele>
      </trkpt>
      <trkpt lat="43.50722" lon="-71.33392">
        <ele>542.06</ele>
      </trkpt>
      <trkpt lat="43.50717" lon="-71.33393">
        <ele>543.38</ele>
      </trkpt>
      <trkpt lat="43.50711" lon="-71.33392">
        <ele>544.97</ele>
      </trkpt>
      <trkpt lat="43.50706" lon="-71.33393">
        <ele>546.7</ele>
      </trkpt>
      <trkpt lat="43.507" lon="-71.33393">
        <ele>548.47</ele>
      </trkpt>
      <trkpt lat="43.50695" lon="-71.33393">
        <ele>549.85</ele>
      </trkpt>
      <trkpt lat="43.50689" lon="-71.33389">
        <ele>551.18</ele>
      </trkpt>
      <trkpt lat="43.50683" lon="-71.33386">
        <ele>552.16</ele>
      </trkpt>
      <trkpt lat="43.50678" lon="-71.33382">
        <ele>552.81</ele>
      </trkpt>
      <trkpt lat="43.50674" lon="-71.33378">
        <ele>553.28</ele>
      </trkpt>
      <trkpt lat="43.50672" lon="-71.33377">
        <ele>553.68</ele>
      </trkpt>
      <trkpt lat="43.50667" lon="-71.33375">
        <ele>554.91</ele>
      </trkpt>
      <trkpt lat="43.50661" lon="-71.33371">
        <ele>555.61</ele>
      </trkpt>
      <trkpt lat="43.50656" lon="-71.33371">
        <ele>556.15</ele>
      </trkpt>
      <trkpt lat="43.5065" lon="-71.3337">
        <ele>556.76</ele>
      </trkpt>
      <trkpt lat="43.50645" lon="-71.33371">
        <ele>557.34</ele>
      </trkpt>
      <trkpt lat="43.50644" lon="-71.33371">
        <ele>557.45</ele>
      </trkpt>
      <trkpt lat="43.50644" lon="-71.3337">
        <ele>557.41</ele>
      </trkpt>
      <trkpt lat="43.5064" lon="-71.33369">
        <ele>557.73</ele>
      </trkpt>
      <trkpt lat="43.50636" lon="-71.33365">
        <ele>557.73</ele>
      </trkpt>
      <trkpt lat="43.50634" lon="-71.33363">
        <ele>557.73</ele>
      </trkpt>
      <trkpt lat="43.50634" lon="-71.33363">
        <ele>557.73</ele>
      </trkpt>
      <trkpt lat="43.5063" lon="-71.3336">
        <ele>557.96</ele>
      </trkpt>
      <trkpt lat="43.50625" lon="-71.3336">
        <ele>558.5</ele>
      </trkpt>
      <trkpt lat="43.50621" lon="-71.33363">
        <ele>559.14</ele>
      </trkpt>
      <trkpt lat="43.50619" lon="-71.33366">
        <ele>559.68</ele>
      </trkpt>
      <trkpt lat="43.50607" lon="-71.33376">
        <ele>562.23</ele>
      </trkpt>
      <trkpt lat="43.50597" lon="-71.33382">
        <ele>564.3</ele>
      </trkpt>
      <trkpt lat="43.50589" lon="-71.3339">
        <ele>566.43</ele>
      </trkpt>
      <trkpt lat="43.50582" lon="-71.33395">
        <ele>567.8</ele>
      </trkpt>
      <trkpt lat="43.50576" lon="-71.33399">
        <ele>568.79</ele>
      </trkpt>
      <trkpt lat="43.50572" lon="-71.33398">
        <ele>569.21</ele>
      </trkpt>
      <trkpt lat="43.50567" lon="-71.33396">
        <ele>569.71</ele>
      </trkpt>
      <trkpt lat="43.50561" lon="-71.33396">
        <ele>570.41</ele>
      </trkpt>
      <trkpt lat="43.50556" lon="-71.33397">
        <ele>570.95</ele>
      </trkpt>
      <trkpt lat="43.50551" lon="-71.33399">
        <ele>571.49</ele>
      </trkpt>
      <trkpt lat="43.50547" lon="-71.33402">
        <ele>571.92</ele>
      </trkpt>
      <trkpt lat="43.5054" lon="-71.33405">
        <ele>572.86</ele>
      </trkpt>
      <trkpt lat="43.50539" lon="-71.33405">
        <ele>572.99</ele>
      </trkpt>
      <trkpt lat="43.50533" lon="-71.33403">
        <ele>574.35</ele>
      </trkpt>
      <trkpt lat="43.50529" lon="-71.33397">
        <ele>575.74</ele>
      </trkpt>
      <trkpt lat="43.50527" lon="-71.3339">
        <ele>576.17</ele>
      </trkpt>
      <trkpt lat="43.50524" lon="-71.33383">
        <ele>576.82</ele>
      </trkpt>
      <trkpt lat="43.50523" lon="-71.33374">
        <ele>577.03</ele>
      </trkpt>
      <trkpt lat="43.50521" lon="-71.33367">
        <ele>577.46</ele>
      </trkpt>
      <trkpt lat="43.50521" lon="-71.33358">
        <ele>577.46</ele>
      </trkpt>
      <trkpt lat="43.50519" lon="-71.33353">
        <ele>577.9</ele>
      </trkpt>
      <trkpt lat="43.50518" lon="-71.33352">
        <ele>578.11</ele>
      </trkpt>
      <trkpt lat="43.50515" lon="-71.33344">
        <ele>578.23</ele>
      </trkpt>
      <trkpt lat="43.5051" lon="-71.3334">
        <ele>579.5</ele>
      </trkpt>
      <trkpt lat="43.50506" lon="-71.33334">
        <ele>580.1</ele>
      </trkpt>
      <trkpt lat="43.505" lon="-71.3333">
        <ele>581.64</ele>
      </trkpt>
      <trkpt lat="43.50495" lon="-71.33327">
        <ele>582.4</ele>
      </trkpt>
      <trkpt lat="43.50489" lon="-71.33323">
        <ele>583.26</ele>
      </trkpt>
      <trkpt lat="43.50483" lon="-71.33323">
        <ele>584.56</ele>
      </trkpt>
      <trkpt lat="43.50478" lon="-71.33323">
        <ele>585.26</ele>
      </trkpt>
      <trkpt lat="43.50473" lon="-71.33324">
        <ele>585.91</ele>
      </trkpt>
      <trkpt lat="43.50472" lon="-71.33324">
        <ele>586.02</ele>
      </trkpt>
      <trkpt lat="43.50467" lon="-71.33325">
        <ele>586.66</ele>
      </trkpt>
      <trkpt lat="43.50461" lon="-71.33326">
        <ele>587.38</ele>
      </trkpt>
      <trkpt lat="43.50461" lon="-71.33326">
        <ele>587.38</ele>
      </trkpt>
      <trkpt lat="43.50457" lon="-71.33329">
        <ele>587.83</ele>
      </trkpt>
      <trkpt lat="43.50454" lon="-71.33334">
        <ele>588.07</ele>
      </trkpt>
      <trkpt lat="43.5045" lon="-71.33333">
        <ele>588.39</ele>
      </trkpt>
      <trkpt lat="43.50448" lon="-71.33327">
        <ele>588.19</ele>
      </trkpt>
      <trkpt lat="43.50447" lon="-71.33325">
        <ele>588.07</ele>
      </trkpt>
      <trkpt lat="43.50448" lon="-71.33324">
        <ele>587.99</ele>
      </trkpt>
      <trkpt lat="43.50445" lon="-71.33321">
        <ele>587.67</ele>
      </trkpt>
      <trkpt lat="43.50441" lon="-71.33315">
        <ele>587.02</ele>
      </trkpt>
      <trkpt lat="43.50437" lon="-71.33309">
        <ele>586.37</ele>
      </trkpt>
      <trkpt lat="43.50432" lon="-71.33304">
        <ele>585.94</ele>
      </trkpt>
      <trkpt lat="43.50429" lon="-71.33298">
        <ele>585.45</ele>
      </trkpt>
      <trkpt lat="43.50424" lon="-71.33293">
        <ele>584.51</ele>
      </trkpt>
      <trkpt lat="43.50422" lon="-71.33285">
        <ele>583.78</ele>
      </trkpt>
      <trkpt lat="43.50422" lon="-71.33276">
        <ele>582.81</ele>
      </trkpt>
      <trkpt lat="43.50422" lon="-71.33266">
        <ele>581.73</ele>
      </trkpt>
      <trkpt lat="43.50424" lon="-71.33258">
        <ele>580.86</ele>
      </trkpt>
      <trkpt lat="43.50428" lon="-71.33255">
        <ele>580.32</ele>
      </trkpt>
      <trkpt lat="43.50434" lon="-71.33255">
        <ele>579.67</ele>
      </trkpt>
      <trkpt lat="43.50439" lon="-71.33254">
        <ele>579.02</ele>
      </trkpt>
      <trkpt lat="43.5044" lon="-71.33254">
        <ele>578.91</ele>
      </trkpt>
      <trkpt lat="43.50445" lon="-71.33255">
        <ele>578.48</ele>
      </trkpt>
      <trkpt lat="43.5045" lon="-71.33254">
        <ele>577.83</ele>
      </trkpt>
      <trkpt lat="43.50456" lon="-71.33254">
        <ele>576.94</ele>
      </trkpt>
      <trkpt lat="43.5046" lon="-71.33251">
        <ele>575.75</ele>
      </trkpt>
      <trkpt lat="43.50464" lon="-71.33244">
        <ele>574.17</ele>
      </trkpt>
      <trkpt lat="43.50467" lon="-71.33238">
        <ele>573.13</ele>
      </trkpt>
      <trkpt lat="43.50473" lon="-71.33235">
        <ele>571.86</ele>
      </trkpt>
      <trkpt lat="43.50476" lon="-71.33234">
        <ele>571.29</ele>
      </trkpt>
      <trkpt lat="43.50478" lon="-71.33234">
        <ele>570.92</ele>
      </trkpt>
      <trkpt lat="43.50484" lon="-71.33231">
        <ele>569.4</ele>
      </trkpt>
      <trkpt lat="43.50489" lon="-71.3323">
        <ele>568.22</ele>
      </trkpt>
      <trkpt lat="43.50495" lon="-71.33227">
        <ele>566.83</ele>
      </trkpt>
      <trkpt lat="43.505" lon="-71.33224">
        <ele>565.38</ele>
      </trkpt>
      <trkpt lat="43.50506" lon="-71.33223">
        <ele>564.47</ele>
      </trkpt>
      <trkpt lat="43.50511" lon="-71.33224">
        <ele>563.82</ele>
      </trkpt>
      <trkpt lat="43.50517" lon="-71.33223">
        <ele>562.41</ele>
      </trkpt>
      <trkpt lat="43.50523" lon="-71.33224">
        <ele>561.22</ele>
      </trkpt>
      <trkpt lat="43.50528" lon="-71.33225">
        <ele>560.25</ele>
      </trkpt>
      <trkpt lat="43.50534" lon="-71.33225">
        <ele>558.96</ele>
      </trkpt>
      <trkpt lat="43.50539" lon="-71.33224">
        <ele>557.77</ele>
      </trkpt>
      <trkpt lat="43.50541" lon="-71.33225">
        <ele>557.44</ele>
      </trkpt>
      <trkpt lat="43.50545" lon="-71.33225">
        <ele>556.58</ele>
      </trkpt>
      <trkpt lat="43.5055" lon="-71.33224">
        <ele>555.39</ele>
      </trkpt>
      <trkpt lat="43.50556" lon="-71.33225">
        <ele>554.2</ele>
      </trkpt>
      <trkpt lat="43.50561" lon="-71.33226">
        <ele>553.23</ele>
      </trkpt>
      <trkpt lat="43.50567" lon="-71.33227">
        <ele>552.04</ele>
      </trkpt>
      <trkpt lat="43.50573" lon="-71.33228">
        <ele>550.86</ele>
      </trkpt>
      <trkpt lat="43.50578" lon="-71.33229">
        <ele>549.88</ele>
      </trkpt>
      <trkpt lat="43.50584" lon="-71.33229">
        <ele>548.59</ele>
      </trkpt>
      <trkpt lat="43.50588" lon="-71.33225">
        <ele>547.29</ele>
      </trkpt>
      <trkpt lat="43.50592" lon="-71.33219">
        <ele>545.43</ele>
      </trkpt>
      <trkpt lat="43.50595" lon="-71.33212">
        <ele>543.01</ele>
      </trkpt>
      <trkpt lat="43.50599" lon="-71.33207">
        <ele>540.64</ele>
      </trkpt>
      <trkpt lat="43.506" lon="-71.33199">
        <ele>538.08</ele>
      </trkpt>
      <trkpt lat="43.506" lon="-71.33198">
        <ele>537.75</ele>
      </trkpt>
      <trkpt lat="43.50599" lon="-71.3319">
        <ele>535.82</ele>
      </trkpt>
      <trkpt lat="43.50597" lon="-71.33183">
        <ele>534.69</ele>
      </trkpt>
      <trkpt lat="43.50595" lon="-71.33175">
        <ele>533.61</ele>
      </trkpt>
      <trkpt lat="43.50593" lon="-71.33168">
        <ele>533.06</ele>
      </trkpt>
      <trkpt lat="43.50592" lon="-71.3316">
        <ele>531.67</ele>
      </trkpt>
      <trkpt lat="43.50591" lon="-71.33151">
        <ele>529.96</ele>
      </trkpt>
      <trkpt lat="43.50589" lon="-71.33143">
        <ele>528.11</ele>
      </trkpt>
      <trkpt lat="43.5059" lon="-71.33134">
        <ele>525.36</ele>
      </trkpt>
      <trkpt lat="43.50591" lon="-71.33126">
        <ele>523.39</ele>
      </trkpt>
      <trkpt lat="43.50595" lon="-71.33122">
        <ele>522.05</ele>
      </trkpt>
      <trkpt lat="43.50601" lon="-71.33123">
        <ele>521.4</ele>
      </trkpt>
      <trkpt lat="43.50605" lon="-71.33122">
        <ele>520.9</ele>
      </trkpt>
      <trkpt lat="43.50606" lon="-71.33122">
        <ele>520.81</ele>
      </trkpt>
      <trkpt lat="43.50612" lon="-71.33121">
        <ele>520.04</ele>
      </trkpt>
      <trkpt lat="43.50617" lon="-71.3312">
        <ele>519.26</ele>
      </trkpt>
      <trkpt lat="43.50623" lon="-71.33119">
        <ele>518.27</ele>
      </trkpt>
      <trkpt lat="43.50628" lon="-71.33117">
        <ele>517.08</ele>
      </trkpt>
      <trkpt lat="43.50634" lon="-71.33116">
        <ele>515.86</ele>
      </trkpt>
      <trkpt lat="43.5064" lon="-71.33115">
        <ele>514.65</ele>
      </trkpt>
      <trkpt lat="43.50645" lon="-71.33115">
        <ele>513.8</ele>
      </trkpt>
      <trkpt lat="43.50651" lon="-71.33113">
        <ele>512.0</ele>
      </trkpt>
      <trkpt lat="43.50656" lon="-71.33112">
        <ele>510.59</ele>
      </trkpt>
      <trkpt lat="43.50662" lon="-71.33111">
        <ele>509.47</ele>
      </trkpt>
      <trkpt lat="43.50667" lon="-71.33112">
        <ele>509.22</ele>
      </trkpt>
      <trkpt lat="43.50673" lon="-71.33107">
        <ele>506.6</ele>
      </trkpt>
      <trkpt lat="43.50678" lon="-71.33105">
        <ele>505.46</ele>
      </trkpt>
      <trkpt lat="43.50683" lon="-71.33099">
        <ele>503.62</ele>
      </trkpt>
      <trkpt lat="43.50688" lon="-71.33094">
        <ele>502.0</ele>
      </trkpt>
      <trkpt lat="43.50691" lon="-71.33087">
        <ele>500.16</ele>
      </trkpt>
      <trkpt lat="43.50694" lon="-71.3308">
        <ele>498.33</ele>
      </trkpt>
      <trkpt lat="43.50695" lon="-71.33072">
        <ele>496.49</ele>
      </trkpt>
      <trkpt lat="43.50694" lon="-71.33064">
        <ele>494.82</ele>
      </trkpt>
      <trkpt lat="43.50692" lon="-71.33056">
        <ele>493.1</ele>
      </trkpt>
      <trkpt lat="43.5069" lon="-71.33049">
        <ele>491.92</ele>
      </trkpt>
      <trkpt lat="43.5069" lon="-71.3304">
        <ele>490.47</ele>
      </trkpt>
      <trkpt lat="43.50691" lon="-71.33032">
        <ele>489.11</ele>
      </trkpt>
      <trkpt lat="43.50694" lon="-71.33026">
        <ele>487.86</ele>
      </trkpt>
      <trkpt lat="43.50694" lon="-71.33025">
        <ele>487.75</ele>
      </trkpt>
      <trkpt lat="43.50697" lon="-71.33018">
        <ele>486.65</ele>
      </trkpt>
      <trkpt lat="43.50702" lon="-71.33014">
        <ele>485.3</ele>
      </trkpt>
      <trkpt lat="43.50705" lon="-71.3301">
        <ele>484.02</ele>
      </trkpt>
      <trkpt lat="43.50711" lon="-71.33008">
        <ele>483.08</ele>
      </trkpt>
      <trkpt lat="43.50712" lon="-71.33002">
        <ele>482.32</ele>
      </trkpt>
      <trkpt lat="43.50713" lon="-71.32996">
        <ele>481.13</ele>
      </trkpt>
      <trkpt lat="43.50715" lon="-71.32988">
        <ele>479.42</ele>
      </trkpt>
      <trkpt lat="43.50713" lon="-71.32981">
        <ele>478.89</ele>
      </trkpt>
      <trkpt lat="43.50713" lon="-71.32974">
        <ele>477.38</ele>
      </trkpt>
      <trkpt lat="43.50712" lon="-71.32965">
        <ele>475.65</ele>
      </trkpt>
      <trkpt lat="43.50711" lon="-71.32957">
        <ele>474.64</ele>
      </trkpt>
      <trkpt lat="43.5071" lon="-71.32949">
        <ele>473.3</ele>
      </trkpt>
      <trkpt lat="43.50708" lon="-71.32941">
        <ele>471.79</ele>
      </trkpt>
      <trkpt lat="43.50707" lon="-71.32935">
        <ele>470.58</ele>
      </trkpt>
      <trkpt lat="43.50707" lon="-71.32933">
        <ele>469.94</ele>
      </trkpt>
      <trkpt lat="43.50708" lon="-71.32925">
        <ele>467.29</ele>
      </trkpt>
      <trkpt lat="43.50713" lon="-71.3292">
        <ele>465.08</ele>
      </trkpt>
      <trkpt lat="43.50717" lon="-71.32913">
        <ele>463.21</ele>
      </trkpt>
      <trkpt lat="43.50721" lon="-71.32908">
        <ele>462.13</ele>
      </trkpt>
      <trkpt lat="43.50725" lon="-71.32902">
        <ele>461.24</ele>
      </trkpt>
      <trkpt lat="43.5073" lon="-71.329">
        <ele>460.53</ele>
      </trkpt>
      <trkpt lat="43.50733" lon="-71.32896">
        <ele>459.73</ele>
      </trkpt>
      <trkpt lat="43.50739" lon="-71.32894">
        <ele>459.19</ele>
      </trkpt>
      <trkpt lat="43.50742" lon="-71.32888">
        <ele>457.81</ele>
      </trkpt>
      <trkpt lat="43.50747" lon="-71.32882">
        <ele>456.51</ele>
      </trkpt>
      <trkpt lat="43.50751" lon="-71.32877">
        <ele>455.35</ele>
      </trkpt>
      <trkpt lat="43.50757" lon="-71.32872">
        <ele>454.22</ele>
      </trkpt>
      <trkpt lat="43.50761" lon="-71.32866">
        <ele>453.14</ele>
      </trkpt>
      <trkpt lat="43.50761" lon="-71.32866">
        <ele>453.14</ele>
      </trkpt>
      <trkpt lat="43.50766" lon="-71.32861">
        <ele>452.71</ele>
      </trkpt>
      <trkpt lat="43.5077" lon="-71.32855">
        <ele>451.79</ele>
      </trkpt>
      <trkpt lat="43.50775" lon="-71.3285">
        <ele>451.5</ele>
      </trkpt>
      <trkpt lat="43.50779" lon="-71.32844">
        <ele>451.15</ele>
      </trkpt>
      <trkpt lat="43.50785" lon="-71.32839">
        <ele>450.22</ele>
      </trkpt>
      <trkpt lat="43.5079" lon="-71.32835">
        <ele>449.62</ele>
      </trkpt>
      <trkpt lat="43.50795" lon="-71.32829">
        <ele>448.99</ele>
      </trkpt>
      <trkpt lat="43.508" lon="-71.32824">
        <ele>447.99</ele>
      </trkpt>
      <trkpt lat="43.50803" lon="-71.32817">
        <ele>447.24</ele>
      </trkpt>
      <trkpt lat="43.50806" lon="-71.3281">
        <ele>445.98</ele>
      </trkpt>
      <trkpt lat="43.50809" lon="-71.32804">
        <ele>445.2</ele>
      </trkpt>
      <trkpt lat="43.50813" lon="-71.32797">
        <ele>444.88</ele>
      </trkpt>
      <trkpt lat="43.50816" lon="-71.32791">
        <ele>444.43</ele>
      </trkpt>
      <trkpt lat="43.5082" lon="-71.32785">
        <ele>443.78</ele>
      </trkpt>
      <trkpt lat="43.50825" lon="-71.32779">
        <ele>443.23</ele>
      </trkpt>
      <trkpt lat="43.50829" lon="-71.32774">
        <ele>443.31</ele>
      </trkpt>
      <trkpt lat="43.50835" lon="-71.32769">
        <ele>443.22</ele>
      </trkpt>
      <trkpt lat="43.5084" lon="-71.32766">
        <ele>443.45</ele>
      </trkpt>
      <trkpt lat="43.50846" lon="-71.32763">
        <ele>443.4</ele>
      </trkpt>
      <trkpt lat="43.50852" lon="-71.32762">
        <ele>443.31</ele>
      </trkpt>
      <trkpt lat="43.50856" lon="-71.32758">
        <ele>443.31</ele>
      </trkpt>
      <trkpt lat="43.50859" lon="-71.32752">
        <ele>442.99</ele>
      </trkpt>
      <trkpt lat="43.50863" lon="-71.32745">
        <ele>442.55</ele>
      </trkpt>
      <trkpt lat="43.50866" lon="-71.32739">
        <ele>441.81</ele>
      </trkpt>
      <trkpt lat="43.50869" lon="-71.32732">
        <ele>441.06</ele>
      </trkpt>
      <trkpt lat="43.50872" lon="-71.32726">
        <ele>441.07</ele>
      </trkpt>
      <trkpt lat="43.50873" lon="-71.32717">
        <ele>440.44</ele>
      </trkpt>
      <trkpt lat="43.50874" lon="-71.32708">
        <ele>439.46</ele>
      </trkpt>
      <trkpt lat="43.50874" lon="-71.32699">
        <ele>438.69</ele>
      </trkpt>
      <trkpt lat="43.50874" lon="-71.32694">
        <ele>438.34</ele>
      </trkpt>
      <trkpt lat="43.50874" lon="-71.3269">
        <ele>437.91</ele>
      </trkpt>
      <trkpt lat="43.50874" lon="-71.32681">
        <ele>437.21</ele>
      </trkpt>
      <trkpt lat="43.50873" lon="-71.32672">
        <ele>436.58</ele>
      </trkpt>
      <trkpt lat="43.50867" lon="-71.32668">
        <ele>436.09</ele>
      </trkpt>
      <trkpt lat="43.50864" lon="-71.32661">
        <ele>435.39</ele>
      </trkpt>
      <trkpt lat="43.50859" lon="-71.32657">
        <ele>434.96</ele>
      </trkpt>
      <trkpt lat="43.50857" lon="-71.32649">
        <ele>434.09</ele>
      </trkpt>
      <trkpt lat="43.50855" lon="-71.32641">
        <ele>433.23</ele>
      </trkpt>
      <trkpt lat="43.50853" lon="-71.32634">
        <ele>433.0</ele>
      </trkpt>
      <trkpt lat="43.50853" lon="-71.32627">
        <ele>432.72</ele>
      </trkpt>
      <trkpt lat="43.50855" lon="-71.32619">
        <ele>431.9</ele>
      </trkpt>
      <trkpt lat="43.50857" lon="-71.32611">
        <ele>431.55</ele>
      </trkpt>
      <trkpt lat="43.50857" lon="-71.32602">
        <ele>431.01</ele>
      </trkpt>
      <trkpt lat="43.50855" lon="-71.32595">
        <ele>430.26</ele>
      </trkpt>
      <trkpt lat="43.50854" lon="-71.32587">
        <ele>430.0</ele>
      </trkpt>
      <trkpt lat="43.50853" lon="-71.32578">
        <ele>429.42</ele>
      </trkpt>
      <trkpt lat="43.50852" lon="-71.3257">
        <ele>428.56</ele>
      </trkpt>
      <trkpt lat="43.50852" lon="-71.32561">
        <ele>427.59</ele>
      </trkpt>
      <trkpt lat="43.50852" lon="-71.32552">
        <ele>426.63</ele>
      </trkpt>
      <trkpt lat="43.50852" lon="-71.32542">
        <ele>426.02</ele>
      </trkpt>
      <trkpt lat="43.50852" lon="-71.32533">
        <ele>425.58</ele>
      </trkpt>
      <trkpt lat="43.50851" lon="-71.32525">
        <ele>424.7</ele>
      </trkpt>
      <trkpt lat="43.5085" lon="-71.32516">
        <ele>423.73</ele>
      </trkpt>
      <trkpt lat="43.50848" lon="-71.32509">
        <ele>422.97</ele>
      </trkpt>
      <trkpt lat="43.50848" lon="-71.32502">
        <ele>422.22</ele>
      </trkpt>
      <trkpt lat="43.50851" lon="-71.32495">
        <ele>421.46</ele>
      </trkpt>
      <trkpt lat="43.50854" lon="-71.32488">
        <ele>420.77</ele>
      </trkpt>
      <trkpt lat="43.50854" lon="-71.32487">
        <ele>420.69</ele>
      </trkpt>
      <trkpt lat="43.50858" lon="-71.32482">
        <ele>420.68</ele>
      </trkpt>
      <trkpt lat="43.50863" lon="-71.32477">
        <ele>421.2</ele>
      </trkpt>
      <trkpt lat="43.50869" lon="-71.32476">
        <ele>421.85</ele>
      </trkpt>
      <trkpt lat="43.50874" lon="-71.32473">
        <ele>422.39</ele>
      </trkpt>
      <trkpt lat="43.5088" lon="-71.32471">
        <ele>423.08</ele>
      </trkpt>
      <trkpt lat="43.50885" lon="-71.32468">
        <ele>424.16</ele>
      </trkpt>
      <trkpt lat="43.5089" lon="-71.32462">
        <ele>425.12</ele>
      </trkpt>
      <trkpt lat="43.50894" lon="-71.32457">
        <ele>425.55</ele>
      </trkpt>
      <trkpt lat="43.50899" lon="-71.32451">
        <ele>426.12</ele>
      </trkpt>
      <trkpt lat="43.50902" lon="-71.32444">
        <ele>426.88</ele>
      </trkpt>
      <trkpt lat="43.50906" lon="-71.32438">
        <ele>428.39</ele>
      </trkpt>
      <trkpt lat="43.50909" lon="-71.32431">
        <ele>429.7</ele>
      </trkpt>
      <trkpt lat="43.50912" lon="-71.32425">
        <ele>431.14</ele>
      </trkpt>
      <trkpt lat="43.50912" lon="-71.32415">
        <ele>432.77</ele>
      </trkpt>
      <trkpt lat="43.50913" lon="-71.32407">
        <ele>434.25</ele>
      </trkpt>
      <trkpt lat="43.50913" lon="-71.32398">
        <ele>435.22</ele>
      </trkpt>
      <trkpt lat="43.50912" lon="-71.3239">
        <ele>435.87</ele>
      </trkpt>
      <trkpt lat="43.50908" lon="-71.32384">
        <ele>435.62</ele>
      </trkpt>
      <trkpt lat="43.50905" lon="-71.32378">
        <ele>435.48</ele>
      </trkpt>
      <trkpt lat="43.50901" lon="-71.32371">
        <ele>434.62</ele>
      </trkpt>
      <trkpt lat="43.50898" lon="-71.32365">
        <ele>433.98</ele>
      </trkpt>
      <trkpt lat="43.50896" lon="-71.32358">
        <ele>433.43</ele>
      </trkpt>
      <trkpt lat="43.50893" lon="-71.32351">
        <ele>432.44</ele>
      </trkpt>
      <trkpt lat="43.50892" lon="-71.32342">
        <ele>432.27</ele>
      </trkpt>
      <trkpt lat="43.50891" lon="-71.32334">
        <ele>431.3</ele>
      </trkpt>
      <trkpt lat="43.50891" lon="-71.32324">
        <ele>431.0</ele>
      </trkpt>
      <trkpt lat="43.50891" lon="-71.32315">
        <ele>431.22</ele>
      </trkpt>
      <trkpt lat="43.50891" lon="-71.32306">
        <ele>432.18</ele>
      </trkpt>
      <trkpt lat="43.50891" lon="-71.32297">
        <ele>433.15</ele>
      </trkpt>
      <trkpt lat="43.50893" lon="-71.32288">
        <ele>434.34</ele>
      </trkpt>
      <trkpt lat="43.50893" lon="-71.32279">
        <ele>434.83</ele>
      </trkpt>
      <trkpt lat="43.50896" lon="-71.32273">
        <ele>435.66</ele>
      </trkpt>
      <trkpt lat="43.50898" lon="-71.32265">
        <ele>436.36</ele>
      </trkpt>
      <trkpt lat="43.50901" lon="-71.32258">
        <ele>437.62</ele>
      </trkpt>
      <trkpt lat="43.50901" lon="-71.32249">
        <ele>437.62</ele>
      </trkpt>
      <trkpt lat="43.50903" lon="-71.32241">
        <ele>438.05</ele>
      </trkpt>
      <trkpt lat="43.50904" lon="-71.32233">
        <ele>438.26</ele>
      </trkpt>
      <trkpt lat="43.50905" lon="-71.32224">
        <ele>438.48</ele>
      </trkpt>
      <trkpt lat="43.50907" lon="-71.32217">
        <ele>438.35</ele>
      </trkpt>
      <trkpt lat="43.50907" lon="-71.3221">
        <ele>437.91</ele>
      </trkpt>
      <trkpt lat="43.50903" lon="-71.32204">
        <ele>437.05</ele>
      </trkpt>
      <trkpt lat="43.50899" lon="-71.32198">
        <ele>436.74</ele>
      </trkpt>
      <trkpt lat="43.50895" lon="-71.32192">
        <ele>436.84</ele>
      </trkpt>
      <trkpt lat="43.50892" lon="-71.32186">
        <ele>437.55</ele>
      </trkpt>
      <trkpt lat="43.50886" lon="-71.32181">
        <ele>438.76</ele>
      </trkpt>
      <trkpt lat="43.50881" lon="-71.3218">
        <ele>439.41</ele>
      </trkpt>
      <trkpt lat="43.50875" lon="-71.32178">
        <ele>440.66</ele>
      </trkpt>
      <trkpt lat="43.50869" lon="-71.32175">
        <ele>442.25</ele>
      </trkpt>
      <trkpt lat="43.50864" lon="-71.32172">
        <ele>443.11</ele>
      </trkpt>
      <trkpt lat="43.50858" lon="-71.32168">
        <ele>444.19</ele>
      </trkpt>
      <trkpt lat="43.50853" lon="-71.32163">
        <ele>445.67</ele>
      </trkpt>
      <trkpt lat="43.50849" lon="-71.32158">
        <ele>446.89</ele>
      </trkpt>
      <trkpt lat="43.50847" lon="-71.3215">
        <ele>448.22</ele>
      </trkpt>
      <trkpt lat="43.50847" lon="-71.3214">
        <ele>449.82</ele>
      </trkpt>
      <trkpt lat="43.50847" lon="-71.32131">
        <ele>451.7</ele>
      </trkpt>
      <trkpt lat="43.50847" lon="-71.32122">
        <ele>453.26</ele>
      </trkpt>
      <trkpt lat="43.50847" lon="-71.32113">
        <ele>454.7</ele>
      </trkpt>
      <trkpt lat="43.50846" lon="-71.32104">
        <ele>456.25</ele>
      </trkpt>
      <trkpt lat="43.50841" lon="-71.321">
        <ele>457.2</ele>
      </trkpt>
      <trkpt lat="43.50837" lon="-71.32093">
        <ele>457.96</ele>
      </trkpt>
      <trkpt lat="43.50833" lon="-71.32088">
        <ele>458.5</ele>
      </trkpt>
      <trkpt lat="43.50828" lon="-71.32082">
        <ele>459.06</ele>
      </trkpt>
      <trkpt lat="43.50825" lon="-71.32076">
        <ele>459.08</ele>
      </trkpt>
      <trkpt lat="43.50822" lon="-71.3207">
        <ele>459.44</ele>
      </trkpt>
      <trkpt lat="43.50819" lon="-71.32063">
        <ele>460.2</ele>
      </trkpt>
      <trkpt lat="43.50815" lon="-71.32057">
        <ele>460.84</ele>
      </trkpt>
      <trkpt lat="43.50813" lon="-71.32049">
        <ele>460.94</ele>
      </trkpt>
      <trkpt lat="43.5081" lon="-71.32043">
        <ele>461.36</ele>
      </trkpt>
      <trkpt lat="43.50807" lon="-71.32036">
        <ele>462.02</ele>
      </trkpt>
      <trkpt lat="43.50804" lon="-71.32029">
        <ele>461.83</ele>
      </trkpt>
      <trkpt lat="43.50802" lon="-71.32022">
        <ele>462.24</ele>
      </trkpt>
      <trkpt lat="43.50798" lon="-71.3202">
        <ele>462.02</ele>
      </trkpt>
      <trkpt lat="43.50797" lon="-71.32019">
        <ele>462.02</ele>
      </trkpt>
      <trkpt lat="43.50792" lon="-71.32019">
        <ele>461.48</ele>
      </trkpt>
      <trkpt lat="43.50786" lon="-71.32018">
        <ele>460.94</ele>
      </trkpt>
      <trkpt lat="43.50781" lon="-71.32018">
        <ele>460.4</ele>
      </trkpt>
      <trkpt lat="43.50775" lon="-71.32017">
        <ele>460.16</ele>
      </trkpt>
      <trkpt lat="43.5077" lon="-71.32016">
        <ele>460.27</ele>
      </trkpt>
      <trkpt lat="43.50764" lon="-71.32013">
        <ele>460.31</ele>
      </trkpt>
      <trkpt lat="43.50759" lon="-71.32011">
        <ele>460.02</ele>
      </trkpt>
      <trkpt lat="43.50753" lon="-71.32008">
        <ele>460.72</ele>
      </trkpt>
      <trkpt lat="43.50747" lon="-71.32005">
        <ele>461.15</ele>
      </trkpt>
      <trkpt lat="43.50742" lon="-71.32003">
        <ele>461.58</ele>
      </trkpt>
      <trkpt lat="43.50736" lon="-71.32">
        <ele>462.0</ele>
      </trkpt>
      <trkpt lat="43.50731" lon="-71.31997">
        <ele>462.36</ele>
      </trkpt>
      <trkpt lat="43.50725" lon="-71.31995">
        <ele>462.86</ele>
      </trkpt>
      <trkpt lat="43.5072" lon="-71.3199">
        <ele>463.3</ele>
      </trkpt>
      <trkpt lat="43.50714" lon="-71.31986">
        <ele>463.95</ele>
      </trkpt>
      <trkpt lat="43.50709" lon="-71.31981">
        <ele>464.46</ele>
      </trkpt>
      <trkpt lat="43.50703" lon="-71.31977">
        <ele>465.04</ele>
      </trkpt>
      <trkpt lat="43.50698" lon="-71.31972">
        <ele>465.64</ele>
      </trkpt>
      <trkpt lat="43.50692" lon="-71.31967">
        <ele>466.56</ele>
      </trkpt>
      <trkpt lat="43.50686" lon="-71.31965">
        <ele>466.78</ele>
      </trkpt>
      <trkpt lat="43.50681" lon="-71.31962">
        <ele>467.1</ele>
      </trkpt>
      <trkpt lat="43.50675" lon="-71.31961">
        <ele>467.19</ele>
      </trkpt>
      <trkpt lat="43.5067" lon="-71.31959">
        <ele>467.15</ele>
      </trkpt>
      <trkpt lat="43.50666" lon="-71.31953">
        <ele>467.08</ele>
      </trkpt>
      <trkpt lat="43.50662" lon="-71.31947">
        <ele>467.72</ele>
      </trkpt>
      <trkpt lat="43.50658" lon="-71.31941">
        <ele>468.02</ele>
      </trkpt>
      <trkpt lat="43.50653" lon="-71.31936">
        <ele>468.0</ele>
      </trkpt>
      <trkpt lat="43.50648" lon="-71.31931">
        <ele>468.0</ele>
      </trkpt>
      <trkpt lat="43.50643" lon="-71.31926">
        <ele>468.0</ele>
      </trkpt>
      <trkpt lat="43.50638" lon="-71.31921">
        <ele>468.58</ele>
      </trkpt>
      <trkpt lat="43.50635" lon="-71.31914">
        <ele>469.12</ele>
      </trkpt>
      <trkpt lat="43.50632" lon="-71.31908">
        <ele>469.7</ele>
      </trkpt>
      <trkpt lat="43.5063" lon="-71.319">
        <ele>471.53</ele>
      </trkpt>
      <trkpt lat="43.50624" lon="-71.31896">
        <ele>473.68</ele>
      </trkpt>
      <trkpt lat="43.5062" lon="-71.3189">
        <ele>475.8</ele>
      </trkpt>
      <trkpt lat="43.50614" lon="-71.31886">
        <ele>477.0</ele>
      </trkpt>
      <trkpt lat="43.50609" lon="-71.31881">
        <ele>478.08</ele>
      </trkpt>
      <trkpt lat="43.50603" lon="-71.31877">
        <ele>479.44</ele>
      </trkpt>
      <trkpt lat="43.50598" lon="-71.31872">
        <ele>481.14</ele>
      </trkpt>
      <trkpt lat="43.50592" lon="-71.31868">
        <ele>482.32</ele>
      </trkpt>
      <trkpt lat="43.50587" lon="-71.31865">
        <ele>483.18</ele>
      </trkpt>
      <trkpt lat="43.50581" lon="-71.31862">
        <ele>484.16</ele>
      </trkpt>
      <trkpt lat="43.50575" lon="-71.3186">
        <ele>485.14</ele>
      </trkpt>
      <trkpt lat="43.5057" lon="-71.31859">
        <ele>485.9</ele>
      </trkpt>
      <trkpt lat="43.50564" lon="-71.31854">
        <ele>487.62</ele>
      </trkpt>
      <trkpt lat="43.5056" lon="-71.31849">
        <ele>488.83</ele>
      </trkpt>
      <trkpt lat="43.50559" lon="-71.3184">
        <ele>489.91</ele>
      </trkpt>
      <trkpt lat="43.50555" lon="-71.31834">
        <ele>490.99</ele>
      </trkpt>
      <trkpt lat="43.50553" lon="-71.31827">
        <ele>492.15</ele>
      </trkpt>
      <trkpt lat="43.5055" lon="-71.3182">
        <ele>493.82</ele>
      </trkpt>
      <trkpt lat="43.50546" lon="-71.31815">
        <ele>495.01</ele>
      </trkpt>
      <trkpt lat="43.50541" lon="-71.31809">
        <ele>496.2</ele>
      </trkpt>
      <trkpt lat="43.50537" lon="-71.31804">
        <ele>497.17</ele>
      </trkpt>
      <trkpt lat="43.50531" lon="-71.31799">
        <ele>498.36</ele>
      </trkpt>
      <trkpt lat="43.50526" lon="-71.31795">
        <ele>499.66</ele>
      </trkpt>
      <trkpt lat="43.50521" lon="-71.31789">
        <ele>502.04</ele>
      </trkpt>
      <trkpt lat="43.50517" lon="-71.31784">
        <ele>504.09</ele>
      </trkpt>
      <trkpt lat="43.50512" lon="-71.31779">
        <ele>505.7</ele>
      </trkpt>
      <trkpt lat="43.50509" lon="-71.31772">
        <ele>507.26</ele>
      </trkpt>
      <trkpt lat="43.50503" lon="-71.31768">
        <ele>508.06</ele>
      </trkpt>
      <trkpt lat="43.50498" lon="-71.31767">
        <ele>507.95</ele>
      </trkpt>
      <trkpt lat="43.50492" lon="-71.31765">
        <ele>507.52</ele>
      </trkpt>
      <trkpt lat="43.50488" lon="-71.31762">
        <ele>507.7</ele>
      </trkpt>
      <trkpt lat="43.50485" lon="-71.31756">
        <ele>508.13</ele>
      </trkpt>
      <trkpt lat="43.5048" lon="-71.3175">
        <ele>508.0</ele>
      </trkpt>
      <trkpt lat="43.50476" lon="-71.31745">
        <ele>508.22</ele>
      </trkpt>
      <trkpt lat="43.5047" lon="-71.3174">
        <ele>508.06</ele>
      </trkpt>
      <trkpt lat="43.50465" lon="-71.31736">
        <ele>508.11</ele>
      </trkpt>
      <trkpt lat="43.50459" lon="-71.31731">
        <ele>508.03</ele>
      </trkpt>
      <trkpt lat="43.50453" lon="-71.31727">
        <ele>508.0</ele>
      </trkpt>
      <trkpt lat="43.50449" lon="-71.31721">
        <ele>508.0</ele>
      </trkpt>
      <trkpt lat="43.50449" lon="-71.31714">
        <ele>508.0</ele>
      </trkpt>
      <trkpt lat="43.50453" lon="-71.31708">
        <ele>508.0</ele>
      </trkpt>
      <trkpt lat="43.50459" lon="-71.31704">
        <ele>508.57</ele>
      </trkpt>
      <trkpt lat="43.50465" lon="-71.31699">
        <ele>509.0</ele>
      </trkpt>
      <trkpt lat="43.50469" lon="-71.31693">
        <ele>508.84</ele>
      </trkpt>
      <trkpt lat="43.50474" lon="-71.31688">
        <ele>508.3</ele>
      </trkpt>
      <trkpt lat="43.50477" lon="-71.31681">
        <ele>508.0</ele>
      </trkpt>
      <trkpt lat="43.5048" lon="-71.31674">
        <ele>508.0</ele>
      </trkpt>
      <trkpt lat="43.50481" lon="-71.31666">
        <ele>507.93</ele>
      </trkpt>
      <trkpt lat="43.50481" lon="-71.31657">
        <ele>507.0</ele>
      </trkpt>
      <trkpt lat="43.50479" lon="-71.3165">
        <ele>507.0</ele>
      </trkpt>
      <trkpt lat="43.50477" lon="-71.31642">
        <ele>506.68</ele>
      </trkpt>
      <trkpt lat="43.50476" lon="-71.31634">
        <ele>506.19</ele>
      </trkpt>
      <trkpt lat="43.50477" lon="-71.31626">
        <ele>505.81</ele>
      </trkpt>
      <trkpt lat="43.50481" lon="-71.3162">
        <ele>505.91</ele>
      </trkpt>
      <trkpt lat="43.50486" lon="-71.31614">
        <ele>505.31</ele>
      </trkpt>
      <trkpt lat="43.50486" lon="-71.31605">
        <ele>504.34</ele>
      </trkpt>
      <trkpt lat="43.50488" lon="-71.31598">
        <ele>503.88</ele>
      </trkpt>
      <trkpt lat="43.50488" lon="-71.31589">
        <ele>503.43</ele>
      </trkpt>
      <trkpt lat="43.50492" lon="-71.31582">
        <ele>502.88</ele>
      </trkpt>
      <trkpt lat="43.50494" lon="-71.31575">
        <ele>502.42</ele>
      </trkpt>
      <trkpt lat="43.50497" lon="-71.31568">
        <ele>502.23</ele>
      </trkpt>
      <trkpt lat="43.50499" lon="-71.31561">
        <ele>501.59</ele>
      </trkpt>
      <trkpt lat="43.50502" lon="-71.31554">
        <ele>501.0</ele>
      </trkpt>
      <trkpt lat="43.50502" lon="-71.31547">
        <ele>501.0</ele>
      </trkpt>
      <trkpt lat="43.505" lon="-71.3154">
        <ele>500.32</ele>
      </trkpt>
      <trkpt lat="43.50497" lon="-71.31533">
        <ele>499.13</ele>
      </trkpt>
      <trkpt lat="43.50493" lon="-71.31529">
        <ele>498.26</ele>
      </trkpt>
      <trkpt lat="43.50492" lon="-71.31528">
        <ele>498.05</ele>
      </trkpt>
      <trkpt lat="43.50487" lon="-71.31523">
        <ele>496.97</ele>
      </trkpt>
      <trkpt lat="43.50482" lon="-71.31518">
        <ele>495.94</ele>
      </trkpt>
      <trkpt lat="43.50478" lon="-71.31513">
        <ele>495.18</ele>
      </trkpt>
      <trkpt lat="43.50476" lon="-71.31505">
        <ele>493.49</ele>
      </trkpt>
      <trkpt lat="43.50476" lon="-71.31495">
        <ele>491.33</ele>
      </trkpt>
      <trkpt lat="43.50476" lon="-71.31486">
        <ele>489.38</ele>
      </trkpt>
      <trkpt lat="43.50478" lon="-71.31478">
        <ele>487.87</ele>
      </trkpt>
      <trkpt lat="43.50482" lon="-71.31472">
        <ele>486.98</ele>
      </trkpt>
      <trkpt lat="43.50487" lon="-71.3147">
        <ele>486.76</ele>
      </trkpt>
      <trkpt lat="43.50493" lon="-71.31468">
        <ele>486.66</ele>
      </trkpt>
      <trkpt lat="43.50498" lon="-71.31465">
        <ele>486.83</ele>
      </trkpt>
      <trkpt lat="43.50504" lon="-71.31463">
        <ele>487.0</ele>
      </trkpt>
      <trkpt lat="43.5051" lon="-71.31458">
        <ele>487.0</ele>
      </trkpt>
      <trkpt lat="43.50515" lon="-71.31453">
        <ele>487.08</ele>
      </trkpt>
      <trkpt lat="43.50519" lon="-71.31447">
        <ele>487.78</ele>
      </trkpt>
      <trkpt lat="43.50521" lon="-71.31439">
        <ele>488.86</ele>
      </trkpt>
      <trkpt lat="43.50524" lon="-71.31433">
        <ele>489.83</ele>
      </trkpt>
      <trkpt lat="43.50526" lon="-71.31425">
        <ele>490.83</ele>
      </trkpt>
      <trkpt lat="43.5053" lon="-71.31419">
        <ele>491.18</ele>
      </trkpt>
      <trkpt lat="43.50533" lon="-71.31412">
        <ele>492.07</ele>
      </trkpt>
      <trkpt lat="43.50536" lon="-71.31406">
        <ele>493.04</ele>
      </trkpt>
      <trkpt lat="43.50539" lon="-71.31398">
        <ele>494.0</ele>
      </trkpt>
      <trkpt lat="43.50542" lon="-71.31392">
        <ele>494.36</ele>
      </trkpt>
      <trkpt lat="43.50544" lon="-71.31384">
        <ele>495.68</ele>
      </trkpt>
      <trkpt lat="43.50547" lon="-71.31378">
        <ele>497.18</ele>
      </trkpt>
      <trkpt lat="43.50547" lon="-71.31371">
        <ele>497.93</ele>
      </trkpt>
      <trkpt lat="43.50545" lon="-71.31363">
        <ele>497.83</ele>
      </trkpt>
      <trkpt lat="43.50543" lon="-71.31356">
        <ele>498.2</ele>
      </trkpt>
      <trkpt lat="43.50545" lon="-71.31347">
        <ele>498.86</ele>
      </trkpt>
      <trkpt lat="43.50545" lon="-71.31346">
        <ele>498.86</ele>
      </trkpt>
      <trkpt lat="43.50547" lon="-71.3134">
        <ele>499.08</ele>
      </trkpt>
      <trkpt lat="43.5055" lon="-71.31333">
        <ele>499.42</ele>
      </trkpt>
      <trkpt lat="43.50554" lon="-71.3133">
        <ele>499.89</ele>
      </trkpt>
      <trkpt lat="43.5056" lon="-71.31328">
        <ele>500.48</ele>
      </trkpt>
      <trkpt lat="43.50565" lon="-71.31326">
        <ele>501.02</ele>
      </trkpt>
      <trkpt lat="43.50571" lon="-71.31323">
        <ele>501.59</ele>
      </trkpt>
      <trkpt lat="43.50577" lon="-71.31318">
        <ele>501.44</ele>
      </trkpt>
      <trkpt lat="43.50582" lon="-71.31315">
        <ele>501.84</ele>
      </trkpt>
      <trkpt lat="43.50588" lon="-71.31311">
        <ele>502.0</ele>
      </trkpt>
      <trkpt lat="43.50593" lon="-71.31311">
        <ele>502.0</ele>
      </trkpt>
      <trkpt lat="43.50599" lon="-71.31312">
        <ele>502.0</ele>
      </trkpt>
      <trkpt lat="43.50604" lon="-71.31313">
        <ele>502.0</ele>
      </trkpt>
      <trkpt lat="43.5061" lon="-71.31314">
        <ele>502.0</ele>
      </trkpt>
      <trkpt lat="43.50615" lon="-71.31315">
        <ele>501.98</ele>
      </trkpt>
      <trkpt lat="43.50621" lon="-71.31315">
        <ele>501.98</ele>
      </trkpt>
      <trkpt lat="43.50627" lon="-71.31312">
        <ele>502.0</ele>
      </trkpt>
      <trkpt lat="43.50631" lon="-71.31307">
        <ele>501.98</ele>
      </trkpt>
      <trkpt lat="43.50634" lon="-71.313">
        <ele>502.0</ele>
      </trkpt>
      <trkpt lat="43.50639" lon="-71.31295">
        <ele>501.86</ele>
      </trkpt>
      <trkpt lat="43.50643" lon="-71.31289">
        <ele>501.21</ele>
      </trkpt>
      <trkpt lat="43.50649" lon="-71.31284">
        <ele>501.0</ele>
      </trkpt>
      <trkpt lat="43.50654" lon="-71.3128">
        <ele>501.0</ele>
      </trkpt>
      <trkpt lat="43.5066" lon="-71.31275">
        <ele>501.0</ele>
      </trkpt>
      <trkpt lat="43.50666" lon="-71.3127">
        <ele>501.0</ele>
      </trkpt>
      <trkpt lat="43.50671" lon="-71.31266">
        <ele>500.73</ele>
      </trkpt>
      <trkpt lat="43.50675" lon="-71.3126">
        <ele>500.08</ele>
      </trkpt>
      <trkpt lat="43.50677" lon="-71.31252">
        <ele>500.0</ele>
      </trkpt>
      <trkpt lat="43.50677" lon="-71.31242">
        <ele>500.0</ele>
      </trkpt>
      <trkpt lat="43.50677" lon="-71.31233">
        <ele>500.0</ele>
      </trkpt>
      <trkpt lat="43.50676" lon="-71.31225">
        <ele>499.31</ele>
      </trkpt>
      <trkpt lat="43.50675" lon="-71.31216">
        <ele>499.0</ele>
      </trkpt>
      <trkpt lat="43.50672" lon="-71.31209">
        <ele>499.0</ele>
      </trkpt>
      <trkpt lat="43.50672" lon="-71.31208">
        <ele>499.0</ele>
      </trkpt>
      <trkpt lat="43.50669" lon="-71.31203">
        <ele>499.0</ele>
      </trkpt>
      <trkpt lat="43.50666" lon="-71.31196">
        <ele>499.0</ele>
      </trkpt>
      <trkpt lat="43.50662" lon="-71.3119">
        <ele>499.0</ele>
      </trkpt>
      <trkpt lat="43.50659" lon="-71.31183">
        <ele>499.0</ele>
      </trkpt>
      <trkpt lat="43.50656" lon="-71.31177">
        <ele>499.0</ele>
      </trkpt>
      <trkpt lat="43.50656" lon="-71.31168">
        <ele>499.86</ele>
      </trkpt>
      <trkpt lat="43.50654" lon="-71.3116">
        <ele>500.0</ele>
      </trkpt>
      <trkpt lat="43.50652" lon="-71.31152">
        <ele>500.0</ele>
      </trkpt>
      <trkpt lat="43.50651" lon="-71.31144">
        <ele>500.0</ele>
      </trkpt>
      <trkpt lat="43.50649" lon="-71.31136">
        <ele>500.0</ele>
      </trkpt>
      <trkpt lat="43.50648" lon="-71.31128">
        <ele>500.0</ele>
      </trkpt>
      <trkpt lat="43.50647" lon="-71.31127">
        <ele>500.0</ele>
      </trkpt>
      <trkpt lat="43.50644" lon="-71.31123">
        <ele>500.0</ele>
      </trkpt>
      <trkpt lat="43.50638" lon="-71.31118">
        <ele>500.0</ele>
      </trkpt>
      <trkpt lat="43.50633" lon="-71.31114">
        <ele>500.0</ele>
      </trkpt>
      <trkpt lat="43.50628" lon="-71.31108">
        <ele>500.18</ele>
      </trkpt>
      <trkpt lat="43.50627" lon="-71.311">
        <ele>500.28</ele>
      </trkpt>
      <trkpt lat="43.50625" lon="-71.31092">
        <ele>500.53</ele>
      </trkpt>
      <trkpt lat="43.50623" lon="-71.31085">
        <ele>501.3</ele>
      </trkpt>
      <trkpt lat="43.5062" lon="-71.31078">
        <ele>501.96</ele>
      </trkpt>
      <trkpt lat="43.50617" lon="-71.31071">
        <ele>501.64</ele>
      </trkpt>
      <trkpt lat="43.50617" lon="-71.31062">
        <ele>501.64</ele>
      </trkpt>
      <trkpt lat="43.50616" lon="-71.31054">
        <ele>501.53</ele>
      </trkpt>
      <trkpt lat="43.50616" lon="-71.31045">
        <ele>501.53</ele>
      </trkpt>
      <trkpt lat="43.50616" lon="-71.31035">
        <ele>501.53</ele>
      </trkpt>
      <trkpt lat="43.50617" lon="-71.31027">
        <ele>501.61</ele>
      </trkpt>
      <trkpt lat="43.50617" lon="-71.31018">
        <ele>501.24</ele>
      </trkpt>
      <trkpt lat="43.5062" lon="-71.31011">
        <ele>501.14</ele>
      </trkpt>
      <trkpt lat="43.50623" lon="-71.31004">
        <ele>501.41</ele>
      </trkpt>
      <trkpt lat="43.50628" lon="-71.30999">
        <ele>501.8</ele>
      </trkpt>
      <trkpt lat="43.50632" lon="-71.30993">
        <ele>502.32</ele>
      </trkpt>
      <trkpt lat="43.50637" lon="-71.30988">
        <ele>502.74</ele>
      </trkpt>
      <trkpt lat="43.50638" lon="-71.30979">
        <ele>502.54</ele>
      </trkpt>
      <trkpt lat="43.50638" lon="-71.3097">
        <ele>501.57</ele>
      </trkpt>
      <trkpt lat="43.50638" lon="-71.30964">
        <ele>500.92</ele>
      </trkpt>
      <trkpt lat="43.50638" lon="-71.30961">
        <ele>500.58</ele>
      </trkpt>
      <trkpt lat="43.5064" lon="-71.30953">
        <ele>499.98</ele>
      </trkpt>
      <trkpt lat="43.5064" lon="-71.30944">
        <ele>498.19</ele>
      </trkpt>
      <trkpt lat="43.50643" lon="-71.30937">
        <ele>498.08</ele>
      </trkpt>
      <trkpt lat="43.50645" lon="-71.3093">
        <ele>498.51</ele>
      </trkpt>
      <trkpt lat="43.50648" lon="-71.30923">
        <ele>499.3</ele>
      </trkpt>
      <trkpt lat="43.50651" lon="-71.30915">
        <ele>500.54</ele>
      </trkpt>
      <trkpt lat="43.50654" lon="-71.30909">
        <ele>501.98</ele>
      </trkpt>
      <trkpt lat="43.50654" lon="-71.309">
        <ele>503.36</ele>
      </trkpt>
      <trkpt lat="43.50655" lon="-71.30891">
        <ele>505.08</ele>
      </trkpt>
      <trkpt lat="43.50655" lon="-71.30882">
        <ele>506.22</ele>
      </trkpt>
      <trkpt lat="43.50655" lon="-71.30873">
        <ele>507.73</ele>
      </trkpt>
      <trkpt lat="43.50654" lon="-71.30865">
        <ele>508.48</ele>
      </trkpt>
      <trkpt lat="43.50654" lon="-71.30857">
        <ele>509.34</ele>
      </trkpt>
      <trkpt lat="43.50653" lon="-71.3085">
        <ele>509.57</ele>
      </trkpt>
      <trkpt lat="43.50654" lon="-71.30842">
        <ele>509.92</ele>
      </trkpt>
      <trkpt lat="43.50655" lon="-71.30836">
        <ele>510.41</ele>
      </trkpt>
      <trkpt lat="43.50658" lon="-71.30828">
        <ele>511.09</ele>
      </trkpt>
      <trkpt lat="43.50659" lon="-71.3082">
        <ele>511.17</ele>
      </trkpt>
      <trkpt lat="43.50661" lon="-71.30813">
        <ele>511.19</ele>
      </trkpt>
      <trkpt lat="43.50663" lon="-71.30805">
        <ele>510.54</ele>
      </trkpt>
      <trkpt lat="43.50664" lon="-71.30797">
        <ele>509.79</ele>
      </trkpt>
      <trkpt lat="43.50667" lon="-71.3079">
        <ele>510.01</ele>
      </trkpt>
      <trkpt lat="43.5067" lon="-71.30783">
        <ele>510.0</ele>
      </trkpt>
      <trkpt lat="43.50672" lon="-71.30776">
        <ele>510.11</ele>
      </trkpt>
      <trkpt lat="43.50676" lon="-71.3077">
        <ele>510.85</ele>
      </trkpt>
      <trkpt lat="43.50678" lon="-71.30762">
        <ele>511.22</ele>
      </trkpt>
      <trkpt lat="43.50678" lon="-71.30752">
        <ele>512.18</ele>
      </trkpt>
      <trkpt lat="43.50678" lon="-71.30743">
        <ele>513.79</ele>
      </trkpt>
      <trkpt lat="43.50678" lon="-71.30734">
        <ele>515.68</ele>
      </trkpt>
      <trkpt lat="43.50679" lon="-71.30725">
        <ele>517.73</ele>
      </trkpt>
      <trkpt lat="43.5068" lon="-71.30717">
        <ele>520.13</ele>
      </trkpt>
      <trkpt lat="43.50681" lon="-71.30709">
        <ele>522.83</ele>
      </trkpt>
      <trkpt lat="43.50681" lon="-71.30707">
        <ele>523.48</ele>
      </trkpt>
      <trkpt lat="43.50682" lon="-71.307">
        <ele>525.86</ele>
      </trkpt>
      <trkpt lat="43.50683" lon="-71.30692">
        <ele>528.29</ele>
      </trkpt>
      <trkpt lat="43.50683" lon="-71.30683">
        <ele>530.06</ele>
      </trkpt>
      <trkpt lat="43.50683" lon="-71.30674">
        <ele>531.21</ele>
      </trkpt>
      <trkpt lat="43.50683" lon="-71.30664">
        <ele>532.22</ele>
      </trkpt>
      <trkpt lat="43.50685" lon="-71.30656">
        <ele>533.13</ele>
      </trkpt>
      <trkpt lat="43.50689" lon="-71.3065">
        <ele>534.21</ele>
      </trkpt>
      <trkpt lat="43.50695" lon="-71.30646">
        <ele>535.25</ele>
      </trkpt>
      <trkpt lat="43.50699" lon="-71.3064">
        <ele>536.31</ele>
      </trkpt>
      <trkpt lat="43.50704" lon="-71.30635">
        <ele>537.84</ele>
      </trkpt>
      <trkpt lat="43.50707" lon="-71.30628">
        <ele>539.35</ele>
      </trkpt>
      <trkpt lat="43.5071" lon="-71.30621">
        <ele>540.86</ele>
      </trkpt>
      <trkpt lat="43.5071" lon="-71.30614">
        <ele>542.38</ele>
      </trkpt>
      <trkpt lat="43.50707" lon="-71.30608">
        <ele>543.34</ele>
      </trkpt>
      <trkpt lat="43.50705" lon="-71.306">
        <ele>544.03</ele>
      </trkpt>
      <trkpt lat="43.50702" lon="-71.30594">
        <ele>543.82</ele>
      </trkpt>
      <trkpt lat="43.507" lon="-71.30586">
        <ele>544.31</ele>
      </trkpt>
      <trkpt lat="43.50702" lon="-71.30577">
        <ele>545.5</ele>
      </trkpt>
      <trkpt lat="43.50704" lon="-71.3057">
        <ele>546.47</ele>
      </trkpt>
      <trkpt lat="43.50705" lon="-71.30561">
        <ele>547.14</ele>
      </trkpt>
      <trkpt lat="43.50706" lon="-71.30553">
        <ele>547.52</ele>
      </trkpt>
      <trkpt lat="43.50706" lon="-71.30544">
        <ele>548.43</ele>
      </trkpt>
      <trkpt lat="43.50706" lon="-71.30535">
        <ele>549.0</ele>
      </trkpt>
      <trkpt lat="43.50706" lon="-71.30525">
        <ele>549.07</ele>
      </trkpt>
      <trkpt lat="43.50706" lon="-71.30516">
        <ele>549.45</ele>
      </trkpt>
      <trkpt lat="43.50706" lon="-71.30507">
        <ele>550.24</ele>
      </trkpt>
      <trkpt lat="43.50707" lon="-71.30499">
        <ele>551.04</ele>
      </trkpt>
      <trkpt lat="43.50707" lon="-71.3049">
        <ele>551.41</ele>
      </trkpt>
      <trkpt lat="43.5071" lon="-71.30483">
        <ele>551.95</ele>
      </trkpt>
      <trkpt lat="43.50713" lon="-71.30475">
        <ele>552.7</ele>
      </trkpt>
      <trkpt lat="43.50716" lon="-71.30469">
        <ele>553.56</ele>
      </trkpt>
      <trkpt lat="43.50716" lon="-71.3046">
        <ele>554.1</ele>
      </trkpt>
      <trkpt lat="43.50717" lon="-71.30451">
        <ele>554.6</ele>
      </trkpt>
      <trkpt lat="43.50717" lon="-71.30442">
        <ele>555.0</ele>
      </trkpt>
      <trkpt lat="43.50716" lon="-71.30434">
        <ele>555.0</ele>
      </trkpt>
      <trkpt lat="43.50712" lon="-71.30428">
        <ele>555.0</ele>
      </trkpt>
      <trkpt lat="43.50706" lon="-71.30426">
        <ele>555.0</ele>
      </trkpt>
      <trkpt lat="43.50701" lon="-71.30426">
        <ele>554.71</ele>
      </trkpt>
      <trkpt lat="43.50695" lon="-71.30424">
        <ele>554.06</ele>
      </trkpt>
      <trkpt lat="43.50691" lon="-71.30418">
        <ele>552.83</ele>
      </trkpt>
      <trkpt lat="43.50688" lon="-71.30411">
        <ele>552.34</ele>
      </trkpt>
      <trkpt lat="43.50685" lon="-71.30404">
        <ele>552.72</ele>
      </trkpt>
      <trkpt lat="43.50685" lon="-71.30395">
        <ele>554.69</ele>
      </trkpt>
      <trkpt lat="43.50683" lon="-71.30388">
        <ele>556.43</ele>
      </trkpt>
      <trkpt lat="43.50683" lon="-71.30379">
        <ele>558.37</ele>
      </trkpt>
      <trkpt lat="43.5068" lon="-71.30372">
        <ele>560.21</ele>
      </trkpt>
      <trkpt lat="43.50677" lon="-71.30365">
        <ele>561.46</ele>
      </trkpt>
      <trkpt lat="43.50672" lon="-71.30361">
        <ele>562.0</ele>
      </trkpt>
      <trkpt lat="43.50668" lon="-71.30354">
        <ele>562.0</ele>
      </trkpt>
      <trkpt lat="43.50663" lon="-71.30349">
        <ele>561.6</ele>
      </trkpt>
      <trkpt lat="43.50663" lon="-71.3034">
        <ele>561.6</ele>
      </trkpt>
      <trkpt lat="43.50661" lon="-71.30333">
        <ele>561.37</ele>
      </trkpt>
      <trkpt lat="43.5066" lon="-71.30324">
        <ele>560.99</ele>
      </trkpt>
      <trkpt lat="43.50657" lon="-71.30317">
        <ele>560.18</ele>
      </trkpt>
      <trkpt lat="43.50655" lon="-71.3031">
        <ele>559.22</ele>
      </trkpt>
      <trkpt lat="43.50652" lon="-71.30303">
        <ele>558.25</ele>
      </trkpt>
      <trkpt lat="43.50652" lon="-71.30294">
        <ele>557.73</ele>
      </trkpt>
      <trkpt lat="43.50651" lon="-71.30286">
        <ele>557.2</ele>
      </trkpt>
      <trkpt lat="43.50651" lon="-71.30277">
        <ele>556.31</ele>
      </trkpt>
      <trkpt lat="43.50651" lon="-71.30268">
        <ele>556.25</ele>
      </trkpt>
      <trkpt lat="43.50652" lon="-71.30259">
        <ele>555.4</ele>
      </trkpt>
      <trkpt lat="43.50653" lon="-71.30251">
        <ele>555.06</ele>
      </trkpt>
      <trkpt lat="43.50654" lon="-71.30243">
        <ele>554.72</ele>
      </trkpt>
      <trkpt lat="43.50655" lon="-71.30234">
        <ele>554.74</ele>
      </trkpt>
      <trkpt lat="43.50656" lon="-71.30226">
        <ele>554.94</ele>
      </trkpt>
      <trkpt lat="43.50657" lon="-71.30217">
        <ele>555.54</ele>
      </trkpt>
      <trkpt lat="43.50655" lon="-71.30208">
        <ele>555.88</ele>
      </trkpt>
      <trkpt lat="43.50654" lon="-71.302">
        <ele>556.25</ele>
      </trkpt>
      <trkpt lat="43.50653" lon="-71.30192">
        <ele>556.79</ele>
      </trkpt>
      <trkpt lat="43.50651" lon="-71.30184">
        <ele>557.44</ele>
      </trkpt>
      <trkpt lat="43.50648" lon="-71.30178">
        <ele>557.76</ele>
      </trkpt>
      <trkpt lat="43.50645" lon="-71.30171">
        <ele>558.19</ele>
      </trkpt>
      <trkpt lat="43.50641" lon="-71.30165">
        <ele>558.41</ele>
      </trkpt>
      <trkpt lat="43.5064" lon="-71.30157">
        <ele>559.16</ele>
      </trkpt>
      <trkpt lat="43.5064" lon="-71.30148">
        <ele>560.14</ele>
      </trkpt>
      <trkpt lat="43.5064" lon="-71.30138">
        <ele>561.2</ele>
      </trkpt>
      <trkpt lat="43.5064" lon="-71.30129">
        <ele>562.01</ele>
      </trkpt>
      <trkpt lat="43.5064" lon="-71.3012">
        <ele>562.16</ele>
      </trkpt>
      <trkpt lat="43.5064" lon="-71.30111">
        <ele>563.14</ele>
      </trkpt>
      <trkpt lat="43.5064" lon="-71.30102">
        <ele>564.97</ele>
      </trkpt>
      <trkpt lat="43.5064" lon="-71.30092">
        <ele>566.12</ele>
      </trkpt>
      <trkpt lat="43.5064" lon="-71.30083">
        <ele>567.96</ele>
      </trkpt>
      <trkpt lat="43.5064" lon="-71.30074">
        <ele>570.02</ele>
      </trkpt>
      <trkpt lat="43.5064" lon="-71.30064">
        <ele>573.1</ele>
      </trkpt>
      <trkpt lat="43.5064" lon="-71.30055">
        <ele>574.12</ele>
      </trkpt>
      <trkpt lat="43.50639" lon="-71.30047">
        <ele>574.01</ele>
      </trkpt>
      <trkpt lat="43.50638" lon="-71.30039">
        <ele>573.9</ele>
      </trkpt>
      <trkpt lat="43.50637" lon="-71.3003">
        <ele>573.8</ele>
      </trkpt>
      <trkpt lat="43.50635" lon="-71.30023">
        <ele>573.58</ele>
      </trkpt>
      <trkpt lat="43.50635" lon="-71.30014">
        <ele>573.78</ele>
      </trkpt>
      <trkpt lat="43.50636" lon="-71.30006">
        <ele>574.24</ele>
      </trkpt>
      <trkpt lat="43.5064" lon="-71.3">
        <ele>575.0</ele>
      </trkpt>
      <trkpt lat="43.50644" lon="-71.29993">
        <ele>575.42</ele>
      </trkpt>
      <trkpt lat="43.50648" lon="-71.29988">
        <ele>575.98</ele>
      </trkpt>
      <trkpt lat="43.50652" lon="-71.29982">
        <ele>576.0</ele>
      </trkpt>
      <trkpt lat="43.50657" lon="-71.29976">
        <ele>576.0</ele>
      </trkpt>
      <trkpt lat="43.50663" lon="-71.29972">
        <ele>576.0</ele>
      </trkpt>
      <trkpt lat="43.50668" lon="-71.29967">
        <ele>575.86</ele>
      </trkpt>
      <trkpt lat="43.50674" lon="-71.29962">
        <ele>575.21</ele>
      </trkpt>
      <trkpt lat="43.50679" lon="-71.29957">
        <ele>574.67</ele>
      </trkpt>
      <trkpt lat="43.50685" lon="-71.29953">
        <ele>574.02</ele>
      </trkpt>
      <trkpt lat="43.5069" lon="-71.2995">
        <ele>573.48</ele>
      </trkpt>
      <trkpt lat="43.50696" lon="-71.29953">
        <ele>572.66</ele>
      </trkpt>
      <trkpt lat="43.50701" lon="-71.29953">
        <ele>571.58</ele>
      </trkpt>
      <trkpt lat="43.50707" lon="-71.29954">
        <ele>570.29</ele>
      </trkpt>
      <trkpt lat="43.50713" lon="-71.29955">
        <ele>568.99</ele>
      </trkpt>
      <trkpt lat="43.50718" lon="-71.29954">
        <ele>567.91</ele>
      </trkpt>
      <trkpt lat="43.50724" lon="-71.29953">
        <ele>566.5</ele>
      </trkpt>
      <trkpt lat="43.50729" lon="-71.29952">
        <ele>564.99</ele>
      </trkpt>
      <trkpt lat="43.50735" lon="-71.29953">
        <ele>562.91</ele>
      </trkpt>
      <trkpt lat="43.5074" lon="-71.29952">
        <ele>561.25</ele>
      </trkpt>
      <trkpt lat="43.50746" lon="-71.29953">
        <ele>559.3</ele>
      </trkpt>
      <trkpt lat="43.50751" lon="-71.29953">
        <ele>557.57</ele>
      </trkpt>
      <trkpt lat="43.50752" lon="-71.29953">
        <ele>557.14</ele>
      </trkpt>
      <trkpt lat="43.50757" lon="-71.29954">
        <ele>554.94</ele>
      </trkpt>
      <trkpt lat="43.50763" lon="-71.29954">
        <ele>552.35</ele>
      </trkpt>
      <trkpt lat="43.50768" lon="-71.29958">
        <ele>549.76</ele>
      </trkpt>
      <trkpt lat="43.50774" lon="-71.2996">
        <ele>547.95</ele>
      </trkpt>
      <trkpt lat="43.50779" lon="-71.29965">
        <ele>546.87</ele>
      </trkpt>
      <trkpt lat="43.50785" lon="-71.29967">
        <ele>546.22</ele>
      </trkpt>
      <trkpt lat="43.5079" lon="-71.2997">
        <ele>545.6</ele>
      </trkpt>
      <trkpt lat="43.50796" lon="-71.29973">
        <ele>545.12</ele>
      </trkpt>
      <trkpt lat="43.50801" lon="-71.29974">
        <ele>545.19</ele>
      </trkpt>
      <trkpt lat="43.50807" lon="-71.29973">
        <ele>544.93</ele>
      </trkpt>
      <trkpt lat="43.50813" lon="-71.29973">
        <ele>544.28</ele>
      </trkpt>
      <trkpt lat="43.50818" lon="-71.29971">
        <ele>543.87</ele>
      </trkpt>
      <trkpt lat="43.50824" lon="-71.29973">
        <ele>544.0</ele>
      </trkpt>
      <trkpt lat="43.50829" lon="-71.29978">
        <ele>543.27</ele>
      </trkpt>
      <trkpt lat="43.50835" lon="-71.29982">
        <ele>542.87</ele>
      </trkpt>
      <trkpt lat="43.5084" lon="-71.29987">
        <ele>542.45</ele>
      </trkpt>
      <trkpt lat="43.50846" lon="-71.2999">
        <ele>541.6</ele>
      </trkpt>
      <trkpt lat="43.50851" lon="-71.29994">
        <ele>541.12</ele>
      </trkpt>
      <trkpt lat="43.50857" lon="-71.29993">
        <ele>540.02</ele>
      </trkpt>
      <trkpt lat="43.50863" lon="-71.29993">
        <ele>539.04</ele>
      </trkpt>
      <trkpt lat="43.50868" lon="-71.29989">
        <ele>538.07</ele>
      </trkpt>
      <trkpt lat="43.50874" lon="-71.29986">
        <ele>537.1</ele>
      </trkpt>
      <trkpt lat="43.50879" lon="-71.29981">
        <ele>536.02</ele>
      </trkpt>
      <trkpt lat="43.50885" lon="-71.29979">
        <ele>536.31</ele>
      </trkpt>
      <trkpt lat="43.5089" lon="-71.29981">
        <ele>536.95</ele>
      </trkpt>
      <trkpt lat="43.50896" lon="-71.29983">
        <ele>537.16</ele>
      </trkpt>
      <trkpt lat="43.50902" lon="-71.29981">
        <ele>536.95</ele>
      </trkpt>
      <trkpt lat="43.50907" lon="-71.29976">
        <ele>536.41</ele>
      </trkpt>
      <trkpt lat="43.50913" lon="-71.29972">
        <ele>535.98</ele>
      </trkpt>
      <trkpt lat="43.50918" lon="-71.29967">
        <ele>535.44</ele>
      </trkpt>
      <trkpt lat="43.50924" lon="-71.29964">
        <ele>535.11</ele>
      </trkpt>
      <trkpt lat="43.50929" lon="-71.29961">
        <ele>534.31</ele>
      </trkpt>
      <trkpt lat="43.50935" lon="-71.2996">
        <ele>533.69</ele>
      </trkpt>
      <trkpt lat="43.50939" lon="-71.29956">
        <ele>533.15</ele>
      </trkpt>
      <trkpt lat="43.50943" lon="-71.2995">
        <ele>532.6</ele>
      </trkpt>
      <trkpt lat="43.50947" lon="-71.29944">
        <ele>531.95</ele>
      </trkpt>
      <trkpt lat="43.50952" lon="-71.29939">
        <ele>531.41</ele>
      </trkpt>
      <trkpt lat="43.50956" lon="-71.29933">
        <ele>530.94</ele>
      </trkpt>
      <trkpt lat="43.50961" lon="-71.29928">
        <ele>530.39</ele>
      </trkpt>
      <trkpt lat="43.50964" lon="-71.29921">
        <ele>529.47</ele>
      </trkpt>
      <trkpt lat="43.50966" lon="-71.29913">
        <ele>528.6</ele>
      </trkpt>
      <trkpt lat="43.50968" lon="-71.29906">
        <ele>527.85</ele>
      </trkpt>
      <trkpt lat="43.5097" lon="-71.29898">
        <ele>526.98</ele>
      </trkpt>
      <trkpt lat="43.50974" lon="-71.29892">
        <ele>526.34</ele>
      </trkpt>
      <trkpt lat="43.5098" lon="-71.29887">
        <ele>525.97</ele>
      </trkpt>
      <trkpt lat="43.50985" lon="-71.29882">
        <ele>526.0</ele>
      </trkpt>
      <trkpt lat="43.50991" lon="-71.29878">
        <ele>525.82</ele>
      </trkpt>
      <trkpt lat="43.50993" lon="-71.29876">
        <ele>525.61</ele>
      </trkpt>
      <trkpt lat="43.50996" lon="-71.29873">
        <ele>525.28</ele>
      </trkpt>
      <trkpt lat="43.51002" lon="-71.29871">
        <ele>525.07</ele>
      </trkpt>
      <trkpt lat="43.51007" lon="-71.29873">
        <ele>525.28</ele>
      </trkpt>
      <trkpt lat="43.51013" lon="-71.29874">
        <ele>525.39</ele>
      </trkpt>
      <trkpt lat="43.51018" lon="-71.29876">
        <ele>525.61</ele>
      </trkpt>
      <trkpt lat="43.51024" lon="-71.29877">
        <ele>525.72</ele>
      </trkpt>
      <trkpt lat="43.5103" lon="-71.29878">
        <ele>525.82</ele>
      </trkpt>
      <trkpt lat="43.51035" lon="-71.29881">
        <ele>526.12</ele>
      </trkpt>
      <trkpt lat="43.51041" lon="-71.29883">
        <ele>526.64</ele>
      </trkpt>
      <trkpt lat="43.51046" lon="-71.29886">
        <ele>526.99</ele>
      </trkpt>
      <trkpt lat="43.51052" lon="-71.29889">
        <ele>527.62</ele>
      </trkpt>
      <trkpt lat="43.51057" lon="-71.29893">
        <ele>528.09</ele>
      </trkpt>
      <trkpt lat="43.51063" lon="-71.29892">
        <ele>528.53</ele>
      </trkpt>
      <trkpt lat="43.51068" lon="-71.29892">
        <ele>528.78</ele>
      </trkpt>
      <trkpt lat="43.51074" lon="-71.2989">
        <ele>529.0</ele>
      </trkpt>
      <trkpt lat="43.5108" lon="-71.29885">
        <ele>529.79</ele>
      </trkpt>
      <trkpt lat="43.51084" lon="-71.29879">
        <ele>530.07</ele>
      </trkpt>
      <trkpt lat="43.51086" lon="-71.29872">
        <ele>530.82</ele>
      </trkpt>
      <trkpt lat="43.51088" lon="-71.29865">
        <ele>531.29</ele>
      </trkpt>
      <trkpt lat="43.51091" lon="-71.29857">
        <ele>531.83</ele>
      </trkpt>
      <trkpt lat="43.51094" lon="-71.29851">
        <ele>532.0</ele>
      </trkpt>
      <trkpt lat="43.51096" lon="-71.29843">
        <ele>532.0</ele>
      </trkpt>
      <trkpt lat="43.51099" lon="-71.29836">
        <ele>531.78</ele>
      </trkpt>
      <trkpt lat="43.51102" lon="-71.29829">
        <ele>531.52</ele>
      </trkpt>
      <trkpt lat="43.51104" lon="-71.29822">
        <ele>530.6</ele>
      </trkpt>
      <trkpt lat="43.51106" lon="-71.29815">
        <ele>530.01</ele>
      </trkpt>
      <trkpt lat="43.51109" lon="-71.29807">
        <ele>529.16</ele>
      </trkpt>
      <trkpt lat="43.51112" lon="-71.29801">
        <ele>528.46</ele>
      </trkpt>
      <trkpt lat="43.51114" lon="-71.29793">
        <ele>527.89</ele>
      </trkpt>
      <trkpt lat="43.5112" lon="-71.29788">
        <ele>527.14</ele>
      </trkpt>
      <trkpt lat="43.51124" lon="-71.29783">
        <ele>526.61</ele>
      </trkpt>
      <trkpt lat="43.5113" lon="-71.29778">
        <ele>525.96</ele>
      </trkpt>
      <trkpt lat="43.51134" lon="-71.29772">
        <ele>524.9</ele>
      </trkpt>
      <trkpt lat="43.51139" lon="-71.29767">
        <ele>523.99</ele>
      </trkpt>
      <trkpt lat="43.51143" lon="-71.29761">
        <ele>523.56</ele>
      </trkpt>
      <trkpt lat="43.51148" lon="-71.29756">
        <ele>522.66</ele>
      </trkpt>
      <trkpt lat="43.51151" lon="-71.29749">
        <ele>521.69</ele>
      </trkpt>
      <trkpt lat="43.51156" lon="-71.29744">
        <ele>521.15</ele>
      </trkpt>
      <trkpt lat="43.51158" lon="-71.29736">
        <ele>520.39</ele>
      </trkpt>
      <trkpt lat="43.51161" lon="-71.2973">
        <ele>519.55</ele>
      </trkpt>
      <trkpt lat="43.51163" lon="-71.29722">
        <ele>518.77</ele>
      </trkpt>
      <trkpt lat="43.51167" lon="-71.29716">
        <ele>517.22</ele>
      </trkpt>
      <trkpt lat="43.51169" lon="-71.29708">
        <ele>515.71</ele>
      </trkpt>
      <trkpt lat="43.51169" lon="-71.29699">
        <ele>514.36</ele>
      </trkpt>
      <trkpt lat="43.51167" lon="-71.29691">
        <ele>513.56</ele>
      </trkpt>
      <trkpt lat="43.51166" lon="-71.29683">
        <ele>512.89</ele>
      </trkpt>
      <trkpt lat="43.51164" lon="-71.29675">
        <ele>512.19</ele>
      </trkpt>
      <trkpt lat="43.51163" lon="-71.29667">
        <ele>511.43</ele>
      </trkpt>
      <trkpt lat="43.51163" lon="-71.29657">
        <ele>510.35</ele>
      </trkpt>
      <trkpt lat="43.51164" lon="-71.29649">
        <ele>509.38</ele>
      </trkpt>
      <trkpt lat="43.51165" lon="-71.2964">
        <ele>508.3</ele>
      </trkpt>
      <trkpt lat="43.51168" lon="-71.29633">
        <ele>506.53</ele>
      </trkpt>
      <trkpt lat="43.5117" lon="-71.29626">
        <ele>505.11</ele>
      </trkpt>
      <trkpt lat="43.51173" lon="-71.29619">
        <ele>503.34</ele>
      </trkpt>
      <trkpt lat="43.51176" lon="-71.29612">
        <ele>501.18</ele>
      </trkpt>
      <trkpt lat="43.51179" lon="-71.29605">
        <ele>500.01</ele>
      </trkpt>
      <trkpt lat="43.51182" lon="-71.29599">
        <ele>499.04</ele>
      </trkpt>
      <trkpt lat="43.51186" lon="-71.29592">
        <ele>497.77</ele>
      </trkpt>
      <trkpt lat="43.51188" lon="-71.29585">
        <ele>496.82</ele>
      </trkpt>
      <trkpt lat="43.51191" lon="-71.29578">
        <ele>495.8</ele>
      </trkpt>
      <trkpt lat="43.51194" lon="-71.29571">
        <ele>494.72</ele>
      </trkpt>
      <trkpt lat="43.51196" lon="-71.29563">
        <ele>493.47</ele>
      </trkpt>
      <trkpt lat="43.51199" lon="-71.29557">
        <ele>492.17</ele>
      </trkpt>
      <trkpt lat="43.51202" lon="-71.2955">
        <ele>490.66</ele>
      </trkpt>
      <trkpt lat="43.51205" lon="-71.29543">
        <ele>489.5</ele>
      </trkpt>
      <trkpt lat="43.51208" lon="-71.29536">
        <ele>488.42</ele>
      </trkpt>
      <trkpt lat="43.5121" lon="-71.29529">
        <ele>487.45</ele>
      </trkpt>
      <trkpt lat="43.51213" lon="-71.29521">
        <ele>486.27</ele>
      </trkpt>
      <trkpt lat="43.51215" lon="-71.29514">
        <ele>485.89</ele>
      </trkpt>
      <trkpt lat="43.51218" lon="-71.29507">
        <ele>485.46</ele>
      </trkpt>
      <trkpt lat="43.5122" lon="-71.295">
        <ele>485.24</ele>
      </trkpt>
      <trkpt lat="43.51224" lon="-71.29493">
        <ele>484.81</ele>
      </trkpt>
      <trkpt lat="43.51226" lon="-71.29486">
        <ele>484.29</ele>
      </trkpt>
      <trkpt lat="43.51229" lon="-71.29479">
        <ele>484.0</ele>
      </trkpt>
      <trkpt lat="43.51229" lon="-71.2947">
        <ele>484.06</ele>
      </trkpt>
      <trkpt lat="43.5123" lon="-71.29462">
        <ele>484.25</ele>
      </trkpt>
      <trkpt lat="43.51232" lon="-71.29454">
        <ele>484.91</ele>
      </trkpt>
      <trkpt lat="43.51232" lon="-71.29445">
        <ele>485.94</ele>
      </trkpt>
      <trkpt lat="43.51235" lon="-71.29438">
        <ele>486.7</ele>
      </trkpt>
      <trkpt lat="43.51237" lon="-71.2943">
        <ele>487.33</ele>
      </trkpt>
      <trkpt lat="43.5124" lon="-71.29424">
        <ele>487.94</ele>
      </trkpt>
      <trkpt lat="43.51243" lon="-71.29416">
        <ele>488.07</ele>
      </trkpt>
      <trkpt lat="43.51246" lon="-71.2941">
        <ele>488.72</ele>
      </trkpt>
      <trkpt lat="43.51248" lon="-71.29403">
        <ele>489.0</ele>
      </trkpt>
      <trkpt lat="43.51251" lon="-71.29396">
        <ele>489.0</ele>
      </trkpt>
      <trkpt lat="43.51252" lon="-71.29387">
        <ele>489.16</ele>
      </trkpt>
      <trkpt lat="43.51253" lon="-71.29378">
        <ele>489.91</ele>
      </trkpt>
      <trkpt lat="43.51253" lon="-71.29369">
        <ele>491.15</ele>
      </trkpt>
      <trkpt lat="43.51253" lon="-71.2936">
        <ele>492.12</ele>
      </trkpt>
      <trkpt lat="43.51253" lon="-71.29351">
        <ele>493.09</ele>
      </trkpt>
      <trkpt lat="43.51253" lon="-71.29341">
        <ele>494.0</ele>
      </trkpt>
      <trkpt lat="43.51253" lon="-71.29332">
        <ele>494.05</ele>
      </trkpt>
      <trkpt lat="43.51253" lon="-71.29323">
        <ele>494.32</ele>
      </trkpt>
      <trkpt lat="43.51254" lon="-71.29314">
        <ele>494.43</ele>
      </trkpt>
      <trkpt lat="43.51255" lon="-71.29306">
        <ele>494.54</ele>
      </trkpt>
      <trkpt lat="43.51257" lon="-71.29298">
        <ele>494.96</ele>
      </trkpt>
      <trkpt lat="43.51257" lon="-71.29292">
        <ele>495.46</ele>
      </trkpt>
      <trkpt lat="43.51253" lon="-71.29286">
        <ele>496.11</ele>
      </trkpt>
      <trkpt lat="43.51249" lon="-71.2928">
        <ele>496.63</ele>
      </trkpt>
      <trkpt lat="43.51244" lon="-71.29275">
        <ele>496.65</ele>
      </trkpt>
      <trkpt lat="43.5124" lon="-71.29269">
        <ele>496.86</ele>
      </trkpt>
      <trkpt lat="43.51236" lon="-71.29263">
        <ele>497.99</ele>
      </trkpt>
      <trkpt lat="43.51233" lon="-71.29257">
        <ele>499.49</ele>
      </trkpt>
      <trkpt lat="43.5123" lon="-71.2925">
        <ele>501.0</ele>
      </trkpt>
      <trkpt lat="43.51227" lon="-71.29244">
        <ele>502.94</ele>
      </trkpt>
      <trkpt lat="43.51225" lon="-71.29236">
        <ele>505.02</ele>
      </trkpt>
      <trkpt lat="43.51227" lon="-71.29227">
        <ele>506.97</ele>
      </trkpt>
      <trkpt lat="43.51229" lon="-71.2922">
        <ele>508.42</ele>
      </trkpt>
      <trkpt lat="43.5123" lon="-71.29211">
        <ele>510.09</ele>
      </trkpt>
      <trkpt lat="43.51232" lon="-71.29204">
        <ele>510.97</ele>
      </trkpt>
      <trkpt lat="43.51233" lon="-71.29196">
        <ele>512.66</ele>
      </trkpt>
      <trkpt lat="43.51235" lon="-71.29188">
        <ele>514.13</ele>
      </trkpt>
      <trkpt lat="43.51237" lon="-71.2918">
        <ele>515.3</ele>
      </trkpt>
      <trkpt lat="43.51235" lon="-71.29172">
        <ele>516.69</ele>
      </trkpt>
      <trkpt lat="43.51232" lon="-71.29165">
        <ele>518.12</ele>
      </trkpt>
      <trkpt lat="43.5123" lon="-71.29158">
        <ele>518.94</ele>
      </trkpt>
      <trkpt lat="43.51227" lon="-71.29151">
        <ele>519.69</ele>
      </trkpt>
      <trkpt lat="43.51225" lon="-71.29143">
        <ele>520.0</ele>
      </trkpt>
      <trkpt lat="43.51227" lon="-71.29135">
        <ele>520.42</ele>
      </trkpt>
      <trkpt lat="43.51229" lon="-71.29127">
        <ele>521.28</ele>
      </trkpt>
      <trkpt lat="43.5123" lon="-71.29119">
        <ele>522.15</ele>
      </trkpt>
      <trkpt lat="43.5123" lon="-71.29118">
        <ele>522.26</ele>
      </trkpt>
      <trkpt lat="43.51231" lon="-71.29111">
        <ele>523.0</ele>
      </trkpt>
      <trkpt lat="43.51231" lon="-71.29101">
        <ele>523.14</ele>
      </trkpt>
      <trkpt lat="43.51231" lon="-71.29092">
        <ele>524.06</ele>
      </trkpt>
      <trkpt lat="43.5123" lon="-71.29084">
        <ele>524.93</ele>
      </trkpt>
      <trkpt lat="43.51229" lon="-71.29076">
        <ele>525.0</ele>
      </trkpt>
      <trkpt lat="43.51227" lon="-71.29068">
        <ele>525.32</ele>
      </trkpt>
      <trkpt lat="43.51227" lon="-71.29061">
        <ele>525.48</ele>
      </trkpt>
      <trkpt lat="43.51229" lon="-71.29053">
        <ele>525.47</ele>
      </trkpt>
      <trkpt lat="43.51229" lon="-71.29046">
        <ele>526.0</ele>
      </trkpt>
      <trkpt lat="43.5123" lon="-71.29039">
        <ele>526.0</ele>
      </trkpt>
      <trkpt lat="43.51228" lon="-71.29032">
        <ele>526.0</ele>
      </trkpt>
      <trkpt lat="43.51231" lon="-71.29026">
        <ele>526.19</ele>
      </trkpt>
      <trkpt lat="43.51232" lon="-71.29019">
        <ele>526.89</ele>
      </trkpt>
      <trkpt lat="43.51235" lon="-71.29012">
        <ele>526.89</ele>
      </trkpt>
      <trkpt lat="43.51237" lon="-71.29004">
        <ele>527.57</ele>
      </trkpt>
      <trkpt lat="43.51239" lon="-71.28997">
        <ele>528.0</ele>
      </trkpt>
      <trkpt lat="43.51241" lon="-71.28989">
        <ele>528.19</ele>
      </trkpt>
      <trkpt lat="43.51244" lon="-71.28982">
        <ele>528.94</ele>
      </trkpt>
      <trkpt lat="43.51247" lon="-71.28975">
        <ele>529.23</ele>
      </trkpt>
      <trkpt lat="43.51247" lon="-71.28966">
        <ele>529.78</ele>
      </trkpt>
      <trkpt lat="43.51248" lon="-71.28958">
        <ele>530.54</ele>
      </trkpt>
      <trkpt lat="43.51248" lon="-71.28949">
        <ele>532.02</ele>
      </trkpt>
      <trkpt lat="43.51249" lon="-71.2894">
        <ele>533.48</ele>
      </trkpt>
      <trkpt lat="43.5125" lon="-71.28932">
        <ele>534.34</ele>
      </trkpt>
      <trkpt lat="43.51251" lon="-71.28924">
        <ele>535.21</ele>
      </trkpt>
      <trkpt lat="43.51254" lon="-71.28916">
        <ele>536.07</ele>
      </trkpt>
      <trkpt lat="43.51257" lon="-71.2891">
        <ele>536.72</ele>
      </trkpt>
      <trkpt lat="43.51259" lon="-71.28902">
        <ele>537.58</ele>
      </trkpt>
      <trkpt lat="43.51263" lon="-71.28896">
        <ele>538.23</ele>
      </trkpt>
      <trkpt lat="43.51266" lon="-71.28889">
        <ele>538.99</ele>
      </trkpt>
      <trkpt lat="43.51269" lon="-71.28883">
        <ele>538.98</ele>
      </trkpt>
      <trkpt lat="43.51272" lon="-71.28875">
        <ele>539.5</ele>
      </trkpt>
      <trkpt lat="43.51277" lon="-71.2887">
        <ele>540.0</ele>
      </trkpt>
      <trkpt lat="43.51281" lon="-71.28865">
        <ele>540.0</ele>
      </trkpt>
      <trkpt lat="43.51287" lon="-71.2886">
        <ele>540.12</ele>
      </trkpt>
      <trkpt lat="43.51293" lon="-71.28855">
        <ele>540.23</ele>
      </trkpt>
      <trkpt lat="43.51298" lon="-71.28851">
        <ele>540.08</ele>
      </trkpt>
      <trkpt lat="43.51304" lon="-71.28846">
        <ele>540.11</ele>
      </trkpt>
      <trkpt lat="43.51309" lon="-71.28843">
        <ele>539.61</ele>
      </trkpt>
      <trkpt lat="43.51315" lon="-71.2884">
        <ele>539.26</ele>
      </trkpt>
      <trkpt lat="43.5132" lon="-71.28837">
        <ele>539.04</ele>
      </trkpt>
      <trkpt lat="43.51326" lon="-71.28834">
        <ele>538.53</ele>
      </trkpt>
      <trkpt lat="43.51332" lon="-71.28831">
        <ele>537.5</ele>
      </trkpt>
      <trkpt lat="43.51336" lon="-71.28826">
        <ele>537.5</ele>
      </trkpt>
      <trkpt lat="43.51341" lon="-71.2882">
        <ele>537.61</ele>
      </trkpt>
      <trkpt lat="43.51345" lon="-71.28815">
        <ele>537.98</ele>
      </trkpt>
      <trkpt lat="43.51348" lon="-71.28808">
        <ele>538.74</ele>
      </trkpt>
      <trkpt lat="43.51352" lon="-71.28801">
        <ele>539.48</ele>
      </trkpt>
      <trkpt lat="43.51355" lon="-71.28795">
        <ele>539.71</ele>
      </trkpt>
      <trkpt lat="43.51357" lon="-71.28788">
        <ele>539.94</ele>
      </trkpt>
      <trkpt lat="43.5136" lon="-71.2878">
        <ele>540.76</ele>
      </trkpt>
      <trkpt lat="43.51362" lon="-71.28773">
        <ele>541.52</ele>
      </trkpt>
      <trkpt lat="43.51363" lon="-71.28764">
        <ele>542.1</ele>
      </trkpt>
      <trkpt lat="43.51365" lon="-71.28757">
        <ele>542.66</ele>
      </trkpt>
      <trkpt lat="43.51365" lon="-71.28748">
        <ele>543.64</ele>
      </trkpt>
      <trkpt lat="43.51364" lon="-71.2874">
        <ele>544.37</ele>
      </trkpt>
      <trkpt lat="43.5136" lon="-71.28734">
        <ele>544.61</ele>
      </trkpt>
      <trkpt lat="43.51354" lon="-71.28729">
        <ele>544.44</ele>
      </trkpt>
      <trkpt lat="43.51348" lon="-71.28725">
        <ele>544.28</ele>
      </trkpt>
      <trkpt lat="43.51343" lon="-71.2872">
        <ele>544.04</ele>
      </trkpt>
      <trkpt lat="43.51337" lon="-71.28716">
        <ele>542.79</ele>
      </trkpt>
      <trkpt lat="43.51333" lon="-71.2871">
        <ele>541.58</ele>
      </trkpt>
      <trkpt lat="43.51328" lon="-71.28705">
        <ele>539.91</ele>
      </trkpt>
      <trkpt lat="43.51324" lon="-71.28699">
        <ele>538.47</ele>
      </trkpt>
      <trkpt lat="43.5132" lon="-71.28694">
        <ele>537.07</ele>
      </trkpt>
      <trkpt lat="43.51315" lon="-71.28688">
        <ele>535.34</ele>
      </trkpt>
      <trkpt lat="43.5131" lon="-71.28684">
        <ele>534.35</ele>
      </trkpt>
      <trkpt lat="43.51304" lon="-71.28679">
        <ele>533.11</ele>
      </trkpt>
      <trkpt lat="43.51303" lon="-71.28678">
        <ele>532.89</ele>
      </trkpt>
      <trkpt lat="43.51299" lon="-71.28675">
        <ele>532.19</ele>
      </trkpt>
      <trkpt lat="43.51293" lon="-71.2867">
        <ele>531.0</ele>
      </trkpt>
      <trkpt lat="43.51287" lon="-71.28666">
        <ele>529.92</ele>
      </trkpt>
      <trkpt lat="43.51282" lon="-71.28661">
        <ele>528.3</ele>
      </trkpt>
      <trkpt lat="43.51276" lon="-71.28657">
        <ele>526.76</ele>
      </trkpt>
      <trkpt lat="43.51271" lon="-71.28652">
        <ele>525.68</ele>
      </trkpt>
      <trkpt lat="43.51265" lon="-71.2865">
        <ele>524.82</ele>
      </trkpt>
      <trkpt lat="43.5126" lon="-71.28647">
        <ele>524.08</ele>
      </trkpt>
      <trkpt lat="43.51254" lon="-71.28644">
        <ele>523.43</ele>
      </trkpt>
      <trkpt lat="43.51249" lon="-71.28644">
        <ele>522.89</ele>
      </trkpt>
      <trkpt lat="43.51243" lon="-71.28639">
        <ele>522.24</ele>
      </trkpt>
      <trkpt lat="43.5124" lon="-71.28633">
        <ele>521.33</ele>
      </trkpt>
      <trkpt lat="43.51235" lon="-71.28627">
        <ele>521.0</ele>
      </trkpt>
      <trkpt lat="43.51231" lon="-71.28622">
        <ele>521.0</ele>
      </trkpt>
      <trkpt lat="43.51226" lon="-71.28616">
        <ele>520.53</ele>
      </trkpt>
      <trkpt lat="43.51222" lon="-71.28611">
        <ele>520.0</ele>
      </trkpt>
      <trkpt lat="43.51218" lon="-71.28605">
        <ele>519.7</ele>
      </trkpt>
      <trkpt lat="43.51213" lon="-71.286">
        <ele>519.0</ele>
      </trkpt>
      <trkpt lat="43.5121" lon="-71.28593">
        <ele>518.69</ele>
      </trkpt>
      <trkpt lat="43.51206" lon="-71.28587">
        <ele>517.64</ele>
      </trkpt>
      <trkpt lat="43.51203" lon="-71.28581">
        <ele>516.98</ele>
      </trkpt>
      <trkpt lat="43.512" lon="-71.28574">
        <ele>516.59</ele>
      </trkpt>
      <trkpt lat="43.51197" lon="-71.28567">
        <ele>515.51</ele>
      </trkpt>
      <trkpt lat="43.51192" lon="-71.28562">
        <ele>515.0</ele>
      </trkpt>
      <trkpt lat="43.51188" lon="-71.28557">
        <ele>515.0</ele>
      </trkpt>
      <trkpt lat="43.51182" lon="-71.28552">
        <ele>514.4</ele>
      </trkpt>
      <trkpt lat="43.51176" lon="-71.28548">
        <ele>514.0</ele>
      </trkpt>
      <trkpt lat="43.51171" lon="-71.28543">
        <ele>513.11</ele>
      </trkpt>
      <trkpt lat="43.51165" lon="-71.28539">
        <ele>512.17</ele>
      </trkpt>
      <trkpt lat="43.5116" lon="-71.28534">
        <ele>511.67</ele>
      </trkpt>
      <trkpt lat="43.51154" lon="-71.2853">
        <ele>510.87</ele>
      </trkpt>
      <trkpt lat="43.51149" lon="-71.28525">
        <ele>510.06</ele>
      </trkpt>
      <trkpt lat="43.51143" lon="-71.28521">
        <ele>509.59</ele>
      </trkpt>
      <trkpt lat="43.51138" lon="-71.28516">
        <ele>508.73</ele>
      </trkpt>
      <trkpt lat="43.51132" lon="-71.28512">
        <ele>508.3</ele>
      </trkpt>
      <trkpt lat="43.51126" lon="-71.28507">
        <ele>507.76</ele>
      </trkpt>
      <trkpt lat="43.51125" lon="-71.28506">
        <ele>507.65</ele>
      </trkpt>
      <trkpt lat="43.51121" lon="-71.28505">
        <ele>507.54</ele>
      </trkpt>
      <trkpt lat="43.51115" lon="-71.285">
        <ele>507.0</ele>
      </trkpt>
      <trkpt lat="43.5111" lon="-71.28501">
        <ele>506.99</ele>
      </trkpt>
      <trkpt lat="43.51104" lon="-71.285">
        <ele>506.23</ele>
      </trkpt>
      <trkpt lat="43.51099" lon="-71.28501">
        <ele>505.8</ele>
      </trkpt>
      <trkpt lat="43.51093" lon="-71.28502">
        <ele>505.26</ele>
      </trkpt>
      <trkpt lat="43.51088" lon="-71.28503">
        <ele>504.83</ele>
      </trkpt>
      <trkpt lat="43.51082" lon="-71.28502">
        <ele>504.18</ele>
      </trkpt>
      <trkpt lat="43.51076" lon="-71.28503">
        <ele>504.07</ele>
      </trkpt>
      <trkpt lat="43.51071" lon="-71.28503">
        <ele>503.78</ele>
      </trkpt>
      <trkpt lat="43.51065" lon="-71.28502">
        <ele>503.23</ele>
      </trkpt>
      <trkpt lat="43.5106" lon="-71.28501">
        <ele>503.05</ele>
      </trkpt>
      <trkpt lat="43.51054" lon="-71.28502">
        <ele>502.83</ele>
      </trkpt>
      <trkpt lat="43.51049" lon="-71.28498">
        <ele>502.23</ele>
      </trkpt>
      <trkpt lat="43.51043" lon="-71.28495">
        <ele>501.64</ele>
      </trkpt>
      <trkpt lat="43.51038" lon="-71.28492">
        <ele>501.1</ele>
      </trkpt>
      <trkpt lat="43.51032" lon="-71.28488">
        <ele>500.46</ele>
      </trkpt>
      <trkpt lat="43.51026" lon="-71.28489">
        <ele>499.96</ele>
      </trkpt>
      <trkpt lat="43.51021" lon="-71.28488">
        <ele>499.78</ele>
      </trkpt>
      <trkpt lat="43.51015" lon="-71.28489">
        <ele>499.81</ele>
      </trkpt>
      <trkpt lat="43.5101" lon="-71.28489">
        <ele>499.81</ele>
      </trkpt>
      <trkpt lat="43.51004" lon="-71.28493">
        <ele>499.57</ele>
      </trkpt>
      <trkpt lat="43.50999" lon="-71.28494">
        <ele>499.35</ele>
      </trkpt>
      <trkpt lat="43.50993" lon="-71.28497">
        <ele>499.68</ele>
      </trkpt>
      <trkpt lat="43.50988" lon="-71.285">
        <ele>499.7</ele>
      </trkpt>
      <trkpt lat="43.50982" lon="-71.28501">
        <ele>499.16</ele>
      </trkpt>
      <trkpt lat="43.50976" lon="-71.28502">
        <ele>499.09</ele>
      </trkpt>
      <trkpt lat="43.50971" lon="-71.28503">
        <ele>498.87</ele>
      </trkpt>
      <trkpt lat="43.50965" lon="-71.28504">
        <ele>498.22</ele>
      </trkpt>
      <trkpt lat="43.5096" lon="-71.28503">
        <ele>497.36</ele>
      </trkpt>
      <trkpt lat="43.50954" lon="-71.28504">
        <ele>496.06</ele>
      </trkpt>
      <trkpt lat="43.50949" lon="-71.28499">
        <ele>495.49</ele>
      </trkpt>
      <trkpt lat="43.50943" lon="-71.28499">
        <ele>494.84</ele>
      </trkpt>
      <trkpt lat="43.50938" lon="-71.28495">
        <ele>494.3</ele>
      </trkpt>
      <trkpt lat="43.50932" lon="-71.28495">
        <ele>492.97</ele>
      </trkpt>
      <trkpt lat="43.50926" lon="-71.28495">
        <ele>491.02</ele>
      </trkpt>
      <trkpt lat="43.50922" lon="-71.28498">
        <ele>488.88</ele>
      </trkpt>
      <trkpt lat="43.50919" lon="-71.28505">
        <ele>487.26</ele>
      </trkpt>
      <trkpt lat="43.50915" lon="-71.28511">
        <ele>484.92</ele>
      </trkpt>
      <trkpt lat="43.5091" lon="-71.28514">
        <ele>481.68</ele>
      </trkpt>
      <trkpt lat="43.50906" lon="-71.2851">
        <ele>479.09</ele>
      </trkpt>
      <trkpt lat="43.50903" lon="-71.28503">
        <ele>476.82</ele>
      </trkpt>
      <trkpt lat="43.509" lon="-71.28497">
        <ele>474.4</ele>
      </trkpt>
      <trkpt lat="43.50898" lon="-71.28489">
        <ele>472.72</ele>
      </trkpt>
      <trkpt lat="43.50894" lon="-71.28483">
        <ele>469.48</ele>
      </trkpt>
      <trkpt lat="43.50892" lon="-71.28476">
        <ele>467.62</ele>
      </trkpt>
      <trkpt lat="43.50889" lon="-71.28469">
        <ele>464.74</ele>
      </trkpt>
      <trkpt lat="43.50886" lon="-71.28462">
        <ele>461.95</ele>
      </trkpt>
      <trkpt lat="43.50883" lon="-71.28455">
        <ele>459.01</ele>
      </trkpt>
      <trkpt lat="43.50881" lon="-71.28448">
        <ele>457.12</ele>
      </trkpt>
      <trkpt lat="43.50878" lon="-71.28442">
        <ele>454.64</ele>
      </trkpt>
      <trkpt lat="43.50875" lon="-71.28435">
        <ele>451.98</ele>
      </trkpt>
      <trkpt lat="43.5087" lon="-71.2843">
        <ele>449.24</ele>
      </trkpt>
      <trkpt lat="43.50865" lon="-71.28424">
        <ele>445.8</ele>
      </trkpt>
      <trkpt lat="43.50861" lon="-71.28419">
        <ele>443.2</ele>
      </trkpt>
      <trkpt lat="43.50856" lon="-71.28414">
        <ele>440.66</ele>
      </trkpt>
      <trkpt lat="43.50853" lon="-71.28407">
        <ele>439.33</ele>
      </trkpt>
      <trkpt lat="43.5085" lon="-71.284">
        <ele>437.8</ele>
      </trkpt>
      <trkpt lat="43.50849" lon="-71.28392">
        <ele>437.38</ele>
      </trkpt>
      <trkpt lat="43.5085" lon="-71.28384">
        <ele>437.07</ele>
      </trkpt>
      <trkpt lat="43.50852" lon="-71.28376">
        <ele>437.03</ele>
      </trkpt>
      <trkpt lat="43.50854" lon="-71.28369">
        <ele>437.32</ele>
      </trkpt>
      <trkpt lat="43.50857" lon="-71.28362">
        <ele>437.21</ele>
      </trkpt>
      <trkpt lat="43.50858" lon="-71.28353">
        <ele>436.45</ele>
      </trkpt>
      <trkpt lat="43.5086" lon="-71.28346">
        <ele>436.13</ele>
      </trkpt>
      <trkpt lat="43.50862" lon="-71.28338">
        <ele>435.7</ele>
      </trkpt>
      <trkpt lat="43.50863" lon="-71.2833">
        <ele>434.69</ele>
      </trkpt>
      <trkpt lat="43.50866" lon="-71.28323">
        <ele>433.89</ele>
      </trkpt>
      <trkpt lat="43.50866" lon="-71.28313">
        <ele>432.09</ele>
      </trkpt>
      <trkpt lat="43.50864" lon="-71.28305">
        <ele>429.46</ele>
      </trkpt>
      <trkpt lat="43.5086" lon="-71.283">
        <ele>426.91</ele>
      </trkpt>
      <trkpt lat="43.50856" lon="-71.28294">
        <ele>424.26</ele>
      </trkpt>
      <trkpt lat="43.50855" lon="-71.28286">
        <ele>421.76</ele>
      </trkpt>
      <trkpt lat="43.50857" lon="-71.28278">
        <ele>420.17</ele>
      </trkpt>
      <trkpt lat="43.50859" lon="-71.28271">
        <ele>418.51</ele>
      </trkpt>
      <trkpt lat="43.50859" lon="-71.28264">
        <ele>416.8</ele>
      </trkpt>
      <trkpt lat="43.50856" lon="-71.28257">
        <ele>414.96</ele>
      </trkpt>
      <trkpt lat="43.50855" lon="-71.28256">
        <ele>414.64</ele>
      </trkpt>
      <trkpt lat="43.50853" lon="-71.2825">
        <ele>413.12</ele>
      </trkpt>
      <trkpt lat="43.50851" lon="-71.28242">
        <ele>410.21</ele>
      </trkpt>
      <trkpt lat="43.50849" lon="-71.28235">
        <ele>408.33</ele>
      </trkpt>
      <trkpt lat="43.50847" lon="-71.28228">
        <ele>406.9</ele>
      </trkpt>
      <trkpt lat="43.50846" lon="-71.28219">
        <ele>405.26</ele>
      </trkpt>
      <trkpt lat="43.50844" lon="-71.28212">
        <ele>403.94</ele>
      </trkpt>
      <trkpt lat="43.50841" lon="-71.28205">
        <ele>401.94</ele>
      </trkpt>
      <trkpt lat="43.50839" lon="-71.28197">
        <ele>400.06</ele>
      </trkpt>
      <trkpt lat="43.50839" lon="-71.2819">
        <ele>398.95</ele>
      </trkpt>
      <trkpt lat="43.50842" lon="-71.28183">
        <ele>398.42</ele>
      </trkpt>
      <trkpt lat="43.50846" lon="-71.28177">
        <ele>397.6</ele>
      </trkpt>
      <trkpt lat="43.50849" lon="-71.2817">
        <ele>396.41</ele>
      </trkpt>
      <trkpt lat="43.50851" lon="-71.28163">
        <ele>395.12</ele>
      </trkpt>
      <trkpt lat="43.50855" lon="-71.28156">
        <ele>394.04</ele>
      </trkpt>
      <trkpt lat="43.50857" lon="-71.28149">
        <ele>392.74</ele>
      </trkpt>
      <trkpt lat="43.50859" lon="-71.28142">
        <ele>391.44</ele>
      </trkpt>
      <trkpt lat="43.50863" lon="-71.28135">
        <ele>390.16</ele>
      </trkpt>
      <trkpt lat="43.50866" lon="-71.28129">
        <ele>388.86</ele>
      </trkpt>
      <trkpt lat="43.5087" lon="-71.28123">
        <ele>387.57</ele>
      </trkpt>
      <trkpt lat="43.5087" lon="-71.28114">
        <ele>385.62</ele>
      </trkpt>
      <trkpt lat="43.50873" lon="-71.28106">
        <ele>384.58</ele>
      </trkpt>
      <trkpt lat="43.50873" lon="-71.28097">
        <ele>382.95</ele>
      </trkpt>
      <trkpt lat="43.50876" lon="-71.2809">
        <ele>381.44</ele>
      </trkpt>
      <trkpt lat="43.50879" lon="-71.28083">
        <ele>379.93</ele>
      </trkpt>
      <trkpt lat="43.50884" lon="-71.28078">
        <ele>379.32</ele>
      </trkpt>
      <trkpt lat="43.50888" lon="-71.28073">
        <ele>378.57</ele>
      </trkpt>
      <trkpt lat="43.50894" lon="-71.28068">
        <ele>377.39</ele>
      </trkpt>
      <trkpt lat="43.50898" lon="-71.28062">
        <ele>376.08</ele>
      </trkpt>
      <trkpt lat="43.50904" lon="-71.28057">
        <ele>374.47</ele>
      </trkpt>
      <trkpt lat="43.50906" lon="-71.2805">
        <ele>372.8</ele>
      </trkpt>
      <trkpt lat="43.50909" lon="-71.28044">
        <ele>371.5</ele>
      </trkpt>
      <trkpt lat="43.50912" lon="-71.28036">
        <ele>369.83</ele>
      </trkpt>
      <trkpt lat="43.50917" lon="-71.28031">
        <ele>369.35</ele>
      </trkpt>
      <trkpt lat="43.50921" lon="-71.28025">
        <ele>368.4</ele>
      </trkpt>
      <trkpt lat="43.50925" lon="-71.28019">
        <ele>367.1</ele>
      </trkpt>
      <trkpt lat="43.50929" lon="-71.28014">
        <ele>366.02</ele>
      </trkpt>
      <trkpt lat="43.50933" lon="-71.28007">
        <ele>364.27</ele>
      </trkpt>
      <trkpt lat="43.50936" lon="-71.28001">
        <ele>362.31</ele>
      </trkpt>
      <trkpt lat="43.5094" lon="-71.27994">
        <ele>360.7</ele>
      </trkpt>
      <trkpt lat="43.50943" lon="-71.27987">
        <ele>358.79</ele>
      </trkpt>
      <trkpt lat="43.50943" lon="-71.27978">
        <ele>356.25</ele>
      </trkpt>
      <trkpt lat="43.50944" lon="-71.2797">
        <ele>354.28</ele>
      </trkpt>
      <trkpt lat="43.50945" lon="-71.27962">
        <ele>351.79</ele>
      </trkpt>
      <trkpt lat="43.50946" lon="-71.27953">
        <ele>349.85</ele>
      </trkpt>
      <trkpt lat="43.50947" lon="-71.27945">
        <ele>348.12</ele>
      </trkpt>
      <trkpt lat="43.5095" lon="-71.27937">
        <ele>345.59</ele>
      </trkpt>
      <trkpt lat="43.50952" lon="-71.2793">
        <ele>343.88</ele>
      </trkpt>
      <trkpt lat="43.50954" lon="-71.27923">
        <ele>342.05</ele>
      </trkpt>
      <trkpt lat="43.50957" lon="-71.27915">
        <ele>339.46</ele>
      </trkpt>
      <trkpt lat="43.50962" lon="-71.2791">
        <ele>337.84</ele>
      </trkpt>
      <trkpt lat="43.50966" lon="-71.27905">
        <ele>336.48</ele>
      </trkpt>
      <trkpt lat="43.50972" lon="-71.27902">
        <ele>335.83</ele>
      </trkpt>
      <trkpt lat="43.50977" lon="-71.27899">
        <ele>335.18</ele>
      </trkpt>
      <trkpt lat="43.50983" lon="-71.27898">
        <ele>334.81</ele>
      </trkpt>
      <trkpt lat="43.50989" lon="-71.27895">
        <ele>333.78</ele>
      </trkpt>
      <trkpt lat="43.50993" lon="-71.27889">
        <ele>333.01</ele>
      </trkpt>
      <trkpt lat="43.50996" lon="-71.27883">
        <ele>331.73</ele>
      </trkpt>
      <trkpt lat="43.51" lon="-71.27877">
        <ele>330.43</ele>
      </trkpt>
      <trkpt lat="43.51003" lon="-71.2787">
        <ele>328.92</ele>
      </trkpt>
      <trkpt lat="43.51007" lon="-71.27864">
        <ele>327.62</ele>
      </trkpt>
      <trkpt lat="43.51012" lon="-71.27862">
        <ele>326.9</ele>
      </trkpt>
      <trkpt lat="43.51015" lon="-71.27858">
        <ele>325.58</ele>
      </trkpt>
      <trkpt lat="43.51021" lon="-71.27856">
        <ele>324.63</ele>
      </trkpt>
      <trkpt lat="43.51024" lon="-71.2785">
        <ele>322.81</ele>
      </trkpt>
      <trkpt lat="43.51029" lon="-71.27845">
        <ele>320.65</ele>
      </trkpt>
      <trkpt lat="43.51032" lon="-71.27838">
        <ele>318.55</ele>
      </trkpt>
      <trkpt lat="43.51037" lon="-71.27833">
        <ele>316.9</ele>
      </trkpt>
      <trkpt lat="43.51039" lon="-71.27825">
        <ele>314.28</ele>
      </trkpt>
      <trkpt lat="43.51041" lon="-71.27817">
        <ele>312.47</ele>
      </trkpt>
      <trkpt lat="43.51042" lon="-71.27809">
        <ele>310.74</ele>
      </trkpt>
      <trkpt lat="43.51043" lon="-71.27801">
        <ele>308.52</ele>
      </trkpt>
      <trkpt lat="43.51045" lon="-71.27793">
        <ele>306.29</ele>
      </trkpt>
      <trkpt lat="43.51046" lon="-71.27784">
        <ele>304.67</ele>
      </trkpt>
      <trkpt lat="43.5105" lon="-71.27778">
        <ele>304.02</ele>
      </trkpt>
      <trkpt lat="43.51055" lon="-71.27774">
        <ele>303.59</ele>
      </trkpt>
      <trkpt lat="43.51061" lon="-71.27773">
        <ele>303.48</ele>
      </trkpt>
      <trkpt lat="43.51067" lon="-71.2777">
        <ele>303.16</ele>
      </trkpt>
      <trkpt lat="43.51072" lon="-71.27769">
        <ele>303.05</ele>
      </trkpt>
      <trkpt lat="43.51078" lon="-71.27768">
        <ele>302.94</ele>
      </trkpt>
      <trkpt lat="43.51083" lon="-71.27767">
        <ele>302.84</ele>
      </trkpt>
      <trkpt lat="43.51089" lon="-71.27766">
        <ele>302.73</ele>
      </trkpt>
      <trkpt lat="43.51094" lon="-71.27766">
        <ele>302.73</ele>
      </trkpt>
      <trkpt lat="43.511" lon="-71.27765">
        <ele>302.62</ele>
      </trkpt>
      <trkpt lat="43.51106" lon="-71.27766">
        <ele>303.18</ele>
      </trkpt>
      <trkpt lat="43.51111" lon="-71.27765">
        <ele>303.61</ele>
      </trkpt>
      <trkpt lat="43.51117" lon="-71.27766">
        <ele>303.73</ele>
      </trkpt>
      <trkpt lat="43.51122" lon="-71.27765">
        <ele>303.62</ele>
      </trkpt>
      <trkpt lat="43.51128" lon="-71.27766">
        <ele>303.73</ele>
      </trkpt>
      <trkpt lat="43.51133" lon="-71.27765">
        <ele>303.62</ele>
      </trkpt>
      <trkpt lat="43.51139" lon="-71.27766">
        <ele>303.73</ele>
      </trkpt>
      <trkpt lat="43.51144" lon="-71.27765">
        <ele>303.62</ele>
      </trkpt>
      <trkpt lat="43.5115" lon="-71.27765">
        <ele>303.62</ele>
      </trkpt>
      <trkpt lat="43.51156" lon="-71.27765">
        <ele>303.62</ele>
      </trkpt>
      <trkpt lat="43.51161" lon="-71.27765">
        <ele>303.86</ele>
      </trkpt>
      <trkpt lat="43.51167" lon="-71.27766">
        <ele>304.46</ele>
      </trkpt>
      <trkpt lat="43.51172" lon="-71.27767">
        <ele>304.67</ele>
      </trkpt>
      <trkpt lat="43.51178" lon="-71.27768">
        <ele>304.89</ele>
      </trkpt>
      <trkpt lat="43.51183" lon="-71.27769">
        <ele>305.05</ele>
      </trkpt>
      <trkpt lat="43.51189" lon="-71.27769">
        <ele>305.05</ele>
      </trkpt>
      <trkpt lat="43.51194" lon="-71.2777">
        <ele>305.16</ele>
      </trkpt>
      <trkpt lat="43.512" lon="-71.27771">
        <ele>305.27</ele>
      </trkpt>
      <trkpt lat="43.51206" lon="-71.27772">
        <ele>305.22</ele>
      </trkpt>
      <trkpt lat="43.51211" lon="-71.27774">
        <ele>305.27</ele>
      </trkpt>
      <trkpt lat="43.51217" lon="-71.27775">
        <ele>305.4</ele>
      </trkpt>
      <trkpt lat="43.51222" lon="-71.27776">
        <ele>305.62</ele>
      </trkpt>
      <trkpt lat="43.51228" lon="-71.27777">
        <ele>305.83</ele>
      </trkpt>
      <trkpt lat="43.51233" lon="-71.27778">
        <ele>305.86</ele>
      </trkpt>
      <trkpt lat="43.51239" lon="-71.27777">
        <ele>305.09</ele>
      </trkpt>
      <trkpt lat="43.51244" lon="-71.27776">
        <ele>304.81</ele>
      </trkpt>
      <trkpt lat="43.5125" lon="-71.27775">
        <ele>304.7</ele>
      </trkpt>
      <trkpt lat="43.51256" lon="-71.27775">
        <ele>304.05</ele>
      </trkpt>
      <trkpt lat="43.51261" lon="-71.27774">
        <ele>303.4</ele>
      </trkpt>
      <trkpt lat="43.51267" lon="-71.27775">
        <ele>302.86</ele>
      </trkpt>
      <trkpt lat="43.51272" lon="-71.27778">
        <ele>302.66</ele>
      </trkpt>
      <trkpt lat="43.51278" lon="-71.27779">
        <ele>302.11</ele>
      </trkpt>
      <trkpt lat="43.51283" lon="-71.27783">
        <ele>302.0</ele>
      </trkpt>
      <trkpt lat="43.51287" lon="-71.2779">
        <ele>302.32</ele>
      </trkpt>
      <trkpt lat="43.51291" lon="-71.27795">
        <ele>302.0</ele>
      </trkpt>
      <trkpt lat="43.51294" lon="-71.27801">
        <ele>301.5</ele>
      </trkpt>
      <trkpt lat="43.51298" lon="-71.27808">
        <ele>300.9</ele>
      </trkpt>
      <trkpt lat="43.51301" lon="-71.27814">
        <ele>300.9</ele>
      </trkpt>
      <trkpt lat="43.51306" lon="-71.27817">
        <ele>300.15</ele>
      </trkpt>
      <trkpt lat="43.51311" lon="-71.27815">
        <ele>298.86</ele>
      </trkpt>
      <trkpt lat="43.51317" lon="-71.2781">
        <ele>297.24</ele>
      </trkpt>
      <trkpt lat="43.51322" lon="-71.27807">
        <ele>296.38</ele>
      </trkpt>
      <trkpt lat="43.51328" lon="-71.27803">
        <ele>295.18</ele>
      </trkpt>
      <trkpt lat="43.51333" lon="-71.27804">
        <ele>294.71</ele>
      </trkpt>
      <trkpt lat="43.51339" lon="-71.27803">
        <ele>293.84</ele>
      </trkpt>
      <trkpt lat="43.51344" lon="-71.27807">
        <ele>294.0</ele>
      </trkpt>
      <trkpt lat="43.5135" lon="-71.27808">
        <ele>293.46</ele>
      </trkpt>
      <trkpt lat="43.51356" lon="-71.27811">
        <ele>293.14</ele>
      </trkpt>
      <trkpt lat="43.51361" lon="-71.27813">
        <ele>292.82</ele>
      </trkpt>
      <trkpt lat="43.51367" lon="-71.27816">
        <ele>292.49</ele>
      </trkpt>
      <trkpt lat="43.51372" lon="-71.27817">
        <ele>292.06</ele>
      </trkpt>
      <trkpt lat="43.51378" lon="-71.27821">
        <ele>291.84</ele>
      </trkpt>
      <trkpt lat="43.51383" lon="-71.2782">
        <ele>291.04</ele>
      </trkpt>
      <trkpt lat="43.51387" lon="-71.27821">
        <ele>290.61</ele>
      </trkpt>
      <trkpt lat="43.51389" lon="-71.27821">
        <ele>290.32</ele>
      </trkpt>
      <trkpt lat="43.51394" lon="-71.2782">
        <ele>289.26</ele>
      </trkpt>
      <trkpt lat="43.514" lon="-71.27821">
        <ele>288.27</ele>
      </trkpt>
      <trkpt lat="43.51406" lon="-71.2782">
        <ele>286.86</ele>
      </trkpt>
      <trkpt lat="43.51411" lon="-71.27821">
        <ele>286.28</ele>
      </trkpt>
      <trkpt lat="43.51417" lon="-71.2782">
        <ele>285.54</ele>
      </trkpt>
      <trkpt lat="43.51422" lon="-71.2782">
        <ele>285.24</ele>
      </trkpt>
      <trkpt lat="43.51428" lon="-71.27819">
        <ele>284.88</ele>
      </trkpt>
      <trkpt lat="43.51433" lon="-71.2782">
        <ele>284.66</ele>
      </trkpt>
      <trkpt lat="43.51439" lon="-71.27819">
        <ele>284.04</ele>
      </trkpt>
      <trkpt lat="43.51445" lon="-71.27819">
        <ele>283.39</ele>
      </trkpt>
      <trkpt lat="43.5145" lon="-71.27815">
        <ele>282.42</ele>
      </trkpt>
      <trkpt lat="43.51456" lon="-71.27814">
        <ele>281.66</ele>
      </trkpt>
      <trkpt lat="43.51461" lon="-71.27811">
        <ele>280.8</ele>
      </trkpt>
      <trkpt lat="43.51467" lon="-71.27808">
        <ele>279.83</ele>
      </trkpt>
      <trkpt lat="43.51472" lon="-71.27806">
        <ele>279.07</ele>
      </trkpt>
      <trkpt lat="43.51478" lon="-71.27803">
        <ele>277.37</ele>
      </trkpt>
      <trkpt lat="43.51483" lon="-71.27798">
        <ele>276.02</ele>
      </trkpt>
      <trkpt lat="43.51488" lon="-71.27792">
        <ele>274.83</ele>
      </trkpt>
      <trkpt lat="43.51489" lon="-71.27784">
        <ele>273.86</ele>
      </trkpt>
      <trkpt lat="43.51489" lon="-71.27775">
        <ele>272.89</ele>
      </trkpt>
      <trkpt lat="43.51487" lon="-71.27767">
        <ele>272.24</ele>
      </trkpt>
      <trkpt lat="43.51485" lon="-71.2776">
        <ele>271.7</ele>
      </trkpt>
      <trkpt lat="43.51485" lon="-71.27753">
        <ele>270.94</ele>
      </trkpt>
      <trkpt lat="43.51489" lon="-71.27747">
        <ele>269.86</ele>
      </trkpt>
      <trkpt lat="43.51495" lon="-71.27742">
        <ele>268.68</ele>
      </trkpt>
      <trkpt lat="43.515" lon="-71.27738">
        <ele>268.0</ele>
      </trkpt>
      <trkpt lat="43.51506" lon="-71.27733">
        <ele>267.46</ele>
      </trkpt>
      <trkpt lat="43.51511" lon="-71.27728">
        <ele>267.0</ele>
      </trkpt>
      <trkpt lat="43.51517" lon="-71.27723">
        <ele>267.0</ele>
      </trkpt>
      <trkpt lat="43.51521" lon="-71.27718">
        <ele>266.4</ele>
      </trkpt>
      <trkpt lat="43.51526" lon="-71.27712">
        <ele>265.92</ele>
      </trkpt>
      <trkpt lat="43.5153" lon="-71.27706">
        <ele>265.01</ele>
      </trkpt>
      <trkpt lat="43.51535" lon="-71.27701">
        <ele>264.22</ele>
      </trkpt>
      <trkpt lat="43.51539" lon="-71.27695">
        <ele>263.8</ele>
      </trkpt>
      <trkpt lat="43.51545" lon="-71.2769">
        <ele>263.14</ele>
      </trkpt>
      <trkpt lat="43.5155" lon="-71.27686">
        <ele>262.6</ele>
      </trkpt>
      <trkpt lat="43.51556" lon="-71.27681">
        <ele>261.95</ele>
      </trkpt>
      <trkpt lat="43.51561" lon="-71.27676">
        <ele>261.41</ele>
      </trkpt>
      <trkpt lat="43.51567" lon="-71.27673">
        <ele>260.45</ele>
      </trkpt>
      <trkpt lat="43.51573" lon="-71.27671">
        <ele>259.58</ele>
      </trkpt>
      <trkpt lat="43.51578" lon="-71.27668">
        <ele>258.66</ele>
      </trkpt>
      <trkpt lat="43.51584" lon="-71.27665">
        <ele>257.93</ele>
      </trkpt>
      <trkpt lat="43.51589" lon="-71.27662">
        <ele>257.39</ele>
      </trkpt>
      <trkpt lat="43.51595" lon="-71.27657">
        <ele>256.45</ele>
      </trkpt>
      <trkpt lat="43.516" lon="-71.27654">
        <ele>255.33</ele>
      </trkpt>
      <trkpt lat="43.51606" lon="-71.27651">
        <ele>254.55</ele>
      </trkpt>
      <trkpt lat="43.51612" lon="-71.27648">
        <ele>253.79</ele>
      </trkpt>
      <trkpt lat="43.51617" lon="-71.27648">
        <ele>252.71</ele>
      </trkpt>
      <trkpt lat="43.51623" lon="-71.27643">
        <ele>251.16</ele>
      </trkpt>
      <trkpt lat="43.51626" lon="-71.27636">
        <ele>250.39</ele>
      </trkpt>
      <trkpt lat="43.5163" lon="-71.27631">
        <ele>249.97</ele>
      </trkpt>
      <trkpt lat="43.51634" lon="-71.27624">
        <ele>249.21</ele>
      </trkpt>
      <trkpt lat="43.51637" lon="-71.27617">
        <ele>249.0</ele>
      </trkpt>
      <trkpt lat="43.51641" lon="-71.27611">
        <ele>248.76</ele>
      </trkpt>
      <trkpt lat="43.51644" lon="-71.27604">
        <ele>248.1</ele>
      </trkpt>
      <trkpt lat="43.51646" lon="-71.27597">
        <ele>248.0</ele>
      </trkpt>
      <trkpt lat="43.51651" lon="-71.27591">
        <ele>247.57</ele>
      </trkpt>
      <trkpt lat="43.51656" lon="-71.27587">
        <ele>247.06</ele>
      </trkpt>
      <trkpt lat="43.51662" lon="-71.27586">
        <ele>246.5</ele>
      </trkpt>
      <trkpt lat="43.51667" lon="-71.27584">
        <ele>245.97</ele>
      </trkpt>
      <trkpt lat="43.51671" lon="-71.27581">
        <ele>245.53</ele>
      </trkpt>
      <trkpt lat="43.51675" lon="-71.27574">
        <ele>245.1</ele>
      </trkpt>
      <trkpt lat="43.5168" lon="-71.27569">
        <ele>244.56</ele>
      </trkpt>
      <trkpt lat="43.51684" lon="-71.27563">
        <ele>243.93</ele>
      </trkpt>
      <trkpt lat="43.5169" lon="-71.27558">
        <ele>242.74</ele>
      </trkpt>
      <trkpt lat="43.51695" lon="-71.27554">
        <ele>241.94</ele>
      </trkpt>
      <trkpt lat="43.517" lon="-71.27548">
        <ele>241.4</ele>
      </trkpt>
      <trkpt lat="43.51704" lon="-71.27542">
        <ele>240.5</ele>
      </trkpt>
      <trkpt lat="43.51708" lon="-71.27537">
        <ele>239.54</ele>
      </trkpt>
      <trkpt lat="43.51712" lon="-71.2753">
        <ele>239.1</ele>
      </trkpt>
      <trkpt lat="43.51715" lon="-71.27524">
        <ele>238.37</ele>
      </trkpt>
      <trkpt lat="43.5172" lon="-71.27518">
        <ele>237.18</ele>
      </trkpt>
      <trkpt lat="43.51723" lon="-71.27511">
        <ele>236.17</ele>
      </trkpt>
      <trkpt lat="43.51726" lon="-71.27505">
        <ele>235.81</ele>
      </trkpt>
      <trkpt lat="43.5173" lon="-71.27498">
        <ele>234.94</ele>
      </trkpt>
      <trkpt lat="43.51733" lon="-71.27492">
        <ele>233.97</ele>
      </trkpt>
      <trkpt lat="43.51736" lon="-71.27485">
        <ele>233.51</ele>
      </trkpt>
      <trkpt lat="43.51741" lon="-71.2748">
        <ele>232.81</ele>
      </trkpt>
      <trkpt lat="43.51745" lon="-71.27474">
        <ele>231.73</ele>
      </trkpt>
      <trkpt lat="43.51751" lon="-71.27469">
        <ele>230.44</ele>
      </trkpt>
      <trkpt lat="43.51756" lon="-71.27465">
        <ele>228.92</ele>
      </trkpt>
      <trkpt lat="43.51762" lon="-71.2746">
        <ele>227.38</ele>
      </trkpt>
      <trkpt lat="43.51768" lon="-71.27455">
        <ele>226.2</ele>
      </trkpt>
      <trkpt lat="43.51773" lon="-71.2745">
        <ele>224.83</ele>
      </trkpt>
      <trkpt lat="43.51779" lon="-71.27446">
        <ele>223.76</ele>
      </trkpt>
      <trkpt lat="43.51784" lon="-71.27441">
        <ele>222.53</ele>
      </trkpt>
      <trkpt lat="43.51789" lon="-71.27435">
        <ele>221.56</ele>
      </trkpt>
      <trkpt lat="43.51793" lon="-71.2743">
        <ele>220.15</ele>
      </trkpt>
      <trkpt lat="43.51798" lon="-71.27424">
        <ele>218.59</ele>
      </trkpt>
      <trkpt lat="43.51802" lon="-71.27418">
        <ele>217.24</ele>
      </trkpt>
      <trkpt lat="43.51807" lon="-71.27413">
        <ele>215.29</ele>
      </trkpt>
      <trkpt lat="43.51812" lon="-71.27408">
        <ele>213.67</ele>
      </trkpt>
      <trkpt lat="43.51818" lon="-71.27405">
        <ele>212.57</ele>
      </trkpt>
      <trkpt lat="43.51823" lon="-71.27402">
        <ele>211.6</ele>
      </trkpt>
      <trkpt lat="43.51829" lon="-71.27399">
        <ele>210.51</ele>
      </trkpt>
      <trkpt lat="43.51831" lon="-71.27399">
        <ele>210.28</ele>
      </trkpt>
      <trkpt lat="43.51834" lon="-71.27398">
        <ele>209.91</ele>
      </trkpt>
      <trkpt lat="43.5184" lon="-71.27397">
        <ele>209.16</ele>
      </trkpt>
      <trkpt lat="43.51845" lon="-71.27394">
        <ele>208.15</ele>
      </trkpt>
      <trkpt lat="43.51851" lon="-71.27392">
        <ele>207.12</ele>
      </trkpt>
      <trkpt lat="43.51857" lon="-71.2739">
        <ele>205.95</ele>
      </trkpt>
      <trkpt lat="43.51862" lon="-71.27388">
        <ele>204.81</ele>
      </trkpt>
      <trkpt lat="43.51868" lon="-71.27385">
        <ele>203.51</ele>
      </trkpt>
      <trkpt lat="43.51873" lon="-71.27384">
        <ele>202.72</ele>
      </trkpt>
      <trkpt lat="43.51879" lon="-71.27383">
        <ele>202.07</ele>
      </trkpt>
      <trkpt lat="43.51884" lon="-71.2738">
        <ele>201.53</ele>
      </trkpt>
      <trkpt lat="43.5189" lon="-71.27377">
        <ele>200.88</ele>
      </trkpt>
      <trkpt lat="43.51896" lon="-71.27376">
        <ele>200.23</ele>
      </trkpt>
      <trkpt lat="43.51901" lon="-71.27372">
        <ele>199.69</ele>
      </trkpt>
      <trkpt lat="43.51907" lon="-71.27372">
        <ele>199.04</ele>
      </trkpt>
      <trkpt lat="43.51912" lon="-71.27371">
        <ele>199.0</ele>
      </trkpt>
      <trkpt lat="43.51918" lon="-71.27375">
        <ele>198.93</ele>
      </trkpt>
      <trkpt lat="43.51921" lon="-71.27376">
        <ele>198.82</ele>
      </trkpt>
      <trkpt lat="43.51922" lon="-71.27378">
        <ele>198.9</ele>
      </trkpt>
      <trkpt lat="43.51922" lon="-71.27378">
        <ele>198.9</ele>
      </trkpt>
    </trkseg>
  </trk>
</gpx>
